customer_id,company_size,industry,region,account_channel,signup_date,plan_name,unit_price,license_count,discount_pct,mrr,tenure_months,teams_adoption_pct,onedrive_gb,support_tickets,copilot_enabled,auto_renewal,churned,churn_probability,churn_risk_tier
MS-10000,SMB (1-50),Financial Services,North America,Azure Enterprise Group,2024-10-26,M365 Business Standard,12.5,39,0.0,487.5,21,61.5,238.6,0,0,1,0,0.064,Low Risk
MS-10001,SMB (1-50),Financial Services,LATAM,Direct Digital,2025-10-03,M365 Business Basic,6.0,14,0.0,84.0,9,33.2,65.9,1,1,1,0,0.047,Low Risk
MS-10002,SMB (1-50),Education,EMEA,Direct Digital,2025-04-26,M365 Business Standard,12.5,32,0.15,340.0,15,86.3,664.1,3,1,0,0,0.046,Low Risk
MS-10003,SMB (1-50),Retail,EMEA,Satya Nadella Team,2026-01-03,M365 Business Premium,22.0,19,0.0,418.0,6,86.1,401.5,4,0,1,0,0.033,Low Risk
MS-10004,Mid-Market (51-500),Financial Services,North America,Azure Enterprise Group,2024-09-22,M365 E3,36.0,259,0.1,8391.6,22,32.4,13717.7,1,1,1,0,0.023,Low Risk
MS-10005,Mid-Market (51-500),Manufacturing,North America,Satya Nadella Team,2025-11-15,M365 Business Basic,6.0,251,0.0,1506.0,8,55.4,760.3,4,1,1,0,0.033,Low Risk
MS-10006,SMB (1-50),Financial Services,North America,Commercial Partner Org,2024-10-11,M365 E3,36.0,26,0.0,936.0,21,75.8,683.8,1,0,1,0,0.028,Low Risk
MS-10007,Mid-Market (51-500),Manufacturing,APAC,Satya Nadella Team,2025-05-16,M365 E3,36.0,178,0.2,5126.4,14,77.4,1648.7,0,0,1,0,0.028,Low Risk
MS-10008,Mid-Market (51-500),Financial Services,EMEA,Azure Enterprise Group,2025-11-25,M365 Business Premium,22.0,103,0.0,2266.0,8,67.9,1106.4,3,1,1,0,0.021,Low Risk
MS-10009,Mid-Market (51-500),Manufacturing,EMEA,Satya Nadella Team,2024-10-18,M365 E3,36.0,394,0.15,12056.4,21,68.3,10714.5,1,0,1,0,0.053,Low Risk
MS-10010,Enterprise (500+),Financial Services,North America,Azure Enterprise Group,2026-01-16,M365 Business Basic,6.0,2007,0.15,10235.7,6,51.1,50000.0,1,1,1,0,0.048,Low Risk
MS-10011,SMB (1-50),Financial Services,LATAM,Direct Digital,2025-01-17,M365 Business Basic,6.0,24,0.2,115.2,18,24.8,373.7,2,1,1,0,0.064,Low Risk
MS-10012,SMB (1-50),Healthcare,APAC,Azure Enterprise Group,2025-03-21,M365 E3,36.0,26,0.2,748.8,16,100.0,133.4,1,1,1,0,0.014,Low Risk
MS-10013,SMB (1-50),Manufacturing,North America,Commercial Partner Org,2026-06-14,M365 Business Standard,12.5,13,0.0,162.5,1,50.6,104.9,1,0,0,0,0.296,Medium Risk
MS-10014,SMB (1-50),Manufacturing,North America,Azure Enterprise Group,2026-01-22,M365 Business Basic,6.0,36,0.2,172.8,6,71.2,412.4,1,0,1,0,0.026,Low Risk
MS-10015,Mid-Market (51-500),Manufacturing,North America,Commercial Partner Org,2026-06-16,M365 Business Premium,22.0,86,0.0,1892.0,1,65.1,1820.4,3,0,1,0,0.04,Low Risk
MS-10016,SMB (1-50),Technology,North America,Commercial Partner Org,2025-06-13,M365 E3,36.0,46,0.1,1490.4,13,84.1,592.2,4,1,0,0,0.052,Low Risk
MS-10017,SMB (1-50),Financial Services,EMEA,Satya Nadella Team,2025-04-21,M365 Business Premium,22.0,23,0.15,430.1,15,70.1,125.5,1,0,1,0,0.025,Low Risk
MS-10018,SMB (1-50),Manufacturing,North America,Commercial Partner Org,2025-07-13,M365 Business Standard,12.5,44,0.15,467.5,12,70.8,285.7,0,1,0,0,0.05,Low Risk
MS-10019,SMB (1-50),Education,North America,Azure Enterprise Group,2025-12-05,M365 Business Standard,12.5,31,0.0,387.5,7,20.6,19.3,4,0,1,0,0.15,Low Risk
MS-10020,Mid-Market (51-500),Technology,EMEA,Direct Digital,2026-07-02,M365 E3,36.0,168,0.0,6048.0,1,53.0,5202.4,2,1,1,0,0.039,Low Risk
MS-10021,Mid-Market (51-500),Healthcare,North America,Azure Enterprise Group,2026-03-04,M365 Business Basic,6.0,187,0.1,1009.8,4,81.4,207.0,0,1,1,0,0.022,Low Risk
MS-10022,SMB (1-50),Manufacturing,North America,Direct Digital,2026-04-10,M365 Business Basic,6.0,14,0.0,84.0,3,79.8,145.7,4,1,1,0,0.028,Low Risk
MS-10023,SMB (1-50),Manufacturing,North America,Commercial Partner Org,2025-07-18,M365 Business Standard,12.5,34,0.1,382.5,12,50.9,837.6,5,1,1,0,0.101,Low Risk
MS-10024,SMB (1-50),Technology,EMEA,Satya Nadella Team,2025-02-22,M365 Business Premium,22.0,25,0.15,467.5,17,39.6,163.9,0,0,1,0,0.083,Low Risk
MS-10025,SMB (1-50),Financial Services,APAC,Commercial Partner Org,2024-10-09,M365 Business Standard,12.5,25,0.15,265.62,21,70.3,483.0,2,1,1,0,0.015,Low Risk
MS-10026,Enterprise (500+),Education,North America,Commercial Partner Org,2025-11-07,M365 Business Standard,12.5,3181,0.0,39762.5,8,15.7,50000.0,1,0,1,0,0.093,Low Risk
MS-10027,SMB (1-50),Healthcare,EMEA,Direct Digital,2025-12-29,M365 Business Basic,6.0,13,0.1,70.2,7,47.3,10.0,0,0,1,0,0.119,Low Risk
MS-10028,Mid-Market (51-500),Manufacturing,EMEA,Azure Enterprise Group,2026-04-08,M365 Business Basic,6.0,495,0.0,2970.0,3,99.7,3155.8,1,0,1,0,0.036,Low Risk
MS-10029,Enterprise (500+),Financial Services,North America,Satya Nadella Team,2024-10-28,M365 Business Standard,12.5,1940,0.1,21825.0,21,94.0,27342.3,4,0,1,0,0.028,Low Risk
MS-10030,SMB (1-50),Education,EMEA,Satya Nadella Team,2026-01-09,M365 Business Standard,12.5,25,0.0,312.5,6,76.8,164.6,3,1,1,0,0.016,Low Risk
MS-10031,SMB (1-50),Education,North America,Satya Nadella Team,2026-04-24,M365 Business Premium,22.0,24,0.15,448.8,3,73.5,226.9,3,1,1,0,0.017,Low Risk
MS-10032,Enterprise (500+),Healthcare,North America,Satya Nadella Team,2025-01-12,M365 Business Standard,12.5,1214,0.0,15175.0,18,32.9,13148.1,1,1,1,0,0.021,Low Risk
MS-10033,Mid-Market (51-500),Retail,LATAM,Azure Enterprise Group,2026-06-17,M365 Business Standard,12.5,487,0.0,6087.5,1,54.7,958.2,5,1,0,1,0.587,High Risk
MS-10034,SMB (1-50),Education,LATAM,Satya Nadella Team,2026-01-22,M365 Business Standard,12.5,40,0.1,450.0,6,62.7,254.9,3,0,1,0,0.08,Low Risk
MS-10035,Mid-Market (51-500),Retail,APAC,Direct Digital,2026-04-30,M365 Business Standard,12.5,89,0.0,1112.5,3,55.1,30.8,2,0,1,0,0.122,Low Risk
MS-10036,Mid-Market (51-500),Education,North America,Direct Digital,2025-02-03,M365 Business Basic,6.0,459,0.0,2754.0,17,61.7,892.7,2,0,1,0,0.056,Low Risk
MS-10037,SMB (1-50),Healthcare,North America,Satya Nadella Team,2025-03-20,M365 Business Basic,6.0,35,0.1,189.0,16,91.4,301.5,1,0,1,0,0.04,Low Risk
MS-10038,Enterprise (500+),Technology,EMEA,Satya Nadella Team,2026-01-12,M365 Business Standard,12.5,3482,0.0,43525.0,6,58.2,35614.4,1,0,0,1,0.399,Medium Risk
MS-10039,SMB (1-50),Healthcare,North America,Azure Enterprise Group,2025-10-07,M365 E5,57.0,20,0.0,1140.0,9,61.9,37.9,0,1,1,0,0.025,Low Risk
MS-10040,Mid-Market (51-500),Healthcare,North America,Azure Enterprise Group,2026-01-09,M365 Business Standard,12.5,152,0.0,1900.0,6,81.3,2570.1,0,1,1,0,0.025,Low Risk
MS-10041,Enterprise (500+),Technology,EMEA,Satya Nadella Team,2026-01-01,M365 E5,57.0,2795,0.0,159315.0,6,42.4,15656.1,0,0,0,1,0.341,Medium Risk
MS-10042,Mid-Market (51-500),Technology,North America,Azure Enterprise Group,2025-02-07,M365 Business Standard,12.5,465,0.1,5231.25,17,52.9,14139.1,2,1,1,0,0.028,Low Risk
MS-10043,SMB (1-50),Financial Services,APAC,Commercial Partner Org,2025-03-30,M365 Business Standard,12.5,39,0.0,487.5,16,54.7,229.5,1,0,1,0,0.071,Low Risk
MS-10044,SMB (1-50),Education,North America,Satya Nadella Team,2025-11-27,M365 E3,36.0,17,0.0,612.0,8,69.0,33.1,2,0,1,0,0.035,Low Risk
MS-10045,Mid-Market (51-500),Financial Services,EMEA,Azure Enterprise Group,2026-07-16,M365 Business Basic,6.0,410,0.1,2214.0,1,61.8,6980.0,1,0,1,0,0.092,Low Risk
MS-10046,Mid-Market (51-500),Technology,North America,Direct Digital,2024-11-09,M365 Business Basic,6.0,315,0.2,1512.0,20,62.4,3170.9,0,1,1,0,0.022,Low Risk
MS-10047,Mid-Market (51-500),Retail,EMEA,Satya Nadella Team,2025-07-11,M365 E5,57.0,307,0.0,17499.0,12,56.0,1801.0,0,0,1,0,0.076,Low Risk
MS-10048,Enterprise (500+),Retail,EMEA,Satya Nadella Team,2025-11-05,M365 Business Standard,12.5,555,0.2,5550.0,8,48.7,2930.3,2,1,1,0,0.033,Low Risk
MS-10049,Enterprise (500+),Healthcare,North America,Direct Digital,2025-09-17,M365 Business Basic,6.0,3034,0.0,18204.0,10,79.0,5949.9,2,1,1,0,0.013,Low Risk
MS-10050,SMB (1-50),Manufacturing,LATAM,Direct Digital,2026-06-19,M365 Business Basic,6.0,44,0.15,224.4,1,61.9,220.1,0,1,0,0,0.084,Low Risk
MS-10051,SMB (1-50),Healthcare,APAC,Azure Enterprise Group,2025-02-14,M365 E5,57.0,37,0.0,2109.0,17,79.1,13.2,3,1,1,0,0.026,Low Risk
MS-10052,SMB (1-50),Healthcare,LATAM,Direct Digital,2025-09-26,M365 E3,36.0,32,0.2,921.6,10,48.0,268.0,0,0,1,0,0.104,Low Risk
MS-10053,Mid-Market (51-500),Manufacturing,APAC,Commercial Partner Org,2025-07-16,M365 Business Standard,12.5,60,0.15,637.5,12,56.0,1634.7,2,0,1,0,0.081,Low Risk
MS-10054,Mid-Market (51-500),Education,EMEA,Satya Nadella Team,2024-12-26,M365 Business Basic,6.0,194,0.0,1164.0,19,64.0,3693.0,2,0,1,0,0.038,Low Risk
MS-10055,Mid-Market (51-500),Technology,APAC,Commercial Partner Org,2026-07-29,M365 E3,36.0,481,0.0,17316.0,1,65.7,167.0,2,1,1,0,0.021,Low Risk
MS-10056,SMB (1-50),Retail,North America,Azure Enterprise Group,2026-01-25,M365 Business Standard,12.5,36,0.0,450.0,6,81.6,920.5,4,0,1,0,0.035,Low Risk
MS-10057,SMB (1-50),Healthcare,North America,Direct Digital,2025-03-22,M365 Business Standard,12.5,13,0.0,162.5,16,60.3,93.9,3,1,1,0,0.029,Low Risk
MS-10058,SMB (1-50),Manufacturing,North America,Satya Nadella Team,2025-02-09,M365 Business Premium,22.0,38,0.1,752.4,17,81.4,96.6,1,1,0,0,0.056,Low Risk
MS-10059,Mid-Market (51-500),Financial Services,North America,Direct Digital,2025-12-06,M365 Business Standard,12.5,125,0.0,1562.5,7,74.7,2094.0,0,0,1,0,0.03,Low Risk
MS-10060,SMB (1-50),Healthcare,North America,Direct Digital,2026-03-09,M365 Business Premium,22.0,8,0.1,158.4,4,66.1,37.4,1,0,1,1,0.065,Low Risk
MS-10061,SMB (1-50),Retail,North America,Azure Enterprise Group,2025-03-20,M365 E3,36.0,33,0.0,1188.0,16,50.9,115.7,2,0,1,0,0.071,Low Risk
MS-10062,SMB (1-50),Technology,APAC,Azure Enterprise Group,2025-04-19,M365 E3,36.0,19,0.0,684.0,15,81.6,40.1,3,0,1,0,0.029,Low Risk
MS-10063,Mid-Market (51-500),Healthcare,North America,Azure Enterprise Group,2026-01-29,M365 Business Standard,12.5,129,0.0,1612.5,6,51.3,1032.1,0,0,1,0,0.117,Low Risk
MS-10064,SMB (1-50),Healthcare,North America,Azure Enterprise Group,2025-03-25,M365 Business Standard,12.5,23,0.0,287.5,16,67.6,27.1,1,1,1,0,0.018,Low Risk
MS-10065,Mid-Market (51-500),Education,EMEA,Satya Nadella Team,2025-07-28,M365 Business Standard,12.5,482,0.0,6025.0,12,67.0,8907.2,0,0,1,0,0.036,Low Risk
MS-10066,Mid-Market (51-500),Manufacturing,North America,Commercial Partner Org,2026-04-29,M365 Business Standard,12.5,437,0.1,4916.25,3,64.3,3336.0,2,0,1,0,0.033,Low Risk
MS-10067,Mid-Market (51-500),Financial Services,APAC,Commercial Partner Org,2025-08-13,M365 Business Standard,12.5,450,0.15,4781.25,11,61.0,3198.7,2,0,1,0,0.086,Low Risk
MS-10068,Mid-Market (51-500),Financial Services,North America,Satya Nadella Team,2025-08-15,M365 Business Standard,12.5,257,0.0,3212.5,11,53.2,10.0,1,1,1,0,0.04,Low Risk
MS-10069,SMB (1-50),Technology,LATAM,Direct Digital,2025-02-07,M365 Business Basic,6.0,41,0.0,246.0,17,38.9,837.9,3,0,0,1,0.257,Medium Risk
MS-10070,SMB (1-50),Retail,APAC,Satya Nadella Team,2026-05-18,M365 Business Basic,6.0,32,0.0,192.0,2,93.3,260.7,0,1,1,0,0.022,Low Risk
MS-10071,Enterprise (500+),Technology,North America,Commercial Partner Org,2025-05-10,M365 Business Standard,12.5,2936,0.2,29360.0,14,59.1,20421.5,2,0,1,0,0.06,Low Risk
MS-10072,Mid-Market (51-500),Healthcare,North America,Commercial Partner Org,2025-04-10,M365 Business Premium,22.0,266,0.1,5266.8,15,65.7,4573.8,2,1,0,0,0.029,Low Risk
MS-10073,Enterprise (500+),Healthcare,APAC,Satya Nadella Team,2026-04-29,M365 Business Premium,22.0,750,0.1,14850.0,3,65.6,584.7,0,1,1,0,0.019,Low Risk
MS-10074,Mid-Market (51-500),Financial Services,EMEA,Azure Enterprise Group,2025-09-29,M365 Business Standard,12.5,379,0.0,4737.5,10,87.7,2077.4,3,0,1,0,0.029,Low Risk
MS-10075,SMB (1-50),Retail,EMEA,Direct Digital,2025-10-01,M365 Business Premium,22.0,41,0.0,902.0,10,100.0,421.8,1,0,1,0,0.034,Low Risk
MS-10076,SMB (1-50),Manufacturing,APAC,Satya Nadella Team,2025-02-14,M365 Business Premium,22.0,8,0.0,176.0,17,70.9,59.3,0,0,1,0,0.022,Low Risk
MS-10077,Mid-Market (51-500),Retail,North America,Commercial Partner Org,2025-11-26,M365 Business Standard,12.5,125,0.1,1406.25,8,65.2,300.7,0,0,0,1,0.209,Medium Risk
MS-10078,SMB (1-50),Healthcare,North America,Azure Enterprise Group,2025-01-16,M365 Business Basic,6.0,36,0.2,172.8,18,47.8,153.6,2,1,1,0,0.022,Low Risk
MS-10079,SMB (1-50),Manufacturing,North America,Direct Digital,2025-03-29,M365 Business Standard,12.5,49,0.0,612.5,16,42.0,209.9,2,1,1,0,0.024,Low Risk
MS-10080,Mid-Market (51-500),Retail,APAC,Commercial Partner Org,2026-04-08,M365 Business Standard,12.5,227,0.1,2553.75,3,36.1,13142.4,5,0,0,1,0.616,High Risk
MS-10081,SMB (1-50),Retail,EMEA,Direct Digital,2025-04-02,M365 Business Basic,6.0,45,0.0,270.0,15,53.7,213.2,1,0,1,0,0.076,Low Risk
MS-10082,SMB (1-50),Manufacturing,North America,Azure Enterprise Group,2025-08-26,M365 E5,57.0,20,0.1,1026.0,11,30.4,55.1,2,1,0,1,0.351,Medium Risk
MS-10083,Mid-Market (51-500),Healthcare,North America,Commercial Partner Org,2026-06-25,M365 Business Standard,12.5,361,0.1,4061.25,1,87.4,7492.4,2,1,1,0,0.02,Low Risk
MS-10084,Mid-Market (51-500),Retail,North America,Azure Enterprise Group,2025-04-23,M365 Business Premium,22.0,161,0.0,3542.0,15,75.6,1056.3,2,0,0,0,0.157,Low Risk
MS-10085,SMB (1-50),Manufacturing,North America,Satya Nadella Team,2025-10-02,M365 Business Standard,12.5,36,0.1,405.0,9,63.5,253.5,1,0,1,0,0.093,Low Risk
MS-10086,Mid-Market (51-500),Education,EMEA,Satya Nadella Team,2025-07-01,M365 Business Basic,6.0,284,0.0,1704.0,13,88.0,2712.9,0,0,1,0,0.03,Low Risk
MS-10087,Enterprise (500+),Education,EMEA,Direct Digital,2024-12-18,M365 Business Basic,6.0,2850,0.1,15390.0,19,48.7,30970.5,4,0,1,0,0.066,Low Risk
MS-10088,SMB (1-50),Healthcare,APAC,Azure Enterprise Group,2025-09-25,M365 Business Premium,22.0,13,0.0,286.0,10,53.2,139.3,5,0,1,0,0.284,Medium Risk
MS-10089,SMB (1-50),Manufacturing,EMEA,Azure Enterprise Group,2024-12-29,M365 Business Basic,6.0,26,0.0,156.0,19,33.2,11.0,1,1,1,0,0.03,Low Risk
MS-10090,SMB (1-50),Education,North America,Direct Digital,2026-05-03,M365 Business Basic,6.0,16,0.0,96.0,2,81.9,328.0,2,1,1,0,0.019,Low Risk
MS-10091,Mid-Market (51-500),Manufacturing,EMEA,Direct Digital,2025-03-29,M365 E5,57.0,346,0.15,16763.7,16,53.4,899.9,3,1,1,0,0.033,Low Risk
MS-10092,SMB (1-50),Retail,APAC,Direct Digital,2025-11-01,M365 Business Standard,12.5,34,0.0,425.0,8,68.3,141.1,1,0,0,0,0.199,Low Risk
MS-10093,Enterprise (500+),Healthcare,EMEA,Satya Nadella Team,2026-02-26,M365 Business Basic,6.0,2887,0.0,17322.0,5,86.0,6598.6,1,0,0,1,0.21,Medium Risk
MS-10094,Mid-Market (51-500),Education,APAC,Direct Digital,2025-07-27,M365 Business Standard,12.5,57,0.0,712.5,12,92.7,996.6,2,1,1,0,0.019,Low Risk
MS-10095,Mid-Market (51-500),Retail,EMEA,Satya Nadella Team,2025-04-14,M365 Business Premium,22.0,142,0.0,3124.0,15,67.5,1493.1,0,0,1,0,0.035,Low Risk
MS-10096,Enterprise (500+),Technology,EMEA,Direct Digital,2026-05-28,M365 Business Standard,12.5,1855,0.1,20868.75,2,74.9,31335.5,2,1,1,0,0.016,Low Risk
MS-10097,Enterprise (500+),Technology,North America,Azure Enterprise Group,2025-01-25,M365 Business Basic,6.0,1794,0.1,9687.6,18,51.7,22810.6,0,0,1,0,0.072,Low Risk
MS-10098,SMB (1-50),Healthcare,North America,Azure Enterprise Group,2025-08-06,M365 Business Standard,12.5,18,0.2,180.0,11,98.3,23.8,3,1,1,0,0.015,Low Risk
MS-10099,SMB (1-50),Education,North America,Direct Digital,2026-03-18,M365 Business Basic,6.0,48,0.2,230.4,4,65.0,206.7,2,0,1,0,0.034,Low Risk
MS-10100,Mid-Market (51-500),Education,North America,Direct Digital,2025-02-27,M365 Business Premium,22.0,146,0.0,3212.0,17,69.4,1240.0,2,1,1,0,0.013,Low Risk
MS-10101,SMB (1-50),Education,EMEA,Satya Nadella Team,2025-06-17,M365 Business Premium,22.0,42,0.0,924.0,13,60.7,183.3,0,0,1,0,0.075,Low Risk
MS-10102,SMB (1-50),Manufacturing,North America,Commercial Partner Org,2025-03-06,M365 Business Basic,6.0,30,0.0,180.0,16,89.6,83.6,0,0,0,0,0.149,Low Risk
MS-10103,Mid-Market (51-500),Retail,EMEA,Satya Nadella Team,2025-12-30,M365 Business Standard,12.5,478,0.15,5078.75,7,71.6,11694.4,2,1,1,0,0.025,Low Risk
MS-10104,Enterprise (500+),Education,APAC,Azure Enterprise Group,2025-08-03,M365 Business Standard,12.5,3107,0.0,38837.5,11,81.7,50000.0,6,0,0,0,0.311,Medium Risk
MS-10105,SMB (1-50),Retail,North America,Direct Digital,2024-12-17,M365 Business Premium,22.0,20,0.1,396.0,19,74.4,101.6,1,0,1,0,0.025,Low Risk
MS-10106,Mid-Market (51-500),Healthcare,North America,Azure Enterprise Group,2025-01-04,M365 Business Standard,12.5,170,0.1,1912.5,18,64.0,2954.4,1,1,0,0,0.038,Low Risk
MS-10107,SMB (1-50),Education,APAC,Commercial Partner Org,2024-10-04,M365 Business Standard,12.5,36,0.0,450.0,21,84.7,426.7,1,0,1,0,0.03,Low Risk
MS-10108,Mid-Market (51-500),Healthcare,North America,Satya Nadella Team,2025-11-12,M365 E5,57.0,400,0.1,20520.0,8,74.2,18.2,1,0,1,0,0.03,Low Risk
MS-10109,SMB (1-50),Education,North America,Azure Enterprise Group,2025-06-03,M365 Business Basic,6.0,35,0.0,210.0,13,50.7,201.0,1,1,1,0,0.022,Low Risk
MS-10110,Enterprise (500+),Technology,North America,Satya Nadella Team,2026-01-07,M365 E5,57.0,1386,0.0,79002.0,6,50.2,5707.7,1,0,1,0,0.092,Low Risk
MS-10111,SMB (1-50),Financial Services,North America,Direct Digital,2025-03-01,M365 Business Basic,6.0,45,0.0,270.0,17,70.7,132.7,2,0,1,0,0.031,Low Risk
MS-10112,Mid-Market (51-500),Healthcare,APAC,Azure Enterprise Group,2025-04-27,M365 Business Standard,12.5,472,0.0,5900.0,15,84.3,1641.4,2,1,1,0,0.014,Low Risk
MS-10113,SMB (1-50),Education,APAC,Commercial Partner Org,2025-08-14,M365 Business Standard,12.5,29,0.0,362.5,11,97.5,993.1,5,0,1,0,0.094,Low Risk
MS-10114,SMB (1-50),Financial Services,EMEA,Satya Nadella Team,2025-01-24,M365 Business Basic,6.0,34,0.15,173.4,18,36.0,271.8,2,0,0,1,0.356,Medium Risk
MS-10115,SMB (1-50),Healthcare,APAC,Satya Nadella Team,2024-10-14,M365 Business Basic,6.0,11,0.15,56.1,21,68.5,248.4,1,0,1,0,0.027,Low Risk
MS-10116,SMB (1-50),Manufacturing,APAC,Commercial Partner Org,2026-01-12,M365 Business Standard,12.5,16,0.15,170.0,6,76.8,46.3,1,1,0,0,0.043,Low Risk
MS-10117,SMB (1-50),Education,North America,Azure Enterprise Group,2025-06-22,M365 E5,57.0,7,0.0,399.0,13,73.3,16.1,2,0,1,0,0.036,Low Risk
MS-10118,SMB (1-50),Manufacturing,APAC,Azure Enterprise Group,2026-02-13,M365 Business Standard,12.5,31,0.0,387.5,5,86.2,817.0,0,0,1,0,0.031,Low Risk
MS-10119,Mid-Market (51-500),Technology,EMEA,Satya Nadella Team,2025-03-30,M365 Business Premium,22.0,285,0.0,6270.0,16,79.8,2341.3,0,0,1,0,0.026,Low Risk
MS-10120,Mid-Market (51-500),Education,APAC,Commercial Partner Org,2025-10-07,M365 Business Premium,22.0,496,0.1,9820.8,9,50.3,13423.2,1,0,0,1,0.343,Medium Risk
MS-10121,SMB (1-50),Technology,APAC,Satya Nadella Team,2025-04-19,M365 Business Premium,22.0,41,0.0,902.0,15,49.7,32.0,2,1,0,0,0.212,Medium Risk
MS-10122,Mid-Market (51-500),Financial Services,North America,Satya Nadella Team,2025-08-05,M365 Business Premium,22.0,445,0.0,9790.0,11,73.6,13254.6,2,1,1,0,0.013,Low Risk
MS-10123,SMB (1-50),Healthcare,North America,Direct Digital,2024-09-05,M365 Business Standard,12.5,46,0.0,575.0,22,85.8,296.4,2,0,1,0,0.031,Low Risk
MS-10124,Mid-Market (51-500),Retail,North America,Azure Enterprise Group,2025-07-08,M365 Business Basic,6.0,486,0.1,2624.4,12,70.6,984.8,1,1,1,0,0.015,Low Risk
MS-10125,SMB (1-50),Technology,North America,Azure Enterprise Group,2025-02-09,M365 Business Standard,12.5,20,0.0,250.0,17,39.6,276.0,0,1,1,0,0.028,Low Risk
MS-10126,Mid-Market (51-500),Retail,APAC,Direct Digital,2025-04-04,M365 Business Basic,6.0,64,0.2,307.2,15,49.2,1224.2,2,1,1,0,0.022,Low Risk
MS-10127,SMB (1-50),Retail,APAC,Azure Enterprise Group,2026-05-05,M365 Business Basic,6.0,12,0.1,64.8,2,80.4,10.0,2,1,1,0,0.047,Low Risk
MS-10128,Enterprise (500+),Healthcare,North America,Azure Enterprise Group,2025-02-18,M365 Business Basic,6.0,1634,0.0,9804.0,17,61.7,50000.0,2,0,1,0,0.052,Low Risk
MS-10129,SMB (1-50),Financial Services,EMEA,Azure Enterprise Group,2025-05-10,M365 E5,57.0,15,0.0,855.0,14,70.1,214.9,3,0,1,0,0.028,Low Risk
MS-10130,SMB (1-50),Healthcare,North America,Commercial Partner Org,2026-07-13,M365 E5,57.0,24,0.0,1368.0,1,87.2,111.7,0,1,1,0,0.023,Low Risk
MS-10131,SMB (1-50),Education,North America,Direct Digital,2024-10-08,M365 Business Basic,6.0,22,0.0,132.0,21,46.4,43.3,1,0,1,0,0.074,Low Risk
MS-10132,Enterprise (500+),Technology,North America,Satya Nadella Team,2025-04-16,M365 Business Basic,6.0,2614,0.0,15684.0,15,60.5,15635.5,2,1,1,0,0.017,Low Risk
MS-10133,Mid-Market (51-500),Retail,North America,Commercial Partner Org,2026-05-30,M365 Business Basic,6.0,218,0.1,1177.2,2,58.6,651.9,1,1,1,0,0.03,Low Risk
MS-10134,Mid-Market (51-500),Healthcare,LATAM,Satya Nadella Team,2025-06-05,M365 Business Standard,12.5,428,0.1,4815.0,13,74.4,3500.3,1,0,0,1,0.185,Low Risk
MS-10135,Enterprise (500+),Healthcare,North America,Direct Digital,2025-06-12,M365 Business Basic,6.0,1610,0.0,9660.0,13,81.9,29419.9,0,0,1,0,0.024,Low Risk
MS-10136,Enterprise (500+),Healthcare,EMEA,Direct Digital,2026-01-23,M365 E5,57.0,584,0.1,29959.2,6,41.4,7563.0,0,1,1,0,0.045,Low Risk
MS-10137,Mid-Market (51-500),Technology,EMEA,Direct Digital,2026-06-11,M365 Business Basic,6.0,132,0.2,633.6,1,67.9,907.0,1,0,1,0,0.036,Low Risk
MS-10138,SMB (1-50),Financial Services,North America,Azure Enterprise Group,2025-09-01,M365 Business Basic,6.0,8,0.1,43.2,10,83.6,12.2,2,1,1,0,0.046,Low Risk
MS-10139,Mid-Market (51-500),Healthcare,LATAM,Commercial Partner Org,2026-05-13,M365 Business Basic,6.0,366,0.2,1756.8,2,34.6,13835.7,3,0,1,1,0.187,Low Risk
MS-10140,SMB (1-50),Technology,LATAM,Direct Digital,2024-11-07,M365 E5,57.0,47,0.0,2679.0,20,66.8,177.8,1,1,1,0,0.017,Low Risk
MS-10141,Mid-Market (51-500),Retail,North America,Satya Nadella Team,2024-12-13,M365 E5,57.0,283,0.0,16131.0,19,46.1,1105.4,3,0,1,0,0.076,Low Risk
MS-10142,Mid-Market (51-500),Education,EMEA,Azure Enterprise Group,2025-10-06,M365 Business Premium,22.0,165,0.0,3630.0,9,56.5,2053.4,0,1,1,0,0.028,Low Risk
MS-10143,Mid-Market (51-500),Manufacturing,North America,Azure Enterprise Group,2025-05-04,M365 Business Standard,12.5,302,0.2,3020.0,14,22.9,5334.1,3,0,1,0,0.095,Low Risk
MS-10144,Mid-Market (51-500),Technology,North America,Commercial Partner Org,2026-07-09,M365 Business Basic,6.0,339,0.0,2034.0,1,93.1,16860.9,3,0,1,0,0.047,Low Risk
MS-10145,Mid-Market (51-500),Manufacturing,North America,Commercial Partner Org,2025-03-11,M365 Business Basic,6.0,99,0.2,475.2,16,61.6,4133.1,1,1,0,0,0.063,Low Risk
MS-10146,Enterprise (500+),Healthcare,EMEA,Commercial Partner Org,2026-06-06,M365 Business Standard,12.5,2954,0.0,36925.0,1,53.5,50000.0,3,1,1,0,0.03,Low Risk
MS-10147,SMB (1-50),Healthcare,EMEA,Azure Enterprise Group,2025-06-23,M365 E3,36.0,36,0.0,1296.0,13,73.9,246.9,0,0,1,0,0.028,Low Risk
MS-10148,SMB (1-50),Technology,North America,Direct Digital,2025-01-22,M365 Business Standard,12.5,26,0.0,325.0,18,49.2,56.9,2,1,1,0,0.024,Low Risk
MS-10149,Mid-Market (51-500),Manufacturing,North America,Satya Nadella Team,2024-09-26,M365 Business Standard,12.5,322,0.0,4025.0,22,47.5,3393.4,3,0,1,0,0.077,Low Risk
MS-10150,Enterprise (500+),Healthcare,APAC,Direct Digital,2025-05-09,M365 Business Premium,22.0,1310,0.0,28820.0,14,95.2,273.6,0,0,1,0,0.043,Low Risk
MS-10151,SMB (1-50),Retail,North America,Satya Nadella Team,2026-04-30,M365 Business Basic,6.0,29,0.1,156.6,3,100.0,76.0,5,1,1,0,0.079,Low Risk
MS-10152,SMB (1-50),Financial Services,North America,Direct Digital,2026-05-08,M365 Business Premium,22.0,9,0.0,198.0,2,57.3,10.0,2,0,1,0,0.143,Low Risk
MS-10153,SMB (1-50),Financial Services,EMEA,Commercial Partner Org,2025-03-12,M365 Business Standard,12.5,18,0.1,202.5,16,87.2,43.0,2,1,0,0,0.04,Low Risk
MS-10154,SMB (1-50),Healthcare,LATAM,Satya Nadella Team,2025-09-16,M365 Business Basic,6.0,39,0.1,210.6,10,74.4,301.3,1,0,1,0,0.028,Low Risk
MS-10155,Enterprise (500+),Manufacturing,North America,Azure Enterprise Group,2024-09-02,M365 Business Standard,12.5,1409,0.2,14090.0,22,42.6,8450.0,2,1,1,0,0.024,Low Risk
MS-10156,Mid-Market (51-500),Education,EMEA,Satya Nadella Team,2026-04-26,M365 E5,57.0,281,0.0,16017.0,3,51.3,1554.2,1,0,1,0,0.127,Low Risk
MS-10157,Mid-Market (51-500),Healthcare,APAC,Azure Enterprise Group,2024-10-15,M365 Business Standard,12.5,313,0.0,3912.5,21,95.9,6676.6,2,1,1,0,0.013,Low Risk
MS-10158,Mid-Market (51-500),Education,North America,Direct Digital,2024-09-03,M365 Business Standard,12.5,476,0.0,5950.0,22,42.3,6419.8,4,0,1,0,0.08,Low Risk
MS-10159,Mid-Market (51-500),Education,EMEA,Commercial Partner Org,2025-11-23,M365 Business Basic,6.0,336,0.0,2016.0,8,100.0,11110.7,4,1,1,0,0.048,Low Risk
MS-10160,SMB (1-50),Manufacturing,North America,Satya Nadella Team,2026-03-30,M365 Business Premium,22.0,39,0.0,858.0,4,57.7,275.8,1,1,1,0,0.031,Low Risk
MS-10161,SMB (1-50),Education,EMEA,Azure Enterprise Group,2025-01-13,M365 E3,36.0,27,0.1,874.8,18,96.5,103.0,5,1,1,0,0.042,Low Risk
MS-10162,SMB (1-50),Retail,EMEA,Direct Digital,2025-06-18,M365 Business Standard,12.5,9,0.1,101.25,13,62.5,14.1,2,0,1,0,0.066,Low Risk
MS-10163,SMB (1-50),Manufacturing,EMEA,Commercial Partner Org,2025-06-05,M365 Business Basic,6.0,39,0.15,198.9,13,82.4,521.7,0,0,1,0,0.027,Low Risk
MS-10164,SMB (1-50),Healthcare,North America,Commercial Partner Org,2025-02-23,M365 E5,57.0,33,0.15,1598.85,17,93.1,730.0,0,1,1,0,0.018,Low Risk
MS-10165,SMB (1-50),Retail,APAC,Commercial Partner Org,2025-06-09,M365 Business Premium,22.0,9,0.0,198.0,13,93.0,21.9,5,0,1,0,0.165,Low Risk
MS-10166,SMB (1-50),Technology,North America,Direct Digital,2024-12-29,M365 Business Premium,22.0,7,0.2,123.2,19,57.5,177.2,0,1,1,0,0.029,Low Risk
MS-10167,SMB (1-50),Financial Services,North America,Direct Digital,2025-02-21,M365 Business Standard,12.5,10,0.0,125.0,17,52.6,89.7,3,0,1,0,0.095,Low Risk
MS-10168,Mid-Market (51-500),Healthcare,North America,Direct Digital,2025-11-13,M365 Business Basic,6.0,487,0.15,2483.7,8,66.5,909.2,2,0,1,0,0.036,Low Risk
MS-10169,SMB (1-50),Healthcare,EMEA,Commercial Partner Org,2025-12-03,M365 Business Premium,22.0,6,0.0,132.0,7,44.6,74.1,0,1,1,0,0.057,Low Risk
MS-10170,Enterprise (500+),Healthcare,EMEA,Satya Nadella Team,2026-05-23,M365 Business Standard,12.5,2798,0.2,27980.0,2,72.3,24647.4,1,1,1,0,0.018,Low Risk
MS-10171,SMB (1-50),Retail,North America,Azure Enterprise Group,2025-08-07,M365 Business Standard,12.5,34,0.0,425.0,11,53.2,11.7,1,0,0,1,0.384,Medium Risk
MS-10172,Mid-Market (51-500),Technology,EMEA,Direct Digital,2026-07-29,M365 Business Basic,6.0,395,0.1,2133.0,1,87.5,2415.3,1,1,1,0,0.043,Low Risk
MS-10173,Enterprise (500+),Manufacturing,North America,Satya Nadella Team,2024-12-30,M365 Business Standard,12.5,1043,0.0,13037.5,19,57.7,19226.2,1,0,1,0,0.069,Low Risk
MS-10174,Enterprise (500+),Technology,EMEA,Azure Enterprise Group,2026-03-29,M365 E3,36.0,3180,0.0,114480.0,4,36.6,30933.8,2,0,1,0,0.107,Low Risk
MS-10175,Enterprise (500+),Retail,North America,Commercial Partner Org,2026-06-23,M365 E5,57.0,1603,0.0,91371.0,1,93.2,6373.7,1,1,1,0,0.017,Low Risk
MS-10176,SMB (1-50),Healthcare,EMEA,Satya Nadella Team,2026-01-06,M365 Business Basic,6.0,14,0.1,75.6,6,71.3,443.5,0,1,1,0,0.019,Low Risk
MS-10177,SMB (1-50),Financial Services,North America,Commercial Partner Org,2025-06-03,M365 Business Premium,22.0,45,0.0,990.0,13,68.5,146.6,1,1,1,0,0.018,Low Risk
MS-10178,SMB (1-50),Healthcare,LATAM,Azure Enterprise Group,2024-09-29,M365 Business Premium,22.0,48,0.0,1056.0,22,87.7,167.8,2,0,0,1,0.22,Medium Risk
MS-10179,SMB (1-50),Manufacturing,North America,Direct Digital,2026-07-17,M365 E3,36.0,30,0.0,1080.0,1,83.7,157.7,4,1,1,0,0.026,Low Risk
MS-10180,SMB (1-50),Education,North America,Commercial Partner Org,2025-05-02,M365 E3,36.0,37,0.1,1198.8,15,54.3,998.7,4,0,1,0,0.083,Low Risk
MS-10181,Enterprise (500+),Financial Services,North America,Satya Nadella Team,2025-07-18,M365 E5,57.0,3492,0.0,199044.0,12,59.9,29689.6,1,0,0,0,0.296,Medium Risk
MS-10182,Mid-Market (51-500),Healthcare,APAC,Direct Digital,2026-06-05,M365 E5,57.0,391,0.1,20058.3,1,48.0,5378.3,1,0,1,0,0.112,Low Risk
MS-10183,Mid-Market (51-500),Financial Services,APAC,Satya Nadella Team,2025-08-18,M365 Business Basic,6.0,82,0.2,393.6,11,41.6,3680.9,2,1,1,0,0.023,Low Risk
MS-10184,Enterprise (500+),Education,North America,Azure Enterprise Group,2026-02-14,M365 Business Premium,22.0,2618,0.2,46076.8,5,78.4,48042.1,2,1,1,0,0.019,Low Risk
MS-10185,Mid-Market (51-500),Technology,EMEA,Azure Enterprise Group,2024-11-20,M365 Business Standard,12.5,168,0.0,2100.0,20,75.1,382.0,2,0,1,0,0.031,Low Risk
MS-10186,Mid-Market (51-500),Retail,APAC,Direct Digital,2025-06-20,M365 Business Basic,6.0,427,0.0,2562.0,13,81.7,7956.8,2,0,1,0,0.036,Low Risk
MS-10187,Mid-Market (51-500),Healthcare,EMEA,Satya Nadella Team,2025-06-21,M365 Business Basic,6.0,65,0.0,390.0,13,91.1,1076.1,1,0,1,1,0.039,Low Risk
MS-10188,SMB (1-50),Manufacturing,EMEA,Satya Nadella Team,2026-01-10,M365 Business Basic,6.0,16,0.15,81.6,6,81.9,50.8,1,0,1,0,0.024,Low Risk
MS-10189,SMB (1-50),Technology,North America,Satya Nadella Team,2025-12-02,M365 E3,36.0,43,0.0,1548.0,7,83.5,203.1,2,0,1,0,0.032,Low Risk
MS-10190,Enterprise (500+),Healthcare,North America,Satya Nadella Team,2026-07-14,M365 Business Standard,12.5,1067,0.0,13337.5,1,30.6,15855.4,1,1,1,0,0.039,Low Risk
MS-10191,Enterprise (500+),Technology,APAC,Azure Enterprise Group,2026-03-12,M365 E3,36.0,1191,0.0,42876.0,4,62.5,3892.1,2,1,1,0,0.02,Low Risk
MS-10192,Enterprise (500+),Manufacturing,APAC,Satya Nadella Team,2024-10-30,M365 Business Premium,22.0,1634,0.15,30555.8,21,85.4,4577.1,1,0,1,0,0.024,Low Risk
MS-10193,SMB (1-50),Healthcare,EMEA,Azure Enterprise Group,2026-05-01,M365 Business Premium,22.0,40,0.2,704.0,3,47.0,583.5,3,0,1,0,0.131,Low Risk
MS-10194,Enterprise (500+),Education,North America,Satya Nadella Team,2026-02-25,M365 Business Standard,12.5,2483,0.1,27933.75,5,69.7,50000.0,1,0,1,0,0.027,Low Risk
MS-10195,SMB (1-50),Education,North America,Satya Nadella Team,2025-09-15,M365 Business Standard,12.5,35,0.15,371.88,10,77.4,32.8,2,1,0,0,0.046,Low Risk
MS-10196,SMB (1-50),Manufacturing,EMEA,Commercial Partner Org,2025-07-21,M365 Business Standard,12.5,5,0.1,56.25,12,76.0,35.4,3,0,1,0,0.024,Low Risk
MS-10197,SMB (1-50),Financial Services,APAC,Commercial Partner Org,2026-05-21,M365 Business Basic,6.0,42,0.0,252.0,2,74.6,470.9,3,0,1,0,0.033,Low Risk
MS-10198,SMB (1-50),Manufacturing,APAC,Satya Nadella Team,2024-11-01,M365 E3,36.0,18,0.1,583.2,20,78.8,243.6,2,1,1,0,0.015,Low Risk
MS-10199,SMB (1-50),Financial Services,APAC,Azure Enterprise Group,2025-01-24,M365 Business Premium,22.0,30,0.0,660.0,18,71.3,2005.8,0,1,0,0,0.048,Low Risk
MS-10200,SMB (1-50),Healthcare,EMEA,Satya Nadella Team,2025-08-28,M365 Business Basic,6.0,46,0.0,276.0,11,41.7,633.6,0,0,1,0,0.088,Low Risk
MS-10201,SMB (1-50),Financial Services,North America,Commercial Partner Org,2024-10-23,M365 E3,36.0,11,0.1,356.4,21,77.1,127.8,1,0,1,0,0.024,Low Risk
MS-10202,SMB (1-50),Healthcare,North America,Satya Nadella Team,2025-10-07,M365 Business Basic,6.0,16,0.0,96.0,9,73.1,879.2,3,0,1,0,0.027,Low Risk
MS-10203,Mid-Market (51-500),Healthcare,APAC,Commercial Partner Org,2026-03-17,M365 Business Standard,12.5,264,0.0,3300.0,4,41.9,198.3,3,0,1,0,0.136,Low Risk
MS-10204,Mid-Market (51-500),Retail,EMEA,Satya Nadella Team,2026-07-13,M365 Business Premium,22.0,364,0.1,7207.2,1,92.8,337.9,1,1,0,0,0.049,Low Risk
MS-10205,SMB (1-50),Healthcare,North America,Direct Digital,2025-11-23,M365 Business Basic,6.0,13,0.1,70.2,8,77.6,128.3,2,0,1,0,0.024,Low Risk
MS-10206,SMB (1-50),Financial Services,North America,Satya Nadella Team,2024-11-22,M365 Business Premium,22.0,39,0.15,729.3,20,43.2,207.9,0,1,0,0,0.197,Low Risk
MS-10207,Mid-Market (51-500),Retail,EMEA,Azure Enterprise Group,2025-09-14,M365 Business Premium,22.0,266,0.0,5852.0,10,53.3,324.6,1,1,1,0,0.024,Low Risk
MS-10208,Mid-Market (51-500),Retail,North America,Commercial Partner Org,2026-06-08,M365 Business Premium,22.0,274,0.0,6028.0,1,57.8,1203.2,3,0,1,0,0.111,Low Risk
MS-10209,SMB (1-50),Healthcare,North America,Direct Digital,2025-12-02,M365 Business Basic,6.0,46,0.0,276.0,7,57.8,619.3,2,1,1,0,0.03,Low Risk
MS-10210,Mid-Market (51-500),Manufacturing,EMEA,Commercial Partner Org,2024-11-20,M365 Business Standard,12.5,78,0.0,975.0,20,73.3,1989.4,1,1,0,0,0.051,Low Risk
MS-10211,Enterprise (500+),Manufacturing,EMEA,Commercial Partner Org,2026-01-27,M365 Business Basic,6.0,749,0.0,4494.0,6,50.4,890.5,0,0,1,0,0.11,Low Risk
MS-10212,SMB (1-50),Education,EMEA,Azure Enterprise Group,2025-07-06,M365 E5,57.0,32,0.0,1824.0,12,88.3,298.3,1,0,1,0,0.031,Low Risk
MS-10213,SMB (1-50),Retail,North America,Satya Nadella Team,2026-01-07,M365 Business Basic,6.0,32,0.0,192.0,6,86.8,134.8,1,0,1,0,0.028,Low Risk
MS-10214,SMB (1-50),Healthcare,EMEA,Azure Enterprise Group,2025-04-24,M365 Business Standard,12.5,44,0.0,550.0,15,79.1,581.1,3,1,1,0,0.021,Low Risk
MS-10215,Mid-Market (51-500),Manufacturing,North America,Satya Nadella Team,2026-06-30,M365 E3,36.0,176,0.0,6336.0,1,68.8,1683.9,0,0,1,0,0.037,Low Risk
MS-10216,SMB (1-50),Healthcare,North America,Direct Digital,2024-10-07,M365 E3,36.0,46,0.1,1490.4,21,84.9,1442.6,1,0,1,0,0.03,Low Risk
MS-10217,SMB (1-50),Healthcare,EMEA,Azure Enterprise Group,2026-06-19,M365 E3,36.0,9,0.1,291.6,1,63.0,10.0,2,1,1,0,0.097,Low Risk
MS-10218,SMB (1-50),Retail,EMEA,Azure Enterprise Group,2025-07-22,M365 E5,57.0,9,0.0,513.0,12,55.0,68.6,5,1,1,0,0.213,Medium Risk
MS-10219,Enterprise (500+),Education,APAC,Commercial Partner Org,2024-10-26,M365 Business Standard,12.5,2026,0.1,22792.5,21,89.4,5206.0,1,1,1,0,0.011,Low Risk
MS-10220,Mid-Market (51-500),Retail,EMEA,Azure Enterprise Group,2024-12-30,M365 Business Standard,12.5,137,0.0,1712.5,19,73.7,1265.2,2,0,1,0,0.03,Low Risk
MS-10221,Mid-Market (51-500),Technology,EMEA,Satya Nadella Team,2025-07-11,M365 Business Basic,6.0,393,0.2,1886.4,12,55.7,9060.7,2,0,0,0,0.212,Medium Risk
MS-10222,Mid-Market (51-500),Manufacturing,North America,Azure Enterprise Group,2025-03-30,M365 Business Basic,6.0,361,0.0,2166.0,16,60.5,10495.1,3,0,1,0,0.089,Low Risk
MS-10223,SMB (1-50),Manufacturing,North America,Azure Enterprise Group,2024-12-12,M365 Business Premium,22.0,13,0.15,243.1,19,54.7,79.2,0,0,1,0,0.072,Low Risk
MS-10224,Enterprise (500+),Manufacturing,North America,Direct Digital,2025-11-13,M365 Business Basic,6.0,3231,0.0,19386.0,8,100.0,50000.0,4,1,1,0,0.047,Low Risk
MS-10225,Mid-Market (51-500),Financial Services,North America,Satya Nadella Team,2024-10-08,M365 Business Premium,22.0,260,0.2,4576.0,21,68.1,1027.1,5,0,1,0,0.111,Low Risk
MS-10226,SMB (1-50),Healthcare,LATAM,Commercial Partner Org,2026-05-13,M365 Business Basic,6.0,42,0.15,214.2,2,70.8,10.0,2,0,1,1,0.222,Medium Risk
MS-10227,Mid-Market (51-500),Retail,North America,Satya Nadella Team,2025-10-19,M365 Business Standard,12.5,214,0.0,2675.0,9,81.0,4963.1,3,1,1,0,0.017,Low Risk
MS-10228,Mid-Market (51-500),Manufacturing,APAC,Direct Digital,2025-04-12,M365 Business Premium,22.0,305,0.0,6710.0,15,46.1,465.4,2,0,1,0,0.09,Low Risk
MS-10229,Mid-Market (51-500),Technology,EMEA,Satya Nadella Team,2025-06-20,M365 Business Standard,12.5,434,0.0,5425.0,13,87.7,92.5,4,0,1,0,0.033,Low Risk
MS-10230,SMB (1-50),Manufacturing,APAC,Satya Nadella Team,2026-07-28,M365 Business Premium,22.0,46,0.0,1012.0,1,57.1,241.0,3,1,0,0,0.12,Low Risk
MS-10231,Enterprise (500+),Education,EMEA,Azure Enterprise Group,2025-02-02,M365 E5,57.0,2231,0.0,127167.0,17,100.0,12771.2,0,1,1,0,0.015,Low Risk
MS-10232,Enterprise (500+),Healthcare,EMEA,Azure Enterprise Group,2024-10-02,M365 E3,36.0,2693,0.0,96948.0,21,62.4,2597.1,3,1,1,0,0.013,Low Risk
MS-10233,SMB (1-50),Healthcare,EMEA,Satya Nadella Team,2025-04-22,M365 Business Standard,12.5,37,0.0,462.5,15,86.7,747.2,2,0,1,0,0.032,Low Risk
MS-10234,SMB (1-50),Retail,North America,Satya Nadella Team,2026-01-02,M365 E5,57.0,38,0.0,2166.0,6,23.1,237.2,3,1,1,1,0.194,Low Risk
MS-10235,SMB (1-50),Financial Services,EMEA,Commercial Partner Org,2026-03-24,M365 Business Basic,6.0,32,0.1,172.8,4,46.8,258.5,2,0,1,0,0.129,Low Risk
MS-10236,Enterprise (500+),Retail,North America,Direct Digital,2025-07-30,M365 Business Premium,22.0,2821,0.0,62062.0,12,62.7,10405.3,2,1,1,0,0.012,Low Risk
MS-10237,Mid-Market (51-500),Manufacturing,North America,Azure Enterprise Group,2026-07-07,M365 Business Basic,6.0,218,0.0,1308.0,1,31.4,1874.2,2,1,1,0,0.041,Low Risk
MS-10238,SMB (1-50),Education,EMEA,Azure Enterprise Group,2024-09-17,M365 Business Basic,6.0,41,0.0,246.0,22,78.8,716.1,1,1,0,0,0.055,Low Risk
MS-10239,SMB (1-50),Technology,North America,Azure Enterprise Group,2025-10-19,M365 E5,57.0,27,0.0,1539.0,9,73.6,766.7,1,0,1,0,0.03,Low Risk
MS-10240,SMB (1-50),Retail,LATAM,Azure Enterprise Group,2026-06-20,M365 Business Standard,12.5,46,0.0,575.0,1,50.2,1945.5,1,1,1,0,0.041,Low Risk
MS-10241,Mid-Market (51-500),Financial Services,LATAM,Satya Nadella Team,2025-04-28,M365 E3,36.0,309,0.0,11124.0,15,67.7,2063.1,1,0,1,0,0.031,Low Risk
MS-10242,SMB (1-50),Retail,APAC,Satya Nadella Team,2025-06-13,M365 Business Standard,12.5,15,0.0,187.5,13,82.5,829.5,2,1,1,0,0.026,Low Risk
MS-10243,Enterprise (500+),Healthcare,North America,Commercial Partner Org,2025-08-12,M365 E3,36.0,2480,0.0,89280.0,11,30.1,10401.0,4,0,1,1,0.097,Low Risk
MS-10244,Mid-Market (51-500),Manufacturing,North America,Azure Enterprise Group,2025-09-10,M365 E5,57.0,105,0.15,5087.25,10,45.1,10.0,1,0,1,0,0.125,Low Risk
MS-10245,Mid-Market (51-500),Manufacturing,APAC,Azure Enterprise Group,2024-09-16,M365 Business Standard,12.5,466,0.2,4660.0,22,62.0,8160.8,3,1,1,0,0.02,Low Risk
MS-10246,SMB (1-50),Manufacturing,North America,Satya Nadella Team,2026-04-10,M365 Business Premium,22.0,8,0.15,149.6,3,68.4,18.9,2,0,1,0,0.046,Low Risk
MS-10247,SMB (1-50),Manufacturing,LATAM,Commercial Partner Org,2025-05-18,M365 Business Premium,22.0,43,0.0,946.0,14,66.9,27.8,0,0,1,0,0.038,Low Risk
MS-10248,SMB (1-50),Manufacturing,LATAM,Satya Nadella Team,2025-08-27,M365 E5,57.0,34,0.0,1938.0,11,84.0,1051.5,1,0,1,0,0.031,Low Risk
MS-10249,SMB (1-50),Manufacturing,APAC,Azure Enterprise Group,2025-10-04,M365 Business Standard,12.5,14,0.1,157.5,9,76.6,263.6,0,1,1,0,0.016,Low Risk
MS-10250,SMB (1-50),Technology,North America,Azure Enterprise Group,2025-12-04,M365 Business Premium,22.0,27,0.2,475.2,7,80.5,35.1,4,0,1,0,0.039,Low Risk
MS-10251,Enterprise (500+),Financial Services,North America,Direct Digital,2026-01-29,M365 Business Standard,12.5,2560,0.0,32000.0,6,43.0,46085.6,3,0,1,0,0.088,Low Risk
MS-10252,SMB (1-50),Manufacturing,APAC,Direct Digital,2024-11-24,M365 Business Basic,6.0,40,0.15,204.0,20,70.6,891.8,1,1,1,0,0.018,Low Risk
MS-10253,SMB (1-50),Financial Services,North America,Direct Digital,2024-11-02,M365 Business Basic,6.0,9,0.1,48.6,20,62.5,254.6,0,1,1,0,0.032,Low Risk
MS-10254,SMB (1-50),Education,North America,Commercial Partner Org,2024-12-09,M365 Business Premium,22.0,41,0.2,721.6,19,94.3,386.0,2,1,0,0,0.059,Low Risk
MS-10255,SMB (1-50),Manufacturing,EMEA,Satya Nadella Team,2025-06-22,M365 E3,36.0,47,0.0,1692.0,13,71.1,685.5,3,0,1,0,0.031,Low Risk
MS-10256,Enterprise (500+),Retail,LATAM,Azure Enterprise Group,2025-02-09,M365 Business Standard,12.5,2572,0.0,32150.0,17,56.0,44335.8,0,1,1,0,0.029,Low Risk
MS-10257,SMB (1-50),Manufacturing,EMEA,Azure Enterprise Group,2025-02-25,M365 Business Premium,22.0,41,0.0,902.0,17,83.3,574.1,2,1,1,0,0.016,Low Risk
MS-10258,SMB (1-50),Healthcare,EMEA,Commercial Partner Org,2025-11-18,M365 Business Premium,22.0,12,0.1,237.6,8,78.1,149.9,1,1,1,0,0.015,Low Risk
MS-10259,Mid-Market (51-500),Technology,North America,Azure Enterprise Group,2025-07-25,M365 Business Standard,12.5,202,0.1,2272.5,12,53.2,1922.5,0,1,1,0,0.023,Low Risk
MS-10260,SMB (1-50),Retail,EMEA,Azure Enterprise Group,2025-07-25,M365 E5,57.0,44,0.15,2131.8,12,61.7,344.5,1,1,1,0,0.023,Low Risk
MS-10261,SMB (1-50),Retail,LATAM,Satya Nadella Team,2024-10-12,M365 Business Standard,12.5,17,0.15,180.62,21,62.0,1132.9,2,0,1,0,0.057,Low Risk
MS-10262,SMB (1-50),Healthcare,North America,Direct Digital,2025-04-30,M365 Business Basic,6.0,41,0.0,246.0,15,90.1,202.6,4,0,1,0,0.041,Low Risk
MS-10263,SMB (1-50),Manufacturing,EMEA,Direct Digital,2025-08-08,M365 Business Basic,6.0,31,0.0,186.0,11,71.7,34.4,1,1,1,0,0.016,Low Risk
MS-10264,SMB (1-50),Technology,APAC,Commercial Partner Org,2024-11-30,M365 E3,36.0,22,0.0,792.0,20,81.1,382.4,2,1,1,0,0.015,Low Risk
MS-10265,SMB (1-50),Retail,EMEA,Direct Digital,2024-09-28,M365 E5,57.0,28,0.2,1276.8,22,59.1,80.8,3,1,1,0,0.022,Low Risk
MS-10266,Mid-Market (51-500),Technology,EMEA,Direct Digital,2025-12-03,M365 Business Standard,12.5,329,0.0,4112.5,7,74.0,3003.5,4,0,1,0,0.034,Low Risk
MS-10267,SMB (1-50),Retail,EMEA,Commercial Partner Org,2026-06-29,M365 Business Basic,6.0,6,0.1,32.4,1,91.5,10.0,1,0,1,0,0.083,Low Risk
MS-10268,Mid-Market (51-500),Manufacturing,North America,Commercial Partner Org,2026-05-24,M365 Business Standard,12.5,384,0.0,4800.0,2,61.5,4450.0,0,1,1,0,0.041,Low Risk
MS-10269,Mid-Market (51-500),Education,North America,Direct Digital,2025-09-20,M365 Business Premium,22.0,156,0.1,3088.8,10,70.1,5396.1,1,0,1,0,0.031,Low Risk
MS-10270,Mid-Market (51-500),Retail,APAC,Satya Nadella Team,2025-12-31,M365 Business Premium,22.0,334,0.0,7348.0,7,43.5,5141.0,2,1,1,0,0.034,Low Risk
MS-10271,SMB (1-50),Education,APAC,Commercial Partner Org,2025-04-08,M365 E5,57.0,10,0.1,513.0,15,54.2,29.0,3,1,1,0,0.043,Low Risk
MS-10272,SMB (1-50),Retail,APAC,Azure Enterprise Group,2025-05-22,M365 E3,36.0,39,0.15,1193.4,14,62.0,1659.2,3,1,1,0,0.018,Low Risk
MS-10273,Mid-Market (51-500),Financial Services,APAC,Commercial Partner Org,2024-12-30,M365 E3,36.0,418,0.0,15048.0,19,48.9,1840.1,2,1,1,0,0.024,Low Risk
MS-10274,Mid-Market (51-500),Manufacturing,EMEA,Azure Enterprise Group,2024-10-16,M365 Business Standard,12.5,385,0.0,4812.5,21,91.8,2650.9,1,0,1,0,0.035,Low Risk
MS-10275,Mid-Market (51-500),Healthcare,EMEA,Commercial Partner Org,2025-06-07,M365 Business Standard,12.5,483,0.2,4830.0,13,52.9,3995.7,0,0,0,1,0.286,Medium Risk
MS-10276,SMB (1-50),Education,APAC,Commercial Partner Org,2024-12-24,M365 Business Premium,22.0,44,0.0,968.0,19,82.2,2470.9,1,0,0,1,0.202,Medium Risk
MS-10277,Enterprise (500+),Healthcare,EMEA,Direct Digital,2025-02-15,M365 Business Standard,12.5,2443,0.0,30537.5,17,71.4,2092.6,3,0,1,0,0.022,Low Risk
MS-10278,SMB (1-50),Manufacturing,EMEA,Direct Digital,2025-11-09,M365 Business Standard,12.5,42,0.0,525.0,8,68.6,601.3,1,0,1,0,0.036,Low Risk
MS-10279,SMB (1-50),Healthcare,APAC,Direct Digital,2025-05-04,M365 Business Basic,6.0,25,0.15,127.5,14,94.8,134.8,1,0,0,0,0.123,Low Risk
MS-10280,SMB (1-50),Manufacturing,APAC,Satya Nadella Team,2025-12-28,M365 Business Standard,12.5,39,0.1,438.75,7,27.3,38.2,5,0,1,1,0.508,High Risk
MS-10281,SMB (1-50),Healthcare,North America,Direct Digital,2025-09-10,M365 Business Premium,22.0,27,0.0,594.0,10,64.5,885.8,4,1,1,0,0.027,Low Risk
MS-10282,SMB (1-50),Education,North America,Direct Digital,2025-06-07,M365 Business Premium,22.0,16,0.0,352.0,13,48.6,171.1,1,0,1,0,0.081,Low Risk
MS-10283,Mid-Market (51-500),Financial Services,North America,Commercial Partner Org,2024-09-22,M365 Business Basic,6.0,190,0.2,912.0,22,32.7,3193.1,3,0,1,0,0.086,Low Risk
MS-10284,Mid-Market (51-500),Healthcare,EMEA,Commercial Partner Org,2024-11-07,M365 Business Premium,22.0,330,0.0,7260.0,20,46.5,1088.8,0,0,1,0,0.079,Low Risk
MS-10285,Enterprise (500+),Education,North America,Satya Nadella Team,2026-06-10,M365 Business Basic,6.0,1806,0.0,10836.0,1,68.3,31068.1,0,0,1,0,0.032,Low Risk
MS-10286,SMB (1-50),Retail,EMEA,Azure Enterprise Group,2024-10-28,M365 Business Premium,22.0,25,0.0,550.0,21,54.9,528.9,1,1,1,0,0.021,Low Risk
MS-10287,Mid-Market (51-500),Manufacturing,EMEA,Commercial Partner Org,2026-02-09,M365 Business Standard,12.5,93,0.0,1162.5,5,84.1,628.9,3,0,1,0,0.034,Low Risk
MS-10288,SMB (1-50),Technology,North America,Commercial Partner Org,2025-05-22,M365 E3,36.0,47,0.0,1692.0,14,64.2,478.6,1,0,1,0,0.04,Low Risk
MS-10289,SMB (1-50),Technology,EMEA,Azure Enterprise Group,2026-07-14,M365 E3,36.0,45,0.1,1458.0,1,62.2,1928.3,0,0,1,0,0.075,Low Risk
MS-10290,SMB (1-50),Manufacturing,North America,Satya Nadella Team,2025-10-28,M365 Business Premium,22.0,20,0.15,374.0,9,62.2,450.1,6,1,0,1,0.641,High Risk
MS-10291,SMB (1-50),Financial Services,North America,Commercial Partner Org,2026-01-12,M365 Business Premium,22.0,9,0.0,198.0,6,66.2,63.6,1,0,1,0,0.039,Low Risk
MS-10292,SMB (1-50),Healthcare,APAC,Direct Digital,2025-06-18,M365 Business Premium,22.0,19,0.0,418.0,13,60.5,249.1,1,1,1,0,0.021,Low Risk
MS-10293,SMB (1-50),Financial Services,North America,Satya Nadella Team,2025-02-16,M365 Business Basic,6.0,25,0.0,150.0,17,52.7,460.1,1,0,1,0,0.068,Low Risk
MS-10294,Mid-Market (51-500),Technology,North America,Azure Enterprise Group,2026-03-14,M365 Business Premium,22.0,395,0.0,8690.0,4,85.8,116.7,0,0,1,0,0.03,Low Risk
MS-10295,Enterprise (500+),Education,EMEA,Azure Enterprise Group,2025-12-06,M365 Business Standard,12.5,1413,0.15,15013.12,7,56.8,15050.5,1,0,1,0,0.109,Low Risk
MS-10296,SMB (1-50),Manufacturing,APAC,Direct Digital,2026-05-01,M365 Business Standard,12.5,11,0.0,137.5,3,61.1,550.3,3,0,1,1,0.138,Low Risk
MS-10297,Enterprise (500+),Manufacturing,North America,Direct Digital,2026-03-10,M365 Business Standard,12.5,2943,0.0,36787.5,4,75.7,50000.0,0,0,1,0,0.023,Low Risk
MS-10298,Mid-Market (51-500),Financial Services,EMEA,Direct Digital,2025-08-19,M365 E5,57.0,214,0.0,12198.0,11,73.7,4587.5,0,0,1,0,0.03,Low Risk
MS-10299,Mid-Market (51-500),Education,North America,Satya Nadella Team,2025-04-28,M365 Business Basic,6.0,85,0.0,510.0,15,51.9,114.5,1,0,1,0,0.075,Low Risk
MS-10300,Mid-Market (51-500),Financial Services,North America,Azure Enterprise Group,2025-06-10,M365 Business Standard,12.5,414,0.0,5175.0,13,81.6,25450.7,1,0,0,0,0.155,Low Risk
MS-10301,SMB (1-50),Healthcare,EMEA,Direct Digital,2025-11-23,M365 E5,57.0,6,0.0,342.0,8,77.7,67.7,0,1,1,0,0.028,Low Risk
MS-10302,Mid-Market (51-500),Retail,EMEA,Direct Digital,2026-04-05,M365 E3,36.0,385,0.1,12474.0,3,71.2,1165.1,0,0,1,0,0.027,Low Risk
MS-10303,Mid-Market (51-500),Education,EMEA,Azure Enterprise Group,2024-11-05,M365 Business Basic,6.0,61,0.0,366.0,20,60.2,821.1,1,1,1,0,0.019,Low Risk
MS-10304,Enterprise (500+),Retail,EMEA,Commercial Partner Org,2025-07-24,M365 E5,57.0,1501,0.15,72723.45,12,60.7,34971.8,1,0,0,0,0.227,Medium Risk
MS-10305,Mid-Market (51-500),Healthcare,LATAM,Satya Nadella Team,2025-11-30,M365 Business Basic,6.0,125,0.0,750.0,8,64.4,178.7,3,0,1,0,0.04,Low Risk
MS-10306,Mid-Market (51-500),Retail,EMEA,Commercial Partner Org,2025-12-21,M365 Business Premium,22.0,350,0.1,6930.0,7,45.8,10425.1,1,1,0,0,0.181,Low Risk
MS-10307,Mid-Market (51-500),Technology,North America,Direct Digital,2025-06-12,M365 Business Premium,22.0,485,0.0,10670.0,13,67.3,14714.6,4,0,1,0,0.041,Low Risk
MS-10308,SMB (1-50),Retail,APAC,Satya Nadella Team,2024-10-01,M365 Business Standard,12.5,45,0.0,562.5,22,84.1,10.0,2,1,1,0,0.048,Low Risk
MS-10309,SMB (1-50),Healthcare,North America,Commercial Partner Org,2025-11-22,M365 Business Premium,22.0,46,0.0,1012.0,8,83.8,1272.8,4,1,0,0,0.054,Low Risk
MS-10310,SMB (1-50),Retail,North America,Azure Enterprise Group,2025-04-02,M365 Business Basic,6.0,15,0.0,90.0,15,61.1,528.1,1,0,1,0,0.08,Low Risk
MS-10311,SMB (1-50),Manufacturing,North America,Direct Digital,2026-07-25,M365 Business Basic,6.0,5,0.0,30.0,1,87.2,10.0,1,1,1,0,0.05,Low Risk
MS-10312,SMB (1-50),Financial Services,North America,Satya Nadella Team,2026-04-03,M365 Business Premium,22.0,44,0.0,968.0,3,100.0,183.9,4,1,1,0,0.025,Low Risk
MS-10313,Enterprise (500+),Technology,LATAM,Satya Nadella Team,2024-09-25,M365 Business Standard,12.5,1294,0.0,16175.0,22,62.3,7251.3,3,0,1,0,0.056,Low Risk
MS-10314,Mid-Market (51-500),Manufacturing,APAC,Satya Nadella Team,2025-09-08,M365 E5,57.0,424,0.1,21751.2,10,80.4,2183.1,1,1,1,0,0.013,Low Risk
MS-10315,Enterprise (500+),Manufacturing,EMEA,Satya Nadella Team,2025-10-02,M365 Business Standard,12.5,859,0.0,10737.5,9,27.3,14668.0,4,0,1,0,0.135,Low Risk
MS-10316,Mid-Market (51-500),Healthcare,North America,Direct Digital,2025-08-03,M365 Business Basic,6.0,172,0.0,1032.0,11,45.4,915.0,3,1,0,0,0.107,Low Risk
MS-10317,Mid-Market (51-500),Financial Services,North America,Direct Digital,2026-07-04,M365 Business Premium,22.0,124,0.0,2728.0,1,69.6,4667.6,1,0,1,0,0.033,Low Risk
MS-10318,Enterprise (500+),Financial Services,North America,Azure Enterprise Group,2025-06-07,M365 Business Standard,12.5,1577,0.1,17741.25,13,49.9,50000.0,1,0,1,0,0.074,Low Risk
MS-10319,Mid-Market (51-500),Education,North America,Azure Enterprise Group,2026-05-16,M365 Business Basic,6.0,446,0.2,2140.8,2,100.0,2039.1,4,0,0,1,0.127,Low Risk
MS-10320,Enterprise (500+),Technology,EMEA,Azure Enterprise Group,2026-03-13,M365 Business Standard,12.5,2076,0.0,25950.0,4,78.8,17710.1,3,1,1,0,0.016,Low Risk
MS-10321,SMB (1-50),Healthcare,EMEA,Commercial Partner Org,2026-07-23,M365 E5,57.0,26,0.0,1482.0,1,85.4,254.5,1,1,1,0,0.021,Low Risk
MS-10322,SMB (1-50),Technology,EMEA,Azure Enterprise Group,2026-03-02,M365 Business Standard,12.5,31,0.0,387.5,5,67.5,322.2,1,0,1,0,0.036,Low Risk
MS-10323,SMB (1-50),Education,North America,Direct Digital,2025-03-17,M365 Business Standard,12.5,45,0.1,506.25,16,49.9,253.1,3,0,1,0,0.075,Low Risk
MS-10324,Mid-Market (51-500),Retail,LATAM,Commercial Partner Org,2026-03-08,M365 Business Standard,12.5,433,0.0,5412.5,4,58.7,943.1,2,1,1,0,0.033,Low Risk
MS-10325,Mid-Market (51-500),Manufacturing,EMEA,Direct Digital,2025-12-23,M365 Business Basic,6.0,266,0.1,1436.4,7,72.6,179.1,1,0,0,0,0.187,Low Risk
MS-10326,SMB (1-50),Technology,EMEA,Commercial Partner Org,2026-04-25,M365 Business Basic,6.0,19,0.15,96.9,3,56.5,25.6,0,1,1,0,0.056,Low Risk
MS-10327,SMB (1-50),Manufacturing,EMEA,Azure Enterprise Group,2026-04-03,M365 E3,36.0,6,0.1,194.4,3,80.1,166.7,1,0,1,0,0.029,Low Risk
MS-10328,Enterprise (500+),Healthcare,North America,Azure Enterprise Group,2024-11-09,M365 E5,57.0,1576,0.1,80848.8,20,80.8,6222.5,1,1,0,0,0.029,Low Risk
MS-10329,Mid-Market (51-500),Retail,North America,Azure Enterprise Group,2026-01-18,M365 Business Basic,6.0,143,0.1,772.2,6,68.1,137.2,2,1,1,0,0.022,Low Risk
MS-10330,SMB (1-50),Healthcare,North America,Commercial Partner Org,2024-12-19,M365 Business Standard,12.5,47,0.0,587.5,19,35.1,551.0,0,1,1,0,0.023,Low Risk
MS-10331,Mid-Market (51-500),Retail,APAC,Direct Digital,2025-09-17,M365 E5,57.0,316,0.0,18012.0,10,98.9,296.9,5,1,1,0,0.045,Low Risk
MS-10332,Mid-Market (51-500),Retail,North America,Satya Nadella Team,2025-10-02,M365 Business Basic,6.0,256,0.1,1382.4,9,64.2,223.1,2,0,1,0,0.04,Low Risk
MS-10333,Enterprise (500+),Manufacturing,North America,Direct Digital,2025-10-14,M365 Business Basic,6.0,1077,0.0,6462.0,9,100.0,12558.6,3,0,0,0,0.108,Low Risk
MS-10334,SMB (1-50),Healthcare,North America,Azure Enterprise Group,2025-08-17,M365 E5,57.0,49,0.1,2513.7,11,79.7,526.3,1,0,1,0,0.038,Low Risk
MS-10335,SMB (1-50),Healthcare,North America,Commercial Partner Org,2026-02-16,M365 Business Premium,22.0,27,0.0,594.0,5,64.2,13.7,0,0,0,0,0.157,Low Risk
MS-10336,SMB (1-50),Technology,APAC,Commercial Partner Org,2026-01-14,M365 Business Basic,6.0,44,0.0,264.0,6,76.1,325.8,3,0,0,0,0.178,Low Risk
MS-10337,SMB (1-50),Healthcare,EMEA,Azure Enterprise Group,2025-10-26,M365 Business Standard,12.5,21,0.15,223.12,9,31.7,144.2,0,0,1,0,0.141,Low Risk
MS-10338,Enterprise (500+),Technology,EMEA,Commercial Partner Org,2026-03-11,M365 Business Basic,6.0,3322,0.0,19932.0,4,86.5,31539.5,1,0,1,1,0.132,Low Risk
MS-10339,SMB (1-50),Financial Services,North America,Azure Enterprise Group,2024-12-20,M365 Business Standard,12.5,8,0.15,85.0,19,100.0,128.5,2,1,1,0,0.014,Low Risk
MS-10340,Enterprise (500+),Financial Services,EMEA,Direct Digital,2025-03-28,M365 E3,36.0,1966,0.2,56620.8,16,30.4,7842.0,0,1,0,1,0.204,Medium Risk
MS-10341,SMB (1-50),Financial Services,EMEA,Commercial Partner Org,2025-11-13,M365 Business Premium,22.0,46,0.15,860.2,8,62.8,313.0,2,0,1,0,0.084,Low Risk
MS-10342,Enterprise (500+),Education,North America,Satya Nadella Team,2025-02-25,M365 Business Premium,22.0,1152,0.0,25344.0,17,66.1,21756.1,1,0,1,0,0.026,Low Risk
MS-10343,SMB (1-50),Healthcare,North America,Commercial Partner Org,2025-10-30,M365 Business Standard,12.5,26,0.15,276.25,9,83.8,798.2,1,0,1,0,0.029,Low Risk
MS-10344,Enterprise (500+),Education,North America,Azure Enterprise Group,2025-07-25,M365 Business Basic,6.0,995,0.0,5970.0,12,100.0,26499.3,4,0,1,0,0.038,Low Risk
MS-10345,Enterprise (500+),Healthcare,EMEA,Satya Nadella Team,2024-09-11,M365 Business Basic,6.0,1639,0.0,9834.0,22,74.9,12772.0,5,0,1,0,0.144,Low Risk
MS-10346,Enterprise (500+),Technology,EMEA,Azure Enterprise Group,2025-05-10,M365 E3,36.0,2917,0.0,105012.0,14,100.0,25755.1,1,0,1,0,0.034,Low Risk
MS-10347,SMB (1-50),Education,North America,Commercial Partner Org,2025-04-23,M365 Business Premium,22.0,29,0.0,638.0,15,71.1,262.1,1,0,1,0,0.028,Low Risk
MS-10348,SMB (1-50),Education,North America,Satya Nadella Team,2026-06-10,M365 Business Basic,6.0,9,0.0,54.0,1,76.1,219.3,1,1,1,0,0.02,Low Risk
MS-10349,Mid-Market (51-500),Education,EMEA,Satya Nadella Team,2025-05-12,M365 Business Standard,12.5,199,0.0,2487.5,14,73.9,4375.3,0,0,1,0,0.03,Low Risk
MS-10350,SMB (1-50),Retail,EMEA,Commercial Partner Org,2026-03-20,M365 E3,36.0,30,0.2,864.0,4,90.0,134.4,3,0,1,0,0.032,Low Risk
MS-10351,SMB (1-50),Technology,APAC,Satya Nadella Team,2025-12-22,M365 Business Standard,12.5,20,0.15,212.5,7,60.4,42.7,0,0,1,0,0.102,Low Risk
MS-10352,SMB (1-50),Financial Services,EMEA,Direct Digital,2025-01-07,M365 Business Standard,12.5,44,0.1,495.0,18,82.7,251.5,0,0,1,0,0.029,Low Risk
MS-10353,Mid-Market (51-500),Technology,North America,Satya Nadella Team,2026-02-14,M365 Business Standard,12.5,269,0.0,3362.5,5,45.8,1098.3,5,0,1,1,0.232,Medium Risk
MS-10354,Mid-Market (51-500),Retail,North America,Satya Nadella Team,2024-12-09,M365 Business Basic,6.0,79,0.0,474.0,19,62.9,2854.9,2,1,1,0,0.021,Low Risk
MS-10355,SMB (1-50),Healthcare,EMEA,Direct Digital,2025-06-17,M365 E3,36.0,8,0.0,288.0,13,56.5,29.7,2,1,1,0,0.043,Low Risk
MS-10356,SMB (1-50),Technology,North America,Azure Enterprise Group,2026-03-23,M365 Business Premium,22.0,42,0.1,831.6,4,69.6,100.8,4,0,1,0,0.042,Low Risk
MS-10357,SMB (1-50),Education,EMEA,Azure Enterprise Group,2025-04-14,M365 Business Premium,22.0,12,0.2,211.2,15,62.3,330.8,5,0,0,1,0.523,High Risk
MS-10358,Mid-Market (51-500),Financial Services,LATAM,Direct Digital,2026-06-15,M365 E3,36.0,475,0.15,14535.0,1,88.4,515.6,0,0,1,0,0.032,Low Risk
MS-10359,SMB (1-50),Financial Services,EMEA,Satya Nadella Team,2025-01-03,M365 E5,57.0,49,0.15,2374.05,18,52.2,177.3,1,0,0,0,0.264,Medium Risk
MS-10360,SMB (1-50),Healthcare,North America,Commercial Partner Org,2025-11-12,M365 Business Basic,6.0,21,0.0,126.0,8,36.8,145.7,0,0,1,1,0.146,Low Risk
MS-10361,Enterprise (500+),Technology,EMEA,Direct Digital,2026-03-18,M365 Business Basic,6.0,3158,0.0,18948.0,4,43.6,34263.0,1,0,1,0,0.103,Low Risk
MS-10362,Enterprise (500+),Retail,EMEA,Commercial Partner Org,2026-06-08,M365 Business Standard,12.5,3459,0.0,43237.5,1,85.9,16479.1,1,0,0,0,0.146,Low Risk
MS-10363,Enterprise (500+),Healthcare,EMEA,Azure Enterprise Group,2026-06-27,M365 Business Basic,6.0,761,0.0,4566.0,1,50.5,6261.3,3,0,1,0,0.12,Low Risk
MS-10364,Enterprise (500+),Technology,LATAM,Direct Digital,2025-08-13,M365 E3,36.0,1671,0.1,54140.4,11,75.2,4445.2,0,0,1,0,0.024,Low Risk
MS-10365,SMB (1-50),Manufacturing,North America,Commercial Partner Org,2026-07-30,M365 E3,36.0,31,0.15,948.6,1,62.7,317.7,2,0,0,0,0.178,Low Risk
MS-10366,Mid-Market (51-500),Financial Services,LATAM,Satya Nadella Team,2025-03-02,M365 Business Premium,22.0,113,0.0,2486.0,17,82.8,710.5,3,0,1,0,0.036,Low Risk
MS-10367,SMB (1-50),Retail,APAC,Direct Digital,2025-08-17,M365 Business Standard,12.5,41,0.15,435.62,11,63.8,931.0,5,0,1,0,0.153,Low Risk
MS-10368,Mid-Market (51-500),Education,North America,Commercial Partner Org,2026-01-28,M365 Business Basic,6.0,316,0.0,1896.0,6,100.0,2037.8,2,0,1,0,0.036,Low Risk
MS-10369,SMB (1-50),Retail,North America,Direct Digital,2025-09-13,M365 Business Standard,12.5,47,0.1,528.75,10,100.0,330.9,0,1,1,0,0.024,Low Risk
MS-10370,Mid-Market (51-500),Education,North America,Direct Digital,2025-12-09,M365 E3,36.0,217,0.0,7812.0,7,62.3,2335.6,0,1,1,0,0.027,Low Risk
MS-10371,Mid-Market (51-500),Retail,North America,Azure Enterprise Group,2026-07-10,M365 Business Standard,12.5,201,0.0,2512.5,1,59.9,317.0,1,1,1,0,0.033,Low Risk
MS-10372,SMB (1-50),Financial Services,North America,Azure Enterprise Group,2025-08-06,M365 Business Basic,6.0,46,0.1,248.4,11,100.0,94.1,2,0,0,0,0.108,Low Risk
MS-10373,Mid-Market (51-500),Education,EMEA,Satya Nadella Team,2025-01-19,M365 Business Standard,12.5,145,0.0,1812.5,18,48.6,2717.5,2,0,1,0,0.073,Low Risk
MS-10374,SMB (1-50),Technology,North America,Azure Enterprise Group,2024-12-20,M365 E5,57.0,39,0.0,2223.0,19,67.0,149.5,1,1,1,0,0.017,Low Risk
MS-10375,SMB (1-50),Education,North America,Azure Enterprise Group,2025-05-19,M365 Business Premium,22.0,33,0.1,653.4,14,68.4,457.1,2,1,1,0,0.017,Low Risk
MS-10376,SMB (1-50),Healthcare,APAC,Azure Enterprise Group,2025-03-07,M365 E5,57.0,12,0.0,684.0,16,68.0,14.8,0,0,1,0,0.056,Low Risk
MS-10377,SMB (1-50),Technology,North America,Commercial Partner Org,2025-09-06,M365 E3,36.0,21,0.15,642.6,10,36.7,434.7,4,1,1,0,0.034,Low Risk
MS-10378,SMB (1-50),Healthcare,APAC,Direct Digital,2025-08-24,M365 Business Standard,12.5,11,0.15,116.88,11,76.9,586.3,2,0,1,0,0.024,Low Risk
MS-10379,Enterprise (500+),Retail,North America,Azure Enterprise Group,2025-05-31,M365 Business Basic,6.0,944,0.0,5664.0,14,50.5,5300.5,3,0,0,0,0.248,Medium Risk
MS-10380,SMB (1-50),Technology,North America,Commercial Partner Org,2026-07-29,M365 Business Standard,12.5,19,0.0,237.5,1,93.8,160.6,2,0,0,0,0.12,Low Risk
MS-10381,SMB (1-50),Retail,EMEA,Direct Digital,2026-04-27,M365 Business Premium,22.0,33,0.0,726.0,3,41.8,231.5,2,0,1,1,0.152,Low Risk
MS-10382,SMB (1-50),Manufacturing,EMEA,Azure Enterprise Group,2025-11-23,M365 E3,36.0,49,0.0,1764.0,8,69.1,1320.7,1,1,0,0,0.053,Low Risk
MS-10383,Mid-Market (51-500),Retail,APAC,Azure Enterprise Group,2025-10-22,M365 Business Standard,12.5,98,0.0,1225.0,9,28.1,11.7,3,1,1,0,0.045,Low Risk
MS-10384,Mid-Market (51-500),Retail,EMEA,Direct Digital,2025-09-23,M365 Business Basic,6.0,258,0.0,1548.0,10,29.2,3281.0,1,0,0,1,0.335,Medium Risk
MS-10385,Mid-Market (51-500),Healthcare,APAC,Commercial Partner Org,2025-08-04,M365 Business Premium,22.0,277,0.15,5179.9,11,52.9,3512.2,2,1,1,0,0.022,Low Risk
MS-10386,Mid-Market (51-500),Education,North America,Commercial Partner Org,2025-07-08,M365 Business Basic,6.0,459,0.0,2754.0,12,55.4,2654.3,2,0,1,0,0.082,Low Risk
MS-10387,Enterprise (500+),Manufacturing,North America,Satya Nadella Team,2025-07-26,M365 Business Premium,22.0,2153,0.0,47366.0,12,94.4,6397.2,1,0,1,0,0.034,Low Risk
MS-10388,Enterprise (500+),Retail,APAC,Direct Digital,2024-10-17,M365 Business Standard,12.5,976,0.1,10980.0,21,67.3,3209.3,0,0,1,0,0.035,Low Risk
MS-10389,Mid-Market (51-500),Retail,APAC,Satya Nadella Team,2026-06-18,M365 Business Basic,6.0,269,0.1,1452.6,1,91.3,5202.8,2,1,1,0,0.022,Low Risk
MS-10390,SMB (1-50),Manufacturing,LATAM,Commercial Partner Org,2025-01-27,M365 Business Standard,12.5,48,0.2,480.0,18,61.2,39.4,2,0,1,0,0.063,Low Risk
MS-10391,Mid-Market (51-500),Manufacturing,North America,Azure Enterprise Group,2025-08-16,M365 Business Premium,22.0,131,0.1,2593.8,11,78.9,1304.3,4,1,1,1,0.064,Low Risk
MS-10392,Mid-Market (51-500),Technology,North America,Satya Nadella Team,2025-07-20,M365 Business Standard,12.5,87,0.0,1087.5,12,54.9,382.6,4,0,1,0,0.088,Low Risk
MS-10393,Mid-Market (51-500),Healthcare,APAC,Commercial Partner Org,2024-12-29,M365 Business Basic,6.0,152,0.2,729.6,19,53.7,562.2,1,0,1,0,0.073,Low Risk
MS-10394,Mid-Market (51-500),Manufacturing,North America,Commercial Partner Org,2025-10-03,M365 E3,36.0,241,0.0,8676.0,9,35.2,2038.0,3,1,0,1,0.264,Medium Risk
MS-10395,Mid-Market (51-500),Manufacturing,LATAM,Azure Enterprise Group,2026-06-08,M365 Business Basic,6.0,79,0.15,402.9,1,74.0,2162.8,1,0,1,0,0.032,Low Risk
MS-10396,Mid-Market (51-500),Financial Services,APAC,Direct Digital,2025-03-16,M365 Business Basic,6.0,364,0.0,2184.0,16,72.7,4204.5,1,1,1,0,0.031,Low Risk
MS-10397,SMB (1-50),Education,North America,Commercial Partner Org,2025-10-18,M365 Business Premium,22.0,18,0.0,396.0,9,82.0,335.7,2,0,0,0,0.167,Low Risk
MS-10398,SMB (1-50),Manufacturing,APAC,Satya Nadella Team,2025-11-13,M365 Business Basic,6.0,12,0.1,64.8,8,71.9,132.2,2,0,1,0,0.024,Low Risk
MS-10399,SMB (1-50),Healthcare,APAC,Azure Enterprise Group,2024-10-07,M365 Business Standard,12.5,6,0.0,75.0,21,100.0,86.1,4,0,1,0,0.049,Low Risk
MS-10400,Enterprise (500+),Education,North America,Direct Digital,2025-03-06,M365 E5,57.0,1461,0.0,83277.0,16,71.2,9929.3,2,1,1,0,0.01,Low Risk
MS-10401,Mid-Market (51-500),Education,APAC,Direct Digital,2025-10-25,M365 Business Premium,22.0,465,0.1,9207.0,9,85.9,14527.2,2,0,0,1,0.157,Low Risk
MS-10402,Mid-Market (51-500),Retail,EMEA,Direct Digital,2025-12-04,M365 Business Premium,22.0,136,0.0,2992.0,7,62.2,1137.6,1,1,1,0,0.021,Low Risk
MS-10403,Mid-Market (51-500),Retail,APAC,Commercial Partner Org,2024-12-19,M365 Business Premium,22.0,160,0.0,3520.0,19,51.6,1540.7,2,0,1,0,0.074,Low Risk
MS-10404,Mid-Market (51-500),Retail,North America,Direct Digital,2025-03-06,M365 Business Basic,6.0,267,0.0,1602.0,16,80.9,2385.0,0,1,1,0,0.016,Low Risk
MS-10405,Enterprise (500+),Retail,APAC,Commercial Partner Org,2025-12-15,M365 Business Standard,12.5,1791,0.15,19029.38,7,66.4,8168.5,3,0,1,0,0.032,Low Risk
MS-10406,Mid-Market (51-500),Financial Services,North America,Azure Enterprise Group,2024-11-17,M365 Business Standard,12.5,347,0.0,4337.5,20,83.0,1095.0,2,0,0,0,0.15,Low Risk
MS-10407,Mid-Market (51-500),Manufacturing,North America,Azure Enterprise Group,2025-09-09,M365 E5,57.0,484,0.1,24829.2,10,74.4,445.5,0,0,1,0,0.026,Low Risk
MS-10408,Mid-Market (51-500),Retail,APAC,Direct Digital,2025-07-27,M365 Business Basic,6.0,94,0.0,564.0,12,53.7,1428.6,1,1,1,0,0.022,Low Risk
MS-10409,SMB (1-50),Technology,North America,Azure Enterprise Group,2025-01-03,M365 Business Standard,12.5,30,0.0,375.0,18,87.3,122.9,4,1,1,0,0.03,Low Risk
MS-10410,Mid-Market (51-500),Retail,North America,Satya Nadella Team,2025-07-13,M365 E5,57.0,493,0.0,28101.0,12,52.3,2916.5,1,0,1,0,0.085,Low Risk
MS-10411,SMB (1-50),Manufacturing,LATAM,Satya Nadella Team,2025-07-17,M365 E3,36.0,19,0.1,615.6,12,79.3,575.7,2,1,1,0,0.017,Low Risk
MS-10412,SMB (1-50),Retail,LATAM,Commercial Partner Org,2025-12-19,M365 E5,57.0,13,0.0,741.0,7,91.1,130.4,3,0,1,0,0.03,Low Risk
MS-10413,Mid-Market (51-500),Financial Services,EMEA,Direct Digital,2026-01-02,M365 Business Premium,22.0,159,0.0,3498.0,6,61.1,194.8,1,1,0,0,0.127,Low Risk
MS-10414,Mid-Market (51-500),Healthcare,EMEA,Commercial Partner Org,2026-01-27,M365 Business Standard,12.5,109,0.0,1362.5,6,88.8,2102.6,2,0,1,0,0.033,Low Risk
MS-10415,Enterprise (500+),Healthcare,North America,Azure Enterprise Group,2025-07-31,M365 E3,36.0,1901,0.15,58170.6,12,75.2,6749.8,2,0,0,0,0.145,Low Risk
MS-10416,SMB (1-50),Manufacturing,North America,Direct Digital,2024-11-10,M365 Business Standard,12.5,19,0.15,201.88,20,83.3,183.4,3,1,1,0,0.016,Low Risk
MS-10417,SMB (1-50),Healthcare,North America,Commercial Partner Org,2025-12-09,M365 Business Basic,6.0,45,0.0,270.0,7,52.9,385.2,1,0,1,0,0.118,Low Risk
MS-10418,SMB (1-50),Healthcare,EMEA,Direct Digital,2025-09-11,M365 Business Premium,22.0,8,0.0,176.0,10,71.9,26.1,3,0,1,0,0.029,Low Risk
MS-10419,SMB (1-50),Technology,APAC,Direct Digital,2024-09-08,M365 Business Premium,22.0,40,0.1,792.0,22,42.7,59.1,2,0,1,0,0.085,Low Risk
MS-10420,SMB (1-50),Manufacturing,APAC,Commercial Partner Org,2026-07-28,M365 E3,36.0,24,0.15,734.4,1,98.8,68.3,2,0,1,0,0.03,Low Risk
MS-10421,SMB (1-50),Manufacturing,APAC,Direct Digital,2025-02-11,M365 E5,57.0,31,0.0,1767.0,17,31.7,38.1,1,0,1,0,0.095,Low Risk
MS-10422,SMB (1-50),Healthcare,North America,Azure Enterprise Group,2025-06-22,M365 E3,36.0,25,0.1,810.0,13,61.6,96.7,4,0,1,0,0.096,Low Risk
MS-10423,SMB (1-50),Healthcare,EMEA,Satya Nadella Team,2025-08-24,M365 Business Basic,6.0,26,0.15,132.6,11,51.2,1845.0,2,1,1,0,0.024,Low Risk
MS-10424,SMB (1-50),Healthcare,North America,Satya Nadella Team,2024-11-20,M365 Business Premium,22.0,11,0.0,242.0,20,80.1,67.9,3,0,1,0,0.028,Low Risk
MS-10425,Mid-Market (51-500),Education,EMEA,Direct Digital,2025-06-02,M365 E3,36.0,139,0.0,5004.0,13,100.0,3326.5,2,1,1,0,0.017,Low Risk
MS-10426,SMB (1-50),Financial Services,North America,Satya Nadella Team,2026-05-10,M365 E5,57.0,21,0.0,1197.0,2,79.8,200.8,1,1,1,0,0.021,Low Risk
MS-10427,Mid-Market (51-500),Retail,APAC,Direct Digital,2026-02-22,M365 Business Standard,12.5,69,0.2,690.0,5,100.0,909.4,1,0,1,0,0.034,Low Risk
MS-10428,Mid-Market (51-500),Financial Services,North America,Commercial Partner Org,2024-10-17,M365 Business Basic,6.0,53,0.1,286.2,21,43.2,108.1,2,0,1,0,0.083,Low Risk
MS-10429,SMB (1-50),Manufacturing,North America,Azure Enterprise Group,2025-09-27,M365 E3,36.0,32,0.0,1152.0,10,44.6,123.4,2,0,1,0,0.124,Low Risk
MS-10430,Enterprise (500+),Technology,North America,Satya Nadella Team,2026-03-21,M365 Business Standard,12.5,902,0.0,11275.0,4,51.9,7731.1,1,0,1,0,0.118,Low Risk
MS-10431,Mid-Market (51-500),Retail,APAC,Commercial Partner Org,2024-11-18,M365 Business Premium,22.0,469,0.1,9286.2,20,70.2,11986.7,2,1,1,0,0.013,Low Risk
MS-10432,Mid-Market (51-500),Technology,EMEA,Azure Enterprise Group,2026-01-26,M365 Business Standard,12.5,292,0.0,3650.0,6,49.5,153.6,2,0,0,1,0.394,Medium Risk
MS-10433,SMB (1-50),Education,North America,Satya Nadella Team,2026-07-12,M365 Business Standard,12.5,6,0.0,75.0,1,54.5,50.9,2,0,1,0,0.134,Low Risk
MS-10434,Mid-Market (51-500),Manufacturing,North America,Satya Nadella Team,2024-09-23,M365 Business Premium,22.0,125,0.0,2750.0,22,79.2,78.5,1,1,1,0,0.015,Low Risk
MS-10435,Mid-Market (51-500),Education,EMEA,Azure Enterprise Group,2025-04-16,M365 Business Standard,12.5,120,0.0,1500.0,15,45.7,878.9,0,0,1,0,0.085,Low Risk
MS-10436,SMB (1-50),Manufacturing,North America,Commercial Partner Org,2025-11-12,M365 Business Premium,22.0,47,0.0,1034.0,8,47.6,559.0,1,1,1,0,0.032,Low Risk
MS-10437,SMB (1-50),Technology,APAC,Commercial Partner Org,2025-06-25,M365 Business Basic,6.0,9,0.1,48.6,13,60.8,147.5,2,0,1,1,0.146,Low Risk
MS-10438,SMB (1-50),Technology,EMEA,Satya Nadella Team,2025-05-18,M365 Business Standard,12.5,10,0.1,112.5,14,62.5,17.9,2,0,1,0,0.059,Low Risk
MS-10439,Mid-Market (51-500),Technology,North America,Azure Enterprise Group,2026-07-08,M365 Business Standard,12.5,461,0.1,5186.25,1,86.2,1008.0,1,0,1,0,0.029,Low Risk
MS-10440,SMB (1-50),Manufacturing,North America,Commercial Partner Org,2024-09-10,M365 Business Premium,22.0,5,0.15,93.5,22,51.8,38.1,2,1,1,0,0.036,Low Risk
MS-10441,Mid-Market (51-500),Healthcare,LATAM,Azure Enterprise Group,2026-05-21,M365 Business Standard,12.5,396,0.0,4950.0,2,55.0,29619.2,2,1,0,0,0.152,Low Risk
MS-10442,SMB (1-50),Technology,North America,Azure Enterprise Group,2025-02-05,M365 Business Premium,22.0,7,0.0,154.0,17,78.5,37.0,2,1,1,0,0.017,Low Risk
MS-10443,Mid-Market (51-500),Education,North America,Satya Nadella Team,2025-02-05,M365 Business Premium,22.0,197,0.0,4334.0,17,82.4,1318.6,2,0,1,0,0.029,Low Risk
MS-10444,SMB (1-50),Retail,APAC,Azure Enterprise Group,2025-07-17,M365 Business Premium,22.0,11,0.0,242.0,12,93.7,74.8,1,1,1,0,0.018,Low Risk
MS-10445,SMB (1-50),Manufacturing,LATAM,Azure Enterprise Group,2025-03-21,M365 Business Premium,22.0,33,0.15,617.1,16,76.4,33.3,2,1,1,0,0.025,Low Risk
MS-10446,Mid-Market (51-500),Education,LATAM,Direct Digital,2024-12-30,M365 Business Standard,12.5,163,0.0,2037.5,19,70.3,2910.5,1,0,1,0,0.029,Low Risk
MS-10447,SMB (1-50),Financial Services,APAC,Azure Enterprise Group,2025-01-17,M365 Business Standard,12.5,15,0.0,187.5,18,78.4,52.5,4,1,1,0,0.03,Low Risk
MS-10448,SMB (1-50),Financial Services,North America,Commercial Partner Org,2026-07-06,M365 Business Premium,22.0,22,0.0,484.0,1,63.2,321.1,0,0,1,1,0.076,Low Risk
MS-10449,SMB (1-50),Retail,North America,Satya Nadella Team,2026-03-21,M365 Business Basic,6.0,48,0.0,288.0,4,63.1,371.2,2,0,1,0,0.076,Low Risk
MS-10450,Mid-Market (51-500),Healthcare,APAC,Satya Nadella Team,2025-08-05,M365 E3,36.0,172,0.0,6192.0,11,36.1,1952.9,1,1,0,0,0.237,Medium Risk
MS-10451,Enterprise (500+),Technology,EMEA,Azure Enterprise Group,2025-05-18,M365 E3,36.0,786,0.0,28296.0,14,84.1,523.3,2,0,1,0,0.027,Low Risk
MS-10452,Mid-Market (51-500),Manufacturing,North America,Azure Enterprise Group,2025-11-07,M365 Business Standard,12.5,235,0.0,2937.5,8,71.8,6223.6,3,1,1,0,0.017,Low Risk
MS-10453,SMB (1-50),Education,APAC,Commercial Partner Org,2024-10-14,M365 Business Premium,22.0,10,0.0,220.0,21,82.0,33.5,3,0,0,0,0.139,Low Risk
MS-10454,SMB (1-50),Technology,North America,Direct Digital,2025-02-06,M365 E5,57.0,22,0.0,1254.0,17,17.3,292.8,1,1,0,0,0.209,Medium Risk
MS-10455,Mid-Market (51-500),Education,EMEA,Satya Nadella Team,2025-08-21,M365 Business Standard,12.5,65,0.1,731.25,11,67.2,1247.7,3,1,1,0,0.021,Low Risk
MS-10456,Mid-Market (51-500),Manufacturing,North America,Direct Digital,2024-12-07,M365 Business Premium,22.0,178,0.0,3916.0,19,52.6,1658.8,1,0,1,0,0.073,Low Risk
MS-10457,SMB (1-50),Financial Services,EMEA,Commercial Partner Org,2026-02-20,M365 Business Basic,6.0,21,0.15,107.1,5,95.0,103.7,1,1,1,0,0.014,Low Risk
MS-10458,SMB (1-50),Technology,North America,Satya Nadella Team,2026-05-02,M365 Business Standard,12.5,37,0.0,462.5,2,79.1,1692.7,0,0,1,0,0.03,Low Risk
MS-10459,SMB (1-50),Retail,North America,Commercial Partner Org,2025-04-27,M365 E3,36.0,38,0.0,1368.0,15,72.2,148.8,1,1,1,0,0.015,Low Risk
MS-10460,Mid-Market (51-500),Healthcare,North America,Azure Enterprise Group,2025-12-19,M365 Business Premium,22.0,192,0.1,3801.6,7,60.2,6841.3,3,1,1,0,0.028,Low Risk
MS-10461,SMB (1-50),Retail,EMEA,Commercial Partner Org,2026-02-06,M365 Business Premium,22.0,23,0.2,404.8,5,75.1,46.9,1,1,1,0,0.028,Low Risk
MS-10462,Mid-Market (51-500),Healthcare,EMEA,Azure Enterprise Group,2026-03-11,M365 E5,57.0,403,0.0,22971.0,4,51.3,2384.3,0,1,1,0,0.035,Low Risk
MS-10463,SMB (1-50),Education,EMEA,Direct Digital,2025-09-27,M365 Business Premium,22.0,44,0.1,871.2,10,66.2,78.7,0,1,0,0,0.051,Low Risk
MS-10464,SMB (1-50),Technology,LATAM,Satya Nadella Team,2024-09-09,M365 Business Premium,22.0,48,0.1,950.4,22,57.6,10.0,0,0,1,0,0.074,Low Risk
MS-10465,SMB (1-50),Technology,North America,Satya Nadella Team,2026-01-26,M365 Business Premium,22.0,35,0.1,693.0,6,100.0,126.6,2,0,0,0,0.11,Low Risk
MS-10466,SMB (1-50),Healthcare,North America,Direct Digital,2025-09-24,M365 Business Premium,22.0,31,0.0,682.0,10,94.5,33.9,3,1,1,0,0.02,Low Risk
MS-10467,SMB (1-50),Financial Services,APAC,Azure Enterprise Group,2025-03-29,M365 E3,36.0,29,0.1,939.6,16,87.1,1494.2,0,1,1,0,0.017,Low Risk
MS-10468,SMB (1-50),Manufacturing,North America,Satya Nadella Team,2024-10-24,M365 E5,57.0,11,0.0,627.0,21,41.2,189.3,0,0,1,0,0.088,Low Risk
MS-10469,SMB (1-50),Retail,LATAM,Commercial Partner Org,2026-05-09,M365 E3,36.0,11,0.0,396.0,2,83.6,10.0,2,1,1,0,0.06,Low Risk
MS-10470,SMB (1-50),Education,North America,Azure Enterprise Group,2025-01-30,M365 Business Premium,22.0,24,0.1,475.2,18,71.4,72.9,1,1,1,0,0.017,Low Risk
MS-10471,SMB (1-50),Retail,LATAM,Satya Nadella Team,2025-10-15,M365 Business Basic,6.0,48,0.1,259.2,9,90.0,638.8,1,0,0,0,0.131,Low Risk
MS-10472,Enterprise (500+),Retail,North America,Commercial Partner Org,2024-09-10,M365 E3,36.0,1099,0.15,33629.4,22,73.8,6705.0,0,0,1,0,0.038,Low Risk
MS-10473,Mid-Market (51-500),Education,APAC,Commercial Partner Org,2026-03-06,M365 Business Premium,22.0,75,0.0,1650.0,4,67.9,1604.6,5,1,0,1,0.546,High Risk
MS-10474,Mid-Market (51-500),Education,EMEA,Satya Nadella Team,2026-03-10,M365 E3,36.0,495,0.0,17820.0,4,72.2,4175.3,3,0,1,0,0.031,Low Risk
MS-10475,SMB (1-50),Technology,LATAM,Direct Digital,2025-05-26,M365 Business Basic,6.0,6,0.0,36.0,14,35.5,76.3,2,0,1,0,0.14,Low Risk
MS-10476,SMB (1-50),Retail,North America,Direct Digital,2026-06-29,M365 E5,57.0,38,0.0,2166.0,1,54.2,414.5,0,0,1,0,0.121,Low Risk
MS-10477,SMB (1-50),Manufacturing,EMEA,Satya Nadella Team,2025-11-25,M365 Business Basic,6.0,21,0.0,126.0,8,74.7,256.2,1,0,1,0,0.026,Low Risk
MS-10478,Mid-Market (51-500),Manufacturing,LATAM,Commercial Partner Org,2026-04-17,M365 Business Standard,12.5,460,0.0,5750.0,3,88.5,1443.4,2,0,1,0,0.03,Low Risk
MS-10479,SMB (1-50),Healthcare,EMEA,Direct Digital,2025-03-16,M365 Business Premium,22.0,13,0.0,286.0,16,58.1,72.9,2,1,1,0,0.031,Low Risk
MS-10480,SMB (1-50),Education,EMEA,Direct Digital,2025-10-03,M365 Business Premium,22.0,5,0.1,99.0,9,67.3,10.0,3,1,1,0,0.041,Low Risk
MS-10481,Mid-Market (51-500),Technology,EMEA,Direct Digital,2024-10-22,M365 Business Standard,12.5,315,0.0,3937.5,21,39.2,3348.5,1,1,1,0,0.019,Low Risk
MS-10482,SMB (1-50),Manufacturing,EMEA,Azure Enterprise Group,2025-12-13,M365 Business Premium,22.0,32,0.0,704.0,7,94.3,236.1,1,0,1,0,0.033,Low Risk
MS-10483,SMB (1-50),Financial Services,EMEA,Direct Digital,2025-09-03,M365 Business Standard,12.5,19,0.15,201.88,10,88.0,326.1,2,0,0,0,0.129,Low Risk
MS-10484,SMB (1-50),Technology,EMEA,Satya Nadella Team,2025-09-09,M365 Business Basic,6.0,25,0.0,150.0,10,79.7,69.3,3,0,1,0,0.026,Low Risk
MS-10485,Mid-Market (51-500),Technology,APAC,Satya Nadella Team,2024-10-29,M365 Business Basic,6.0,168,0.0,1008.0,21,75.3,1157.5,4,0,1,0,0.037,Low Risk
MS-10486,Mid-Market (51-500),Manufacturing,North America,Azure Enterprise Group,2025-06-21,M365 E3,36.0,306,0.0,11016.0,13,95.9,732.1,2,0,1,0,0.033,Low Risk
MS-10487,SMB (1-50),Financial Services,North America,Azure Enterprise Group,2024-12-19,M365 Business Basic,6.0,6,0.1,32.4,19,53.5,68.5,0,0,1,0,0.115,Low Risk
MS-10488,SMB (1-50),Healthcare,LATAM,Satya Nadella Team,2026-02-24,M365 Business Basic,6.0,40,0.0,240.0,5,51.6,904.4,2,0,1,1,0.12,Low Risk
MS-10489,Mid-Market (51-500),Manufacturing,APAC,Azure Enterprise Group,2024-12-16,M365 Business Premium,22.0,364,0.0,8008.0,19,87.1,6333.9,3,1,0,0,0.041,Low Risk
MS-10490,SMB (1-50),Financial Services,EMEA,Direct Digital,2025-06-24,M365 Business Standard,12.5,6,0.2,60.0,13,85.9,207.8,1,0,1,0,0.023,Low Risk
MS-10491,Mid-Market (51-500),Technology,EMEA,Commercial Partner Org,2024-12-04,M365 E3,36.0,64,0.1,2073.6,19,46.5,2738.5,3,0,1,0,0.08,Low Risk
MS-10492,Mid-Market (51-500),Financial Services,North America,Commercial Partner Org,2026-07-16,M365 E3,36.0,168,0.1,5443.2,1,58.4,2980.8,1,1,1,0,0.031,Low Risk
MS-10493,SMB (1-50),Technology,North America,Commercial Partner Org,2025-12-16,M365 E3,36.0,21,0.0,756.0,7,98.4,85.2,0,1,0,0,0.047,Low Risk
MS-10494,SMB (1-50),Manufacturing,EMEA,Satya Nadella Team,2024-11-18,M365 Business Standard,12.5,45,0.0,562.5,20,75.4,133.7,2,0,1,0,0.03,Low Risk
MS-10495,Mid-Market (51-500),Education,North America,Azure Enterprise Group,2025-05-08,M365 Business Standard,12.5,127,0.2,1270.0,14,82.2,904.3,0,1,0,0,0.047,Low Risk
MS-10496,SMB (1-50),Manufacturing,EMEA,Commercial Partner Org,2025-08-05,M365 Business Premium,22.0,38,0.1,752.4,11,47.1,2324.1,0,1,1,0,0.023,Low Risk
MS-10497,SMB (1-50),Retail,North America,Direct Digital,2024-10-27,M365 Business Standard,12.5,38,0.0,475.0,21,79.8,242.7,1,0,1,0,0.028,Low Risk
MS-10498,Mid-Market (51-500),Retail,LATAM,Direct Digital,2025-01-25,M365 Business Basic,6.0,222,0.2,1065.6,18,42.4,591.4,0,0,1,0,0.085,Low Risk
MS-10499,SMB (1-50),Retail,LATAM,Direct Digital,2024-09-17,M365 Business Standard,12.5,48,0.0,600.0,22,32.4,1663.8,1,0,1,0,0.084,Low Risk
MS-10500,SMB (1-50),Manufacturing,EMEA,Azure Enterprise Group,2025-09-03,M365 Business Basic,6.0,33,0.0,198.0,10,81.1,193.1,3,0,1,0,0.028,Low Risk
MS-10501,SMB (1-50),Healthcare,EMEA,Commercial Partner Org,2025-03-08,M365 E5,57.0,32,0.1,1641.6,16,93.8,450.8,2,0,1,0,0.031,Low Risk
MS-10502,Mid-Market (51-500),Manufacturing,North America,Direct Digital,2026-06-06,M365 E3,36.0,424,0.0,15264.0,1,63.4,7896.0,2,0,1,0,0.071,Low Risk
MS-10503,SMB (1-50),Education,APAC,Azure Enterprise Group,2025-05-06,M365 Business Basic,6.0,18,0.0,108.0,14,58.2,400.1,1,0,1,0,0.076,Low Risk
MS-10504,Enterprise (500+),Financial Services,EMEA,Direct Digital,2025-01-28,M365 Business Standard,12.5,777,0.15,8255.62,18,98.8,16055.3,1,0,1,0,0.029,Low Risk
MS-10505,Mid-Market (51-500),Manufacturing,North America,Commercial Partner Org,2025-04-01,M365 E5,57.0,74,0.0,4218.0,16,64.5,1606.7,1,1,1,0,0.017,Low Risk
MS-10506,SMB (1-50),Manufacturing,APAC,Commercial Partner Org,2025-04-05,M365 Business Standard,12.5,8,0.0,100.0,15,66.8,105.8,4,1,1,0,0.036,Low Risk
MS-10507,SMB (1-50),Technology,APAC,Commercial Partner Org,2024-09-06,M365 E3,36.0,45,0.15,1377.0,22,98.5,279.3,2,0,1,0,0.033,Low Risk
MS-10508,SMB (1-50),Technology,LATAM,Commercial Partner Org,2026-07-02,M365 Business Standard,12.5,35,0.2,350.0,1,61.6,462.2,1,1,1,0,0.04,Low Risk
MS-10509,Mid-Market (51-500),Technology,EMEA,Commercial Partner Org,2026-04-10,M365 E3,36.0,391,0.0,14076.0,3,56.2,8503.7,1,0,0,1,0.366,Medium Risk
MS-10510,Mid-Market (51-500),Manufacturing,EMEA,Direct Digital,2025-09-30,M365 Business Premium,22.0,285,0.0,6270.0,10,82.7,1476.7,2,1,1,0,0.014,Low Risk
MS-10511,Mid-Market (51-500),Healthcare,North America,Commercial Partner Org,2025-07-01,M365 Business Basic,6.0,369,0.2,1771.2,13,55.2,1557.3,1,1,1,0,0.036,Low Risk
MS-10512,SMB (1-50),Financial Services,LATAM,Direct Digital,2026-03-12,M365 Business Standard,12.5,35,0.0,437.5,4,65.4,176.9,1,0,1,0,0.038,Low Risk
MS-10513,Mid-Market (51-500),Financial Services,APAC,Commercial Partner Org,2025-10-16,M365 Business Premium,22.0,316,0.0,6952.0,9,44.3,3038.8,1,0,1,0,0.119,Low Risk
MS-10514,SMB (1-50),Education,North America,Direct Digital,2025-10-08,M365 E5,57.0,12,0.0,684.0,9,71.3,10.0,3,0,1,0,0.086,Low Risk
MS-10515,Mid-Market (51-500),Healthcare,North America,Commercial Partner Org,2025-09-15,M365 Business Basic,6.0,167,0.0,1002.0,10,69.2,3025.0,1,0,1,0,0.035,Low Risk
MS-10516,Mid-Market (51-500),Healthcare,North America,Direct Digital,2025-11-26,M365 Business Premium,22.0,108,0.0,2376.0,8,85.4,193.7,2,0,1,0,0.031,Low Risk
MS-10517,SMB (1-50),Financial Services,APAC,Commercial Partner Org,2025-04-17,M365 Business Standard,12.5,49,0.0,612.5,15,83.4,83.8,0,1,1,0,0.023,Low Risk
MS-10518,SMB (1-50),Retail,LATAM,Azure Enterprise Group,2026-07-26,M365 E3,36.0,38,0.0,1368.0,1,77.9,100.4,4,0,1,0,0.036,Low Risk
MS-10519,Mid-Market (51-500),Technology,North America,Direct Digital,2026-01-18,M365 E3,36.0,345,0.1,11178.0,6,75.1,3561.3,3,0,1,0,0.028,Low Risk
MS-10520,Mid-Market (51-500),Technology,EMEA,Azure Enterprise Group,2026-04-18,M365 Business Standard,12.5,172,0.0,2150.0,3,66.7,694.1,2,1,1,0,0.022,Low Risk
MS-10521,SMB (1-50),Financial Services,North America,Direct Digital,2025-01-23,M365 Business Basic,6.0,12,0.0,72.0,18,79.0,66.1,0,1,1,0,0.022,Low Risk
MS-10522,SMB (1-50),Healthcare,LATAM,Direct Digital,2024-10-20,M365 Business Basic,6.0,25,0.1,135.0,21,48.0,804.9,3,0,0,1,0.296,Medium Risk
MS-10523,Mid-Market (51-500),Education,APAC,Direct Digital,2025-10-29,M365 Business Premium,22.0,194,0.1,3841.2,9,25.7,4373.5,3,0,1,0,0.127,Low Risk
MS-10524,SMB (1-50),Retail,APAC,Satya Nadella Team,2024-12-09,M365 Business Standard,12.5,15,0.15,159.38,19,88.9,344.1,2,0,1,0,0.027,Low Risk
MS-10525,SMB (1-50),Financial Services,EMEA,Commercial Partner Org,2025-08-09,M365 Business Standard,12.5,26,0.0,325.0,11,80.1,268.9,0,0,1,0,0.026,Low Risk
MS-10526,SMB (1-50),Technology,North America,Azure Enterprise Group,2026-06-13,M365 E5,57.0,25,0.0,1425.0,1,65.7,604.0,1,1,1,0,0.031,Low Risk
MS-10527,SMB (1-50),Manufacturing,North America,Azure Enterprise Group,2026-02-08,M365 Business Standard,12.5,32,0.0,400.0,5,87.3,578.9,3,0,1,0,0.033,Low Risk
MS-10528,Mid-Market (51-500),Healthcare,North America,Direct Digital,2024-09-13,M365 Business Premium,22.0,139,0.1,2752.2,22,54.8,5108.5,3,0,1,0,0.082,Low Risk
MS-10529,Enterprise (500+),Manufacturing,APAC,Azure Enterprise Group,2025-02-19,M365 Business Basic,6.0,1406,0.0,8436.0,17,55.3,1122.6,2,0,1,0,0.075,Low Risk
MS-10530,Mid-Market (51-500),Education,APAC,Azure Enterprise Group,2026-01-02,M365 Business Basic,6.0,88,0.2,422.4,6,52.8,30.8,1,1,1,0,0.036,Low Risk
MS-10531,SMB (1-50),Financial Services,LATAM,Azure Enterprise Group,2025-08-25,M365 Business Standard,12.5,19,0.15,201.88,11,78.2,43.9,1,1,1,0,0.015,Low Risk
MS-10532,Mid-Market (51-500),Technology,LATAM,Azure Enterprise Group,2024-12-15,M365 Business Premium,22.0,129,0.0,2838.0,19,39.5,4096.4,0,1,1,0,0.019,Low Risk
MS-10533,SMB (1-50),Retail,EMEA,Satya Nadella Team,2025-03-08,M365 Business Standard,12.5,47,0.15,499.38,16,54.2,524.7,1,0,1,0,0.073,Low Risk
MS-10534,SMB (1-50),Manufacturing,APAC,Direct Digital,2026-02-11,M365 E3,36.0,11,0.0,396.0,5,73.2,73.3,1,1,1,0,0.018,Low Risk
MS-10535,Enterprise (500+),Retail,LATAM,Azure Enterprise Group,2024-10-20,M365 Business Standard,12.5,2016,0.0,25200.0,21,46.3,17391.6,4,0,0,0,0.258,Medium Risk
MS-10536,SMB (1-50),Education,APAC,Satya Nadella Team,2025-05-07,M365 Business Standard,12.5,23,0.0,287.5,14,56.1,488.4,2,0,1,0,0.077,Low Risk
MS-10537,Enterprise (500+),Technology,North America,Satya Nadella Team,2025-10-15,M365 E5,57.0,1693,0.0,96501.0,9,28.2,50000.0,1,0,0,1,0.378,Medium Risk
MS-10538,SMB (1-50),Manufacturing,EMEA,Direct Digital,2025-09-26,M365 Business Standard,12.5,22,0.0,275.0,10,78.9,345.4,3,1,1,0,0.015,Low Risk
MS-10539,Mid-Market (51-500),Education,North America,Commercial Partner Org,2025-09-14,M365 Business Standard,12.5,66,0.0,825.0,10,55.6,1129.8,2,1,1,0,0.025,Low Risk
MS-10540,SMB (1-50),Retail,LATAM,Commercial Partner Org,2025-04-15,M365 Business Basic,6.0,47,0.1,253.8,15,48.2,217.8,1,0,1,0,0.076,Low Risk
MS-10541,SMB (1-50),Retail,EMEA,Commercial Partner Org,2026-04-14,M365 E3,36.0,5,0.0,180.0,3,44.7,37.8,1,0,1,1,0.213,Medium Risk
MS-10542,SMB (1-50),Manufacturing,North America,Azure Enterprise Group,2025-04-01,M365 E3,36.0,42,0.0,1512.0,16,60.5,1091.0,2,0,1,0,0.077,Low Risk
MS-10543,Mid-Market (51-500),Technology,EMEA,Direct Digital,2026-02-11,M365 Business Basic,6.0,319,0.0,1914.0,5,39.6,5900.8,0,1,1,0,0.045,Low Risk
MS-10544,Mid-Market (51-500),Retail,EMEA,Commercial Partner Org,2025-08-12,M365 Business Standard,12.5,168,0.1,1890.0,11,100.0,2324.2,2,0,1,0,0.037,Low Risk
MS-10545,Mid-Market (51-500),Financial Services,North America,Azure Enterprise Group,2025-10-24,M365 Business Premium,22.0,242,0.0,5324.0,9,25.1,195.9,2,0,1,0,0.127,Low Risk
MS-10546,Mid-Market (51-500),Education,North America,Direct Digital,2024-11-23,M365 E5,57.0,367,0.15,17781.15,20,59.9,177.5,2,1,1,0,0.018,Low Risk
MS-10547,Mid-Market (51-500),Manufacturing,EMEA,Azure Enterprise Group,2025-03-16,M365 Business Standard,12.5,338,0.2,3380.0,16,69.9,566.8,1,0,0,0,0.136,Low Risk
MS-10548,SMB (1-50),Healthcare,EMEA,Commercial Partner Org,2026-02-12,M365 E3,36.0,27,0.15,826.2,5,54.0,282.1,1,0,1,0,0.119,Low Risk
MS-10549,SMB (1-50),Healthcare,APAC,Commercial Partner Org,2025-04-09,M365 Business Standard,12.5,5,0.0,62.5,15,71.8,46.1,6,0,1,0,0.121,Low Risk
MS-10550,Mid-Market (51-500),Technology,EMEA,Satya Nadella Team,2025-02-23,M365 Business Basic,6.0,347,0.0,2082.0,17,53.6,11906.1,0,1,1,0,0.034,Low Risk
MS-10551,Mid-Market (51-500),Financial Services,APAC,Satya Nadella Team,2026-04-07,M365 Business Basic,6.0,244,0.0,1464.0,3,95.5,3474.5,2,0,1,0,0.033,Low Risk
MS-10552,Mid-Market (51-500),Retail,EMEA,Direct Digital,2026-04-26,M365 Business Standard,12.5,442,0.15,4696.25,3,47.9,1846.3,3,0,0,0,0.263,Medium Risk
MS-10553,SMB (1-50),Healthcare,EMEA,Azure Enterprise Group,2025-07-19,M365 Business Standard,12.5,12,0.0,150.0,12,25.7,25.4,1,1,1,0,0.069,Low Risk
MS-10554,SMB (1-50),Technology,APAC,Azure Enterprise Group,2026-02-17,M365 E5,57.0,30,0.0,1710.0,5,44.6,681.8,3,1,1,0,0.043,Low Risk
MS-10555,Enterprise (500+),Education,North America,Commercial Partner Org,2025-09-29,M365 Business Basic,6.0,2519,0.1,13602.6,10,75.0,18605.0,0,1,1,0,0.014,Low Risk
MS-10556,Mid-Market (51-500),Financial Services,North America,Commercial Partner Org,2026-06-02,M365 Business Standard,12.5,351,0.0,4387.5,1,65.9,4463.8,2,1,1,0,0.022,Low Risk
MS-10557,SMB (1-50),Financial Services,North America,Direct Digital,2026-03-25,M365 Business Basic,6.0,33,0.1,178.2,4,81.5,329.8,6,1,1,0,0.087,Low Risk
MS-10558,Mid-Market (51-500),Technology,APAC,Satya Nadella Team,2025-07-21,M365 E3,36.0,476,0.0,17136.0,12,77.0,649.3,4,0,1,0,0.029,Low Risk
MS-10559,Enterprise (500+),Technology,EMEA,Commercial Partner Org,2024-11-24,M365 E5,57.0,1928,0.0,109896.0,20,56.5,1359.3,1,0,0,0,0.266,Medium Risk
MS-10560,SMB (1-50),Retail,EMEA,Azure Enterprise Group,2025-11-01,M365 Business Basic,6.0,18,0.0,108.0,8,59.2,102.2,1,0,0,1,0.4,Medium Risk
MS-10561,Mid-Market (51-500),Technology,North America,Commercial Partner Org,2025-05-26,M365 Business Standard,12.5,281,0.0,3512.5,14,61.1,1513.1,2,0,1,0,0.085,Low Risk
MS-10562,Enterprise (500+),Retail,North America,Satya Nadella Team,2024-12-21,M365 Business Basic,6.0,2432,0.0,14592.0,19,100.0,32693.0,3,1,1,0,0.013,Low Risk
MS-10563,Enterprise (500+),Retail,North America,Azure Enterprise Group,2026-05-21,M365 Business Standard,12.5,1956,0.1,22005.0,2,80.4,23477.1,1,0,1,0,0.021,Low Risk
MS-10564,Enterprise (500+),Manufacturing,North America,Satya Nadella Team,2025-10-03,M365 Business Basic,6.0,1680,0.2,8064.0,9,100.0,50000.0,3,0,1,0,0.037,Low Risk
MS-10565,Mid-Market (51-500),Financial Services,EMEA,Direct Digital,2024-10-22,M365 Business Standard,12.5,456,0.1,5130.0,21,83.1,10684.8,5,0,1,1,0.282,Medium Risk
MS-10566,SMB (1-50),Education,North America,Direct Digital,2024-11-23,M365 Business Premium,22.0,27,0.0,594.0,20,66.9,222.4,0,0,1,0,0.035,Low Risk
MS-10567,SMB (1-50),Financial Services,North America,Satya Nadella Team,2026-05-16,M365 Business Premium,22.0,22,0.0,484.0,2,49.7,183.0,4,1,1,0,0.039,Low Risk
MS-10568,SMB (1-50),Financial Services,APAC,Azure Enterprise Group,2025-10-30,M365 Business Basic,6.0,44,0.0,264.0,9,71.6,592.0,2,0,1,1,0.035,Low Risk
MS-10569,SMB (1-50),Manufacturing,North America,Satya Nadella Team,2024-09-21,M365 Business Standard,12.5,14,0.15,148.75,22,66.9,20.4,1,1,0,0,0.068,Low Risk
MS-10570,SMB (1-50),Retail,EMEA,Commercial Partner Org,2026-07-20,M365 Business Premium,22.0,16,0.0,352.0,1,66.3,1751.1,4,0,1,0,0.059,Low Risk
MS-10571,SMB (1-50),Retail,APAC,Commercial Partner Org,2024-10-26,M365 Business Premium,22.0,45,0.0,990.0,21,64.2,395.0,4,0,1,0,0.058,Low Risk
MS-10572,SMB (1-50),Technology,North America,Satya Nadella Team,2025-06-18,M365 Business Basic,6.0,12,0.0,72.0,13,31.1,346.6,2,0,1,0,0.147,Low Risk
MS-10573,SMB (1-50),Manufacturing,EMEA,Commercial Partner Org,2026-06-17,M365 E3,36.0,36,0.2,1036.8,1,90.7,1478.3,3,0,1,0,0.033,Low Risk
MS-10574,Mid-Market (51-500),Technology,APAC,Satya Nadella Team,2025-09-08,M365 Business Standard,12.5,490,0.0,6125.0,10,67.1,5123.9,2,1,1,1,0.016,Low Risk
MS-10575,SMB (1-50),Manufacturing,LATAM,Commercial Partner Org,2024-09-08,M365 Business Basic,6.0,45,0.1,243.0,22,42.5,58.9,3,0,1,1,0.097,Low Risk
MS-10576,Mid-Market (51-500),Technology,North America,Satya Nadella Team,2025-01-02,M365 Business Basic,6.0,120,0.0,720.0,18,76.7,1226.6,2,0,1,0,0.031,Low Risk
MS-10577,Mid-Market (51-500),Healthcare,APAC,Commercial Partner Org,2024-12-10,M365 E5,57.0,483,0.0,27531.0,19,52.6,5276.8,1,1,0,0,0.141,Low Risk
MS-10578,SMB (1-50),Financial Services,EMEA,Azure Enterprise Group,2024-12-02,M365 Business Standard,12.5,41,0.1,461.25,19,78.1,766.0,2,0,1,0,0.03,Low Risk
MS-10579,Enterprise (500+),Financial Services,North America,Azure Enterprise Group,2025-09-20,M365 E5,57.0,1863,0.1,95571.9,10,83.9,1105.1,2,0,1,0,0.029,Low Risk
MS-10580,Mid-Market (51-500),Education,EMEA,Commercial Partner Org,2024-11-19,M365 Business Standard,12.5,168,0.15,1785.0,20,86.4,1265.9,1,1,1,0,0.015,Low Risk
MS-10581,SMB (1-50),Retail,LATAM,Satya Nadella Team,2025-06-25,M365 Business Standard,12.5,28,0.1,315.0,13,65.1,860.5,0,1,0,0,0.041,Low Risk
MS-10582,SMB (1-50),Education,EMEA,Commercial Partner Org,2024-10-01,M365 Business Premium,22.0,27,0.0,594.0,22,60.6,1537.2,0,0,1,0,0.073,Low Risk
MS-10583,SMB (1-50),Healthcare,North America,Direct Digital,2025-09-13,M365 Business Basic,6.0,35,0.0,210.0,10,56.7,89.2,5,1,1,0,0.165,Low Risk
MS-10584,SMB (1-50),Education,EMEA,Direct Digital,2025-07-27,M365 Business Standard,12.5,43,0.1,483.75,12,55.0,1055.1,2,1,1,0,0.024,Low Risk
MS-10585,SMB (1-50),Financial Services,North America,Satya Nadella Team,2025-06-26,M365 Business Standard,12.5,48,0.1,540.0,13,67.7,91.1,1,0,0,1,0.186,Low Risk
MS-10586,Mid-Market (51-500),Retail,North America,Commercial Partner Org,2025-06-09,M365 E3,36.0,435,0.2,12528.0,13,64.2,9604.5,2,0,1,0,0.036,Low Risk
MS-10587,Enterprise (500+),Healthcare,North America,Commercial Partner Org,2024-09-12,M365 Business Standard,12.5,1311,0.0,16387.5,22,53.1,5108.7,1,0,1,0,0.074,Low Risk
MS-10588,Mid-Market (51-500),Financial Services,North America,Azure Enterprise Group,2026-06-01,M365 Business Standard,12.5,152,0.1,1710.0,2,47.4,5854.2,1,1,1,0,0.037,Low Risk
MS-10589,SMB (1-50),Technology,North America,Satya Nadella Team,2026-07-31,M365 Business Standard,12.5,33,0.0,412.5,1,66.0,470.9,1,0,1,0,0.041,Low Risk
MS-10590,SMB (1-50),Manufacturing,North America,Direct Digital,2024-11-08,M365 Business Premium,22.0,15,0.0,330.0,20,60.2,91.7,1,1,1,0,0.027,Low Risk
MS-10591,SMB (1-50),Healthcare,EMEA,Direct Digital,2026-02-05,M365 Business Basic,6.0,6,0.0,36.0,5,47.5,23.7,0,0,0,0,0.441,Medium Risk
MS-10592,SMB (1-50),Retail,North America,Satya Nadella Team,2024-09-23,M365 Business Basic,6.0,18,0.1,97.2,22,83.0,57.9,0,1,1,0,0.017,Low Risk
MS-10593,SMB (1-50),Education,North America,Direct Digital,2025-08-03,M365 Business Standard,12.5,8,0.15,85.0,11,99.9,109.6,3,0,0,0,0.142,Low Risk
MS-10594,Mid-Market (51-500),Education,APAC,Satya Nadella Team,2025-11-01,M365 Business Premium,22.0,458,0.0,10076.0,8,85.3,12428.4,2,0,1,0,0.028,Low Risk
MS-10595,SMB (1-50),Healthcare,EMEA,Direct Digital,2025-03-28,M365 Business Standard,12.5,38,0.15,403.75,16,55.0,641.3,4,1,1,0,0.026,Low Risk
MS-10596,Mid-Market (51-500),Retail,EMEA,Direct Digital,2025-04-03,M365 Business Standard,12.5,390,0.0,4875.0,15,67.1,8426.6,2,1,0,0,0.045,Low Risk
MS-10597,SMB (1-50),Healthcare,North America,Satya Nadella Team,2026-05-28,M365 Business Premium,22.0,13,0.0,286.0,2,95.7,237.2,0,0,1,0,0.032,Low Risk
MS-10598,Enterprise (500+),Retail,North America,Satya Nadella Team,2025-10-28,M365 E5,57.0,3436,0.1,176266.8,9,46.9,50000.0,1,0,1,0,0.088,Low Risk
MS-10599,Mid-Market (51-500),Education,North America,Direct Digital,2024-11-12,M365 E3,36.0,327,0.0,11772.0,20,82.1,5564.3,1,1,1,0,0.012,Low Risk
MS-10600,Mid-Market (51-500),Financial Services,North America,Direct Digital,2026-04-29,M365 Business Standard,12.5,156,0.0,1950.0,3,41.9,441.8,4,0,1,0,0.144,Low Risk
MS-10601,SMB (1-50),Technology,North America,Azure Enterprise Group,2026-06-28,M365 Business Premium,22.0,21,0.15,392.7,1,98.3,395.2,0,0,1,0,0.03,Low Risk
MS-10602,Enterprise (500+),Financial Services,North America,Commercial Partner Org,2025-06-01,M365 E5,57.0,1043,0.1,53505.9,14,60.3,4865.1,2,1,1,0,0.018,Low Risk
MS-10603,Mid-Market (51-500),Technology,North America,Satya Nadella Team,2026-06-02,M365 Business Standard,12.5,472,0.2,4720.0,1,100.0,30997.0,2,0,1,0,0.035,Low Risk
MS-10604,Mid-Market (51-500),Education,North America,Satya Nadella Team,2025-04-21,M365 Business Standard,12.5,231,0.15,2454.38,15,99.1,1310.3,2,1,1,0,0.021,Low Risk
MS-10605,Mid-Market (51-500),Financial Services,EMEA,Commercial Partner Org,2024-10-11,M365 Business Basic,6.0,193,0.15,984.3,21,66.1,802.3,1,0,1,0,0.042,Low Risk
MS-10606,Mid-Market (51-500),Financial Services,North America,Azure Enterprise Group,2025-06-16,M365 E3,36.0,164,0.0,5904.0,13,55.1,538.1,4,1,1,0,0.028,Low Risk
MS-10607,SMB (1-50),Healthcare,North America,Direct Digital,2026-03-09,M365 Business Basic,6.0,32,0.2,153.6,4,71.5,412.6,5,1,1,0,0.078,Low Risk
MS-10608,Mid-Market (51-500),Manufacturing,EMEA,Direct Digital,2025-05-28,M365 Business Basic,6.0,476,0.15,2427.6,14,64.8,660.6,1,0,1,0,0.038,Low Risk
MS-10609,Mid-Market (51-500),Education,EMEA,Azure Enterprise Group,2025-11-13,M365 Business Standard,12.5,144,0.0,1800.0,8,60.8,5304.3,3,0,1,0,0.116,Low Risk
MS-10610,SMB (1-50),Retail,North America,Azure Enterprise Group,2025-07-11,M365 E3,36.0,8,0.15,244.8,12,38.2,33.5,2,0,1,1,0.131,Low Risk
MS-10611,SMB (1-50),Education,APAC,Commercial Partner Org,2026-01-23,M365 Business Standard,12.5,40,0.1,450.0,6,58.7,168.1,2,1,1,0,0.03,Low Risk
MS-10612,SMB (1-50),Retail,EMEA,Commercial Partner Org,2025-09-29,M365 E3,36.0,26,0.1,842.4,10,48.0,14.7,3,1,1,0,0.033,Low Risk
MS-10613,Mid-Market (51-500),Retail,North America,Direct Digital,2024-09-28,M365 E3,36.0,473,0.0,17028.0,22,77.9,1602.8,1,0,1,0,0.035,Low Risk
MS-10614,SMB (1-50),Technology,APAC,Azure Enterprise Group,2025-05-28,M365 Business Standard,12.5,25,0.0,312.5,14,85.8,162.9,0,0,1,0,0.026,Low Risk
MS-10615,SMB (1-50),Retail,APAC,Azure Enterprise Group,2025-12-11,M365 Business Premium,22.0,44,0.1,871.2,7,81.3,243.6,3,0,1,0,0.032,Low Risk
MS-10616,SMB (1-50),Retail,North America,Direct Digital,2024-11-13,M365 Business Standard,12.5,45,0.0,562.5,20,74.2,172.2,1,1,1,0,0.018,Low Risk
MS-10617,Mid-Market (51-500),Healthcare,North America,Direct Digital,2026-06-19,M365 E5,57.0,321,0.0,18297.0,1,52.6,160.2,1,0,1,0,0.135,Low Risk
MS-10618,SMB (1-50),Financial Services,APAC,Direct Digital,2026-07-06,M365 Business Premium,22.0,46,0.0,1012.0,1,71.7,197.3,0,0,0,0,0.171,Low Risk
MS-10619,Mid-Market (51-500),Education,EMEA,Direct Digital,2025-05-04,M365 E5,57.0,434,0.15,21027.3,14,82.3,7846.2,2,1,1,0,0.011,Low Risk
MS-10620,SMB (1-50),Education,North America,Direct Digital,2025-10-15,M365 Business Basic,6.0,39,0.0,234.0,9,57.4,270.3,0,0,1,0,0.102,Low Risk
MS-10621,Mid-Market (51-500),Retail,North America,Commercial Partner Org,2026-01-11,M365 Business Standard,12.5,427,0.1,4803.75,6,70.1,1760.5,2,0,1,0,0.026,Low Risk
MS-10622,Enterprise (500+),Manufacturing,North America,Direct Digital,2025-10-23,M365 Business Basic,6.0,2517,0.15,12836.7,9,65.4,10980.5,2,1,0,0,0.04,Low Risk
MS-10623,SMB (1-50),Education,EMEA,Azure Enterprise Group,2025-03-30,M365 Business Standard,12.5,17,0.0,212.5,16,97.9,164.9,1,0,0,1,0.178,Low Risk
MS-10624,SMB (1-50),Retail,EMEA,Satya Nadella Team,2025-04-11,M365 E3,36.0,10,0.0,360.0,15,83.3,43.2,1,0,0,0,0.141,Low Risk
MS-10625,Mid-Market (51-500),Technology,North America,Commercial Partner Org,2025-08-26,M365 Business Standard,12.5,206,0.0,2575.0,11,79.0,2463.1,2,0,1,0,0.035,Low Risk
MS-10626,SMB (1-50),Technology,EMEA,Azure Enterprise Group,2026-04-05,M365 Business Basic,6.0,32,0.2,153.6,3,37.1,1748.0,1,0,1,0,0.153,Low Risk
MS-10627,SMB (1-50),Technology,EMEA,Satya Nadella Team,2024-09-20,M365 Business Basic,6.0,15,0.0,90.0,22,71.1,10.0,2,0,0,1,0.334,Medium Risk
MS-10628,Mid-Market (51-500),Retail,North America,Commercial Partner Org,2025-10-28,M365 Business Standard,12.5,119,0.1,1338.75,9,65.2,263.9,0,1,0,0,0.057,Low Risk
MS-10629,Enterprise (500+),Healthcare,North America,Direct Digital,2024-12-30,M365 Business Basic,6.0,2741,0.1,14801.4,19,65.1,6491.7,1,0,1,0,0.034,Low Risk
MS-10630,Mid-Market (51-500),Manufacturing,EMEA,Commercial Partner Org,2025-02-20,M365 Business Standard,12.5,182,0.0,2275.0,17,39.9,1294.1,1,1,1,0,0.021,Low Risk
MS-10631,SMB (1-50),Retail,APAC,Direct Digital,2024-10-04,M365 E3,36.0,43,0.1,1393.2,21,48.4,21.8,1,1,0,0,0.224,Medium Risk
MS-10632,SMB (1-50),Healthcare,EMEA,Direct Digital,2024-11-10,M365 Business Standard,12.5,15,0.0,187.5,20,66.8,116.9,0,1,0,0,0.059,Low Risk
MS-10633,SMB (1-50),Healthcare,EMEA,Direct Digital,2026-02-27,M365 Business Premium,22.0,16,0.0,352.0,5,88.1,507.7,1,0,1,0,0.031,Low Risk
MS-10634,Mid-Market (51-500),Education,North America,Satya Nadella Team,2026-05-14,M365 Business Standard,12.5,190,0.0,2375.0,2,57.4,26.5,0,0,1,0,0.116,Low Risk
MS-10635,Mid-Market (51-500),Retail,North America,Commercial Partner Org,2026-02-17,M365 Business Premium,22.0,185,0.0,4070.0,5,60.8,1008.0,0,0,1,0,0.117,Low Risk
MS-10636,Enterprise (500+),Retail,EMEA,Direct Digital,2026-06-20,M365 Business Basic,6.0,1838,0.0,11028.0,1,100.0,31558.8,1,0,1,0,0.032,Low Risk
MS-10637,SMB (1-50),Healthcare,North America,Azure Enterprise Group,2024-09-14,M365 E5,57.0,8,0.0,456.0,22,62.7,16.1,0,0,1,0,0.062,Low Risk
MS-10638,Mid-Market (51-500),Healthcare,North America,Commercial Partner Org,2025-07-03,M365 Business Premium,22.0,457,0.15,8545.9,12,65.7,442.7,1,1,1,0,0.015,Low Risk
MS-10639,SMB (1-50),Healthcare,North America,Azure Enterprise Group,2026-03-02,M365 Business Standard,12.5,48,0.0,600.0,5,65.9,573.9,1,0,1,0,0.041,Low Risk
MS-10640,SMB (1-50),Education,North America,Satya Nadella Team,2025-05-29,M365 Business Basic,6.0,6,0.1,32.4,14,43.8,10.0,2,1,1,0,0.063,Low Risk
MS-10641,Mid-Market (51-500),Retail,North America,Satya Nadella Team,2024-10-23,M365 Business Basic,6.0,422,0.0,2532.0,21,78.3,8195.2,0,0,1,0,0.03,Low Risk
MS-10642,SMB (1-50),Healthcare,North America,Commercial Partner Org,2026-01-07,M365 E3,36.0,26,0.0,936.0,6,56.2,21.6,0,1,1,0,0.047,Low Risk
MS-10643,Mid-Market (51-500),Technology,North America,Satya Nadella Team,2026-03-14,M365 Business Premium,22.0,287,0.1,5682.6,4,67.5,2559.2,3,0,1,0,0.032,Low Risk
MS-10644,Mid-Market (51-500),Retail,North America,Satya Nadella Team,2025-12-07,M365 Business Standard,12.5,215,0.1,2418.75,7,76.0,3476.7,1,0,1,0,0.034,Low Risk
MS-10645,Enterprise (500+),Education,APAC,Commercial Partner Org,2026-02-05,M365 Business Standard,12.5,2750,0.0,34375.0,5,100.0,9143.9,2,0,1,0,0.041,Low Risk
MS-10646,Mid-Market (51-500),Technology,EMEA,Azure Enterprise Group,2025-07-21,M365 E3,36.0,198,0.1,6415.2,12,44.3,259.7,2,1,1,0,0.023,Low Risk
MS-10647,Mid-Market (51-500),Financial Services,EMEA,Direct Digital,2026-02-06,M365 E3,36.0,268,0.0,9648.0,5,83.6,621.1,4,0,1,0,0.032,Low Risk
MS-10648,Mid-Market (51-500),Retail,APAC,Commercial Partner Org,2025-11-17,M365 Business Premium,22.0,478,0.0,10516.0,8,83.6,11063.8,1,0,1,0,0.028,Low Risk
MS-10649,SMB (1-50),Financial Services,EMEA,Commercial Partner Org,2025-05-09,M365 Business Standard,12.5,41,0.1,461.25,14,56.5,601.9,5,1,1,0,0.122,Low Risk
MS-10650,SMB (1-50),Healthcare,North America,Direct Digital,2025-02-07,M365 E3,36.0,26,0.0,936.0,17,78.8,68.9,2,1,1,0,0.017,Low Risk
MS-10651,Mid-Market (51-500),Education,EMEA,Azure Enterprise Group,2024-10-06,M365 Business Premium,22.0,120,0.0,2640.0,21,97.6,1813.3,4,1,0,0,0.078,Low Risk
MS-10652,Mid-Market (51-500),Healthcare,EMEA,Direct Digital,2026-06-23,M365 Business Standard,12.5,271,0.0,3387.5,1,54.2,4010.1,0,0,1,0,0.119,Low Risk
MS-10653,Mid-Market (51-500),Education,EMEA,Direct Digital,2025-03-17,M365 Business Basic,6.0,124,0.0,744.0,16,72.3,9055.7,2,1,1,0,0.016,Low Risk
MS-10654,SMB (1-50),Manufacturing,North America,Azure Enterprise Group,2025-11-24,M365 E3,36.0,49,0.1,1587.6,8,75.3,292.1,3,1,1,0,0.023,Low Risk
MS-10655,SMB (1-50),Healthcare,North America,Azure Enterprise Group,2025-09-13,M365 Business Basic,6.0,38,0.0,228.0,10,77.6,912.6,1,1,1,0,0.018,Low Risk
MS-10656,SMB (1-50),Financial Services,North America,Direct Digital,2025-05-04,M365 Business Basic,6.0,23,0.15,117.3,14,81.8,163.2,2,0,1,0,0.024,Low Risk
MS-10657,Mid-Market (51-500),Education,North America,Direct Digital,2025-09-28,M365 E3,36.0,209,0.0,7524.0,10,71.0,5719.3,1,1,1,0,0.013,Low Risk
MS-10658,Mid-Market (51-500),Healthcare,EMEA,Commercial Partner Org,2025-03-23,M365 Business Premium,22.0,406,0.0,8932.0,16,77.2,468.1,1,0,1,0,0.027,Low Risk
MS-10659,Mid-Market (51-500),Retail,EMEA,Azure Enterprise Group,2024-10-14,M365 E3,36.0,219,0.1,7095.6,21,51.6,506.5,3,1,1,0,0.022,Low Risk
MS-10660,SMB (1-50),Education,North America,Satya Nadella Team,2025-07-12,M365 Business Standard,12.5,23,0.0,287.5,12,71.0,523.5,4,1,0,0,0.064,Low Risk
MS-10661,SMB (1-50),Education,LATAM,Azure Enterprise Group,2025-10-13,M365 E5,57.0,41,0.15,1986.45,9,59.4,841.8,2,0,1,0,0.105,Low Risk
MS-10662,Mid-Market (51-500),Healthcare,EMEA,Direct Digital,2025-03-25,M365 Business Standard,12.5,211,0.1,2373.75,16,45.9,922.8,3,0,1,0,0.083,Low Risk
MS-10663,Mid-Market (51-500),Manufacturing,North America,Direct Digital,2025-04-29,M365 Business Premium,22.0,477,0.0,10494.0,15,58.8,5199.2,1,0,1,0,0.079,Low Risk
MS-10664,SMB (1-50),Healthcare,North America,Direct Digital,2024-10-11,M365 Business Standard,12.5,30,0.0,375.0,21,72.9,173.7,0,1,1,0,0.019,Low Risk
MS-10665,Mid-Market (51-500),Financial Services,North America,Direct Digital,2026-04-11,M365 Business Basic,6.0,82,0.0,492.0,3,75.8,10.2,1,1,0,0,0.065,Low Risk
MS-10666,SMB (1-50),Financial Services,North America,Satya Nadella Team,2025-08-29,M365 Business Standard,12.5,16,0.15,170.0,11,45.2,10.0,2,0,0,0,0.284,Medium Risk
MS-10667,Mid-Market (51-500),Education,North America,Azure Enterprise Group,2024-12-04,M365 Business Premium,22.0,265,0.0,5830.0,19,51.1,177.4,0,1,1,0,0.021,Low Risk
MS-10668,Mid-Market (51-500),Education,North America,Satya Nadella Team,2026-02-22,M365 Business Basic,6.0,53,0.0,318.0,5,81.0,573.4,1,0,1,0,0.035,Low Risk
MS-10669,Mid-Market (51-500),Healthcare,North America,Satya Nadella Team,2025-01-22,M365 Business Standard,12.5,435,0.0,5437.5,18,77.1,1709.2,2,0,0,0,0.152,Low Risk
MS-10670,Mid-Market (51-500),Financial Services,North America,Direct Digital,2024-10-29,M365 Business Basic,6.0,278,0.0,1668.0,21,84.0,518.5,0,0,1,0,0.029,Low Risk
MS-10671,SMB (1-50),Financial Services,APAC,Satya Nadella Team,2026-06-03,M365 Business Basic,6.0,17,0.0,102.0,1,92.6,577.8,2,0,1,0,0.04,Low Risk
MS-10672,Mid-Market (51-500),Manufacturing,North America,Direct Digital,2026-01-22,M365 Business Premium,22.0,98,0.15,1832.6,6,77.7,152.1,1,1,1,0,0.021,Low Risk
MS-10673,Mid-Market (51-500),Retail,EMEA,Direct Digital,2026-01-26,M365 E5,57.0,217,0.1,11132.1,6,60.5,2918.6,0,0,1,0,0.128,Low Risk
MS-10674,Mid-Market (51-500),Manufacturing,North America,Direct Digital,2024-09-22,M365 Business Standard,12.5,439,0.1,4938.75,22,70.1,11831.0,0,0,0,0,0.169,Low Risk
MS-10675,Mid-Market (51-500),Technology,LATAM,Satya Nadella Team,2025-03-23,M365 Business Premium,22.0,383,0.15,7162.1,16,97.9,822.3,2,0,0,0,0.114,Low Risk
MS-10676,SMB (1-50),Manufacturing,North America,Direct Digital,2026-07-31,M365 E5,57.0,12,0.0,684.0,1,100.0,34.8,6,0,0,1,0.531,High Risk
MS-10677,Enterprise (500+),Healthcare,North America,Satya Nadella Team,2025-12-15,M365 Business Premium,22.0,2982,0.2,52483.2,7,76.3,30519.4,1,0,1,0,0.019,Low Risk
MS-10678,Mid-Market (51-500),Retail,LATAM,Azure Enterprise Group,2025-06-11,M365 Business Premium,22.0,328,0.0,7216.0,13,77.6,2795.3,2,0,1,0,0.027,Low Risk
MS-10679,SMB (1-50),Healthcare,APAC,Direct Digital,2025-09-07,M365 Business Basic,6.0,39,0.0,234.0,10,81.1,344.5,2,0,0,0,0.176,Low Risk
MS-10680,Mid-Market (51-500),Technology,APAC,Commercial Partner Org,2026-01-11,M365 Business Standard,12.5,242,0.0,3025.0,6,68.4,2349.2,3,0,1,0,0.032,Low Risk
MS-10681,SMB (1-50),Retail,North America,Commercial Partner Org,2025-07-29,M365 Business Standard,12.5,25,0.0,312.5,12,88.9,898.1,2,0,1,0,0.029,Low Risk
MS-10682,SMB (1-50),Education,North America,Commercial Partner Org,2024-09-27,M365 Business Standard,12.5,22,0.0,275.0,22,86.1,14.6,1,0,1,0,0.04,Low Risk
MS-10683,SMB (1-50),Financial Services,EMEA,Commercial Partner Org,2025-01-07,M365 E3,36.0,18,0.1,583.2,18,74.4,308.7,5,1,1,0,0.047,Low Risk
MS-10684,Mid-Market (51-500),Manufacturing,APAC,Commercial Partner Org,2025-09-15,M365 Business Standard,12.5,359,0.0,4487.5,10,62.3,1140.0,1,0,0,0,0.176,Low Risk
MS-10685,Enterprise (500+),Healthcare,EMEA,Satya Nadella Team,2026-01-20,M365 Business Basic,6.0,3150,0.1,17010.0,6,40.6,17686.2,1,0,1,0,0.105,Low Risk
MS-10686,Mid-Market (51-500),Technology,EMEA,Azure Enterprise Group,2024-12-04,M365 E5,57.0,69,0.1,3539.7,19,81.2,77.4,1,0,1,0,0.029,Low Risk
MS-10687,Mid-Market (51-500),Financial Services,North America,Satya Nadella Team,2026-04-01,M365 Business Standard,12.5,394,0.15,4186.25,4,71.8,2789.1,0,1,1,0,0.021,Low Risk
MS-10688,SMB (1-50),Manufacturing,APAC,Direct Digital,2025-02-24,M365 E5,57.0,49,0.15,2374.05,17,54.7,958.9,5,0,1,0,0.141,Low Risk
MS-10689,SMB (1-50),Financial Services,North America,Azure Enterprise Group,2025-12-17,M365 Business Premium,22.0,15,0.0,330.0,7,47.7,18.7,1,0,1,0,0.127,Low Risk
MS-10690,SMB (1-50),Manufacturing,North America,Azure Enterprise Group,2025-12-30,M365 Business Basic,6.0,8,0.2,38.4,7,79.9,31.0,0,1,1,0,0.017,Low Risk
MS-10691,Mid-Market (51-500),Education,North America,Azure Enterprise Group,2025-06-02,M365 Business Premium,22.0,483,0.0,10626.0,13,39.2,2706.2,1,0,0,0,0.318,Medium Risk
MS-10692,Enterprise (500+),Retail,EMEA,Azure Enterprise Group,2026-06-30,M365 Business Premium,22.0,1467,0.0,32274.0,1,73.4,1931.2,1,0,0,1,0.131,Low Risk
MS-10693,SMB (1-50),Financial Services,North America,Commercial Partner Org,2025-10-28,M365 Business Basic,6.0,40,0.0,240.0,9,83.2,689.7,2,0,1,0,0.032,Low Risk
MS-10694,Mid-Market (51-500),Financial Services,North America,Direct Digital,2026-02-13,M365 Business Standard,12.5,309,0.0,3862.5,5,77.9,5733.4,1,1,1,0,0.021,Low Risk
MS-10695,Enterprise (500+),Financial Services,EMEA,Azure Enterprise Group,2025-07-17,M365 Business Standard,12.5,2481,0.0,31012.5,12,61.0,50000.0,0,1,0,0,0.08,Low Risk
MS-10696,SMB (1-50),Retail,North America,Azure Enterprise Group,2024-10-28,M365 Business Premium,22.0,36,0.1,712.8,21,45.5,378.8,2,1,1,0,0.021,Low Risk
MS-10697,Mid-Market (51-500),Technology,EMEA,Commercial Partner Org,2025-05-31,M365 Business Standard,12.5,108,0.0,1350.0,14,78.6,917.2,3,0,1,0,0.031,Low Risk
MS-10698,Mid-Market (51-500),Manufacturing,North America,Satya Nadella Team,2025-03-17,M365 Business Premium,22.0,266,0.0,5852.0,16,89.6,972.2,2,0,0,0,0.124,Low Risk
MS-10699,Mid-Market (51-500),Education,EMEA,Satya Nadella Team,2024-11-18,M365 Business Basic,6.0,112,0.0,672.0,20,57.7,1430.9,1,0,1,0,0.068,Low Risk
MS-10700,SMB (1-50),Financial Services,EMEA,Satya Nadella Team,2024-10-11,M365 Business Standard,12.5,14,0.0,175.0,21,77.1,98.8,1,1,1,0,0.028,Low Risk
MS-10701,Mid-Market (51-500),Retail,North America,Direct Digital,2025-05-03,M365 Business Basic,6.0,495,0.0,2970.0,14,96.5,20984.7,3,0,1,0,0.031,Low Risk
MS-10702,Mid-Market (51-500),Technology,North America,Satya Nadella Team,2024-09-23,M365 Business Basic,6.0,432,0.1,2332.8,22,74.1,17872.6,0,0,1,0,0.028,Low Risk
MS-10703,SMB (1-50),Manufacturing,North America,Azure Enterprise Group,2025-04-24,M365 Business Standard,12.5,44,0.0,550.0,15,60.9,1244.0,0,0,0,0,0.253,Medium Risk
MS-10704,Mid-Market (51-500),Retail,North America,Commercial Partner Org,2025-01-04,M365 Business Standard,12.5,343,0.0,4287.5,18,86.7,1837.5,1,0,1,0,0.029,Low Risk
MS-10705,SMB (1-50),Education,LATAM,Commercial Partner Org,2025-01-18,M365 Business Standard,12.5,12,0.0,150.0,18,54.7,66.1,1,0,0,0,0.29,Medium Risk
MS-10706,Enterprise (500+),Education,North America,Satya Nadella Team,2025-09-29,M365 E5,57.0,1918,0.0,109326.0,10,44.6,44078.0,2,1,1,0,0.026,Low Risk
MS-10707,Mid-Market (51-500),Manufacturing,APAC,Commercial Partner Org,2025-01-05,M365 Business Standard,12.5,145,0.0,1812.5,18,82.6,2272.7,3,0,0,1,0.193,Low Risk
MS-10708,Mid-Market (51-500),Financial Services,North America,Azure Enterprise Group,2024-12-23,M365 Business Premium,22.0,128,0.0,2816.0,19,60.7,1871.8,3,0,1,0,0.071,Low Risk
MS-10709,SMB (1-50),Education,EMEA,Satya Nadella Team,2026-02-07,M365 E5,57.0,34,0.0,1938.0,5,62.3,133.8,1,0,1,0,0.09,Low Risk
MS-10710,SMB (1-50),Technology,APAC,Azure Enterprise Group,2025-04-16,M365 E5,57.0,8,0.0,456.0,15,56.7,172.0,3,0,1,0,0.098,Low Risk
MS-10711,SMB (1-50),Retail,EMEA,Direct Digital,2026-02-03,M365 E3,36.0,39,0.0,1404.0,5,59.5,405.3,3,0,1,0,0.11,Low Risk
MS-10712,SMB (1-50),Technology,EMEA,Azure Enterprise Group,2025-01-24,M365 Business Basic,6.0,18,0.1,97.2,18,93.3,127.9,2,0,1,0,0.026,Low Risk
MS-10713,SMB (1-50),Financial Services,North America,Azure Enterprise Group,2025-02-10,M365 Business Premium,22.0,18,0.0,396.0,17,97.9,433.2,3,1,1,0,0.018,Low Risk
MS-10714,Mid-Market (51-500),Technology,North America,Azure Enterprise Group,2025-02-16,M365 E3,36.0,273,0.1,8845.2,17,100.0,1642.0,3,0,1,0,0.031,Low Risk
MS-10715,SMB (1-50),Technology,APAC,Azure Enterprise Group,2026-02-20,M365 E3,36.0,24,0.1,777.6,5,87.6,305.6,3,0,1,0,0.032,Low Risk
MS-10716,Mid-Market (51-500),Healthcare,APAC,Direct Digital,2025-01-03,M365 Business Premium,22.0,179,0.0,3938.0,18,76.4,1347.2,3,0,1,0,0.028,Low Risk
MS-10717,SMB (1-50),Technology,LATAM,Satya Nadella Team,2025-06-27,M365 Business Basic,6.0,27,0.0,162.0,13,42.2,291.0,1,0,1,0,0.09,Low Risk
MS-10718,Mid-Market (51-500),Manufacturing,North America,Azure Enterprise Group,2025-05-08,M365 E5,57.0,245,0.1,12568.5,14,64.6,121.7,0,0,1,0,0.037,Low Risk
MS-10719,Mid-Market (51-500),Retail,EMEA,Satya Nadella Team,2026-02-04,M365 Business Standard,12.5,70,0.0,875.0,5,100.0,519.3,3,0,1,0,0.037,Low Risk
MS-10720,Mid-Market (51-500),Healthcare,LATAM,Commercial Partner Org,2024-12-14,M365 Business Standard,12.5,349,0.0,4362.5,19,60.2,3405.0,5,0,1,0,0.146,Low Risk
MS-10721,Enterprise (500+),Retail,North America,Azure Enterprise Group,2026-05-11,M365 Business Standard,12.5,1135,0.1,12768.75,2,95.3,9243.8,4,0,0,0,0.102,Low Risk
MS-10722,SMB (1-50),Retail,North America,Azure Enterprise Group,2026-01-26,M365 Business Standard,12.5,11,0.1,123.75,6,69.0,248.2,2,0,1,0,0.031,Low Risk
MS-10723,SMB (1-50),Financial Services,EMEA,Commercial Partner Org,2026-07-26,M365 Business Basic,6.0,17,0.0,102.0,1,19.8,76.0,0,0,1,0,0.184,Low Risk
MS-10724,SMB (1-50),Financial Services,EMEA,Satya Nadella Team,2026-01-19,M365 Business Standard,12.5,27,0.15,286.88,6,79.5,698.2,1,0,1,0,0.029,Low Risk
MS-10725,SMB (1-50),Healthcare,APAC,Direct Digital,2025-06-29,M365 E5,57.0,12,0.0,684.0,13,90.8,74.4,4,0,1,1,0.098,Low Risk
MS-10726,Mid-Market (51-500),Education,North America,Azure Enterprise Group,2026-06-15,M365 Business Standard,12.5,414,0.0,5175.0,1,67.1,5891.5,1,0,1,0,0.033,Low Risk
MS-10727,SMB (1-50),Financial Services,APAC,Commercial Partner Org,2025-04-18,M365 Business Standard,12.5,40,0.1,450.0,15,90.2,43.5,2,0,1,0,0.03,Low Risk
MS-10728,Mid-Market (51-500),Financial Services,North America,Commercial Partner Org,2024-11-03,M365 E3,36.0,124,0.2,3571.2,20,38.0,332.3,3,0,1,0,0.084,Low Risk
MS-10729,SMB (1-50),Financial Services,North America,Azure Enterprise Group,2026-04-13,M365 Business Standard,12.5,30,0.1,337.5,3,43.1,515.5,4,0,1,0,0.145,Low Risk
MS-10730,Enterprise (500+),Retail,North America,Satya Nadella Team,2025-04-20,M365 Business Standard,12.5,3486,0.15,37038.75,15,71.7,518.9,1,0,1,0,0.061,Low Risk
MS-10731,Enterprise (500+),Healthcare,APAC,Satya Nadella Team,2026-04-22,M365 Business Standard,12.5,3100,0.0,38750.0,3,76.6,50000.0,2,0,1,0,0.02,Low Risk
MS-10732,SMB (1-50),Retail,EMEA,Azure Enterprise Group,2025-03-02,M365 Business Basic,6.0,10,0.0,60.0,17,92.4,25.4,2,1,1,0,0.016,Low Risk
MS-10733,SMB (1-50),Manufacturing,EMEA,Commercial Partner Org,2025-07-16,M365 Business Basic,6.0,41,0.0,246.0,12,79.5,1139.3,2,1,1,0,0.019,Low Risk
MS-10734,Mid-Market (51-500),Retail,North America,Azure Enterprise Group,2026-06-20,M365 Business Premium,22.0,175,0.1,3465.0,1,46.5,1523.7,4,0,1,0,0.133,Low Risk
MS-10735,Enterprise (500+),Manufacturing,APAC,Direct Digital,2024-12-01,M365 E5,57.0,3106,0.0,177042.0,20,71.8,30989.2,1,1,1,0,0.032,Low Risk
MS-10736,SMB (1-50),Technology,North America,Direct Digital,2026-05-28,M365 Business Premium,22.0,45,0.0,990.0,2,78.8,47.5,5,0,0,0,0.434,Medium Risk
MS-10737,SMB (1-50),Technology,APAC,Satya Nadella Team,2024-11-03,M365 Business Basic,6.0,22,0.0,132.0,20,34.3,120.0,5,0,0,0,0.28,Medium Risk
MS-10738,Enterprise (500+),Manufacturing,North America,Direct Digital,2025-04-07,M365 Business Standard,12.5,2606,0.1,29317.5,15,67.2,5311.9,3,0,0,1,0.218,Medium Risk
MS-10739,Mid-Market (51-500),Manufacturing,North America,Commercial Partner Org,2026-05-12,M365 Business Basic,6.0,477,0.15,2432.7,2,62.0,4272.4,0,0,1,0,0.08,Low Risk
MS-10740,SMB (1-50),Retail,EMEA,Direct Digital,2025-05-05,M365 Business Standard,12.5,20,0.0,250.0,14,56.2,192.0,2,1,1,0,0.024,Low Risk
MS-10741,Mid-Market (51-500),Manufacturing,North America,Azure Enterprise Group,2025-12-17,M365 Business Basic,6.0,139,0.0,834.0,7,77.0,2062.9,2,0,1,0,0.031,Low Risk
MS-10742,Enterprise (500+),Healthcare,EMEA,Commercial Partner Org,2024-10-27,M365 E3,36.0,2539,0.0,91404.0,21,47.3,50000.0,0,0,0,0,0.26,Medium Risk
MS-10743,Mid-Market (51-500),Technology,EMEA,Satya Nadella Team,2024-10-15,M365 Business Basic,6.0,161,0.0,966.0,21,75.5,1220.0,3,1,1,0,0.016,Low Risk
MS-10744,Mid-Market (51-500),Technology,North America,Satya Nadella Team,2024-11-25,M365 Business Basic,6.0,89,0.0,534.0,20,78.1,283.8,2,1,1,0,0.02,Low Risk
MS-10745,Mid-Market (51-500),Education,APAC,Direct Digital,2024-10-08,M365 Business Standard,12.5,447,0.1,5028.75,21,87.5,2176.8,1,1,1,0,0.015,Low Risk
MS-10746,SMB (1-50),Manufacturing,North America,Satya Nadella Team,2025-03-01,M365 Business Basic,6.0,34,0.1,183.6,17,47.8,766.2,0,0,1,0,0.07,Low Risk
MS-10747,Mid-Market (51-500),Financial Services,EMEA,Azure Enterprise Group,2025-02-11,M365 Business Premium,22.0,61,0.0,1342.0,17,40.9,115.4,1,1,0,1,0.176,Low Risk
MS-10748,SMB (1-50),Financial Services,APAC,Commercial Partner Org,2025-01-04,M365 E5,57.0,40,0.0,2280.0,18,73.0,473.7,2,1,1,0,0.015,Low Risk
MS-10749,Enterprise (500+),Manufacturing,EMEA,Azure Enterprise Group,2025-03-26,M365 Business Basic,6.0,1346,0.0,8076.0,16,62.8,212.8,0,0,1,1,0.1,Low Risk
MS-10750,SMB (1-50),Healthcare,North America,Azure Enterprise Group,2025-05-25,M365 Business Standard,12.5,18,0.0,225.0,14,100.0,60.9,2,0,1,0,0.03,Low Risk
MS-10751,Enterprise (500+),Financial Services,LATAM,Azure Enterprise Group,2025-08-20,M365 E5,57.0,631,0.0,35967.0,11,76.3,6777.2,1,1,1,0,0.011,Low Risk
MS-10752,SMB (1-50),Education,EMEA,Azure Enterprise Group,2025-10-16,M365 Business Premium,22.0,32,0.0,704.0,9,69.0,234.1,5,1,1,1,0.088,Low Risk
MS-10753,Mid-Market (51-500),Manufacturing,North America,Commercial Partner Org,2026-04-22,M365 E5,57.0,274,0.0,15618.0,3,64.9,2236.9,3,0,1,0,0.035,Low Risk
MS-10754,SMB (1-50),Healthcare,North America,Commercial Partner Org,2026-06-19,M365 Business Basic,6.0,46,0.1,248.4,1,46.1,596.4,4,1,0,0,0.104,Low Risk
MS-10755,Mid-Market (51-500),Healthcare,APAC,Azure Enterprise Group,2024-12-31,M365 Business Basic,6.0,101,0.1,545.4,19,78.1,324.0,4,0,1,0,0.042,Low Risk
MS-10756,Mid-Market (51-500),Retail,EMEA,Azure Enterprise Group,2026-01-21,M365 Business Basic,6.0,321,0.0,1926.0,6,66.6,1269.7,0,0,1,0,0.046,Low Risk
MS-10757,Mid-Market (51-500),Healthcare,EMEA,Satya Nadella Team,2026-05-03,M365 Business Standard,12.5,93,0.15,988.12,2,66.6,1287.3,6,0,0,1,0.693,High Risk
MS-10758,Mid-Market (51-500),Financial Services,APAC,Satya Nadella Team,2025-12-13,M365 Business Premium,22.0,77,0.0,1694.0,7,69.7,714.1,0,1,1,0,0.021,Low Risk
MS-10759,SMB (1-50),Financial Services,APAC,Commercial Partner Org,2025-01-11,M365 Business Basic,6.0,17,0.0,102.0,18,72.0,10.0,2,1,1,0,0.034,Low Risk
MS-10760,Enterprise (500+),Manufacturing,North America,Satya Nadella Team,2025-09-14,M365 Business Standard,12.5,2919,0.1,32838.75,10,36.7,38869.0,1,0,1,0,0.098,Low Risk
MS-10761,Mid-Market (51-500),Manufacturing,North America,Commercial Partner Org,2025-07-15,M365 Business Standard,12.5,163,0.0,2037.5,12,83.1,1893.1,1,0,1,0,0.03,Low Risk
MS-10762,Mid-Market (51-500),Healthcare,North America,Commercial Partner Org,2026-03-31,M365 E3,36.0,366,0.1,11858.4,4,52.8,359.6,1,0,1,0,0.132,Low Risk
MS-10763,Mid-Market (51-500),Education,EMEA,Direct Digital,2025-01-03,M365 Business Basic,6.0,165,0.15,841.5,18,65.5,2725.3,2,0,1,0,0.036,Low Risk
MS-10764,Mid-Market (51-500),Technology,North America,Commercial Partner Org,2025-11-25,M365 Business Basic,6.0,159,0.0,954.0,8,91.1,1408.8,0,0,1,0,0.034,Low Risk
MS-10765,SMB (1-50),Retail,EMEA,Satya Nadella Team,2025-03-27,M365 Business Premium,22.0,36,0.0,792.0,16,100.0,99.0,1,1,1,0,0.016,Low Risk
MS-10766,Mid-Market (51-500),Technology,APAC,Direct Digital,2025-06-27,M365 Business Basic,6.0,162,0.0,972.0,13,37.4,1593.1,2,0,1,1,0.092,Low Risk
MS-10767,Mid-Market (51-500),Healthcare,APAC,Satya Nadella Team,2026-01-02,M365 Business Standard,12.5,150,0.0,1875.0,6,68.5,1629.0,4,0,1,0,0.047,Low Risk
MS-10768,Enterprise (500+),Healthcare,North America,Commercial Partner Org,2026-05-26,M365 Business Standard,12.5,1793,0.0,22412.5,2,72.9,50000.0,0,1,1,0,0.028,Low Risk
MS-10769,Mid-Market (51-500),Technology,APAC,Commercial Partner Org,2025-01-20,M365 E3,36.0,497,0.1,16102.8,18,40.9,8083.3,0,0,1,0,0.078,Low Risk
MS-10770,SMB (1-50),Retail,North America,Azure Enterprise Group,2025-12-18,M365 Business Premium,22.0,7,0.0,154.0,7,82.4,30.2,2,1,0,0,0.044,Low Risk
MS-10771,SMB (1-50),Technology,APAC,Commercial Partner Org,2026-03-23,M365 Business Premium,22.0,28,0.0,616.0,4,70.1,42.2,1,0,1,0,0.042,Low Risk
MS-10772,SMB (1-50),Manufacturing,North America,Direct Digital,2025-07-01,M365 E5,57.0,38,0.0,2166.0,13,71.5,874.9,3,0,1,0,0.03,Low Risk
MS-10773,SMB (1-50),Financial Services,North America,Commercial Partner Org,2026-06-19,M365 E5,57.0,38,0.0,2166.0,1,51.5,853.3,1,0,1,0,0.127,Low Risk
MS-10774,Mid-Market (51-500),Education,APAC,Azure Enterprise Group,2026-03-10,M365 Business Premium,22.0,272,0.0,5984.0,4,75.4,629.1,3,1,1,0,0.018,Low Risk
MS-10775,Enterprise (500+),Manufacturing,North America,Commercial Partner Org,2026-06-06,M365 Business Standard,12.5,3427,0.1,38553.75,1,83.1,2637.9,4,0,0,0,0.122,Low Risk
MS-10776,SMB (1-50),Financial Services,North America,Commercial Partner Org,2026-04-16,M365 Business Premium,22.0,46,0.2,809.6,3,70.3,686.9,3,1,1,0,0.021,Low Risk
MS-10777,SMB (1-50),Education,EMEA,Commercial Partner Org,2024-09-30,M365 Business Standard,12.5,24,0.0,300.0,22,58.7,369.3,3,1,1,0,0.024,Low Risk
MS-10778,Enterprise (500+),Education,EMEA,Azure Enterprise Group,2025-09-12,M365 E5,57.0,1565,0.1,80284.5,10,60.2,3661.6,3,1,1,0,0.019,Low Risk
MS-10779,Mid-Market (51-500),Education,EMEA,Satya Nadella Team,2025-08-07,M365 Business Premium,22.0,332,0.15,6208.4,11,72.0,4395.4,2,1,1,0,0.014,Low Risk
MS-10780,Mid-Market (51-500),Healthcare,EMEA,Commercial Partner Org,2025-03-28,M365 Business Standard,12.5,384,0.0,4800.0,16,68.9,1506.9,2,1,1,0,0.015,Low Risk
MS-10781,Mid-Market (51-500),Education,EMEA,Direct Digital,2025-05-01,M365 Business Basic,6.0,378,0.0,2268.0,15,84.3,1369.6,2,0,0,0,0.18,Low Risk
MS-10782,Mid-Market (51-500),Retail,North America,Azure Enterprise Group,2026-07-27,M365 Business Basic,6.0,247,0.2,1185.6,1,59.4,1162.9,0,0,1,0,0.097,Low Risk
MS-10783,SMB (1-50),Technology,North America,Direct Digital,2025-02-05,M365 Business Basic,6.0,46,0.15,234.6,17,46.1,405.6,1,0,1,0,0.078,Low Risk
MS-10784,SMB (1-50),Retail,North America,Commercial Partner Org,2025-01-24,M365 Business Basic,6.0,29,0.0,174.0,18,74.5,567.9,3,0,0,0,0.215,Medium Risk
MS-10785,SMB (1-50),Technology,APAC,Azure Enterprise Group,2025-08-06,M365 Business Standard,12.5,45,0.1,506.25,11,59.4,372.8,1,1,1,0,0.025,Low Risk
MS-10786,SMB (1-50),Manufacturing,EMEA,Commercial Partner Org,2024-12-01,M365 Business Basic,6.0,45,0.1,243.0,20,82.1,191.1,1,1,1,0,0.021,Low Risk
MS-10787,Enterprise (500+),Manufacturing,North America,Direct Digital,2025-07-26,M365 Business Premium,22.0,2773,0.1,54905.4,12,68.1,50000.0,0,0,1,0,0.028,Low Risk
MS-10788,Mid-Market (51-500),Technology,EMEA,Azure Enterprise Group,2025-02-19,M365 Business Basic,6.0,309,0.15,1575.9,17,79.8,210.1,3,0,1,0,0.033,Low Risk
MS-10789,SMB (1-50),Retail,LATAM,Satya Nadella Team,2024-10-01,M365 Business Basic,6.0,47,0.1,253.8,22,49.7,899.6,1,0,1,0,0.074,Low Risk
MS-10790,SMB (1-50),Technology,North America,Satya Nadella Team,2026-05-14,M365 Business Standard,12.5,23,0.0,287.5,2,70.6,423.5,0,0,1,0,0.03,Low Risk
MS-10791,SMB (1-50),Education,EMEA,Satya Nadella Team,2025-05-30,M365 E3,36.0,14,0.15,428.4,14,55.4,49.1,1,1,0,0,0.237,Medium Risk
MS-10792,Mid-Market (51-500),Healthcare,EMEA,Commercial Partner Org,2024-12-04,M365 Business Standard,12.5,186,0.0,2325.0,19,46.0,493.3,1,0,1,0,0.079,Low Risk
MS-10793,Mid-Market (51-500),Manufacturing,EMEA,Azure Enterprise Group,2024-11-16,M365 Business Standard,12.5,63,0.1,708.75,20,52.5,1570.2,0,0,1,0,0.069,Low Risk
MS-10794,SMB (1-50),Healthcare,North America,Direct Digital,2025-01-29,M365 Business Premium,22.0,13,0.1,257.4,18,58.2,127.7,2,0,1,0,0.069,Low Risk
MS-10795,SMB (1-50),Education,APAC,Direct Digital,2025-01-20,M365 Business Standard,12.5,37,0.15,393.12,18,90.4,20.9,1,1,1,0,0.02,Low Risk
MS-10796,Mid-Market (51-500),Education,LATAM,Commercial Partner Org,2025-04-19,M365 Business Standard,12.5,162,0.2,1620.0,15,57.7,4305.7,1,1,1,0,0.019,Low Risk
MS-10797,Mid-Market (51-500),Manufacturing,EMEA,Commercial Partner Org,2025-01-06,M365 Business Basic,6.0,314,0.1,1695.6,18,45.1,1617.4,3,0,1,0,0.082,Low Risk
MS-10798,SMB (1-50),Manufacturing,EMEA,Direct Digital,2026-07-28,M365 Business Premium,22.0,34,0.0,748.0,1,70.4,170.9,6,0,1,0,0.2,Low Risk
MS-10799,Mid-Market (51-500),Education,APAC,Azure Enterprise Group,2026-01-10,M365 Business Premium,22.0,419,0.1,8296.2,6,68.5,5183.0,4,0,1,1,0.04,Low Risk
MS-10800,Mid-Market (51-500),Financial Services,EMEA,Commercial Partner Org,2025-06-07,M365 Business Premium,22.0,474,0.1,9385.2,13,59.1,6158.2,2,1,1,0,0.021,Low Risk
MS-10801,SMB (1-50),Healthcare,North America,Azure Enterprise Group,2026-02-23,M365 Business Standard,12.5,10,0.1,112.5,5,65.1,52.3,3,0,0,0,0.172,Low Risk
MS-10802,SMB (1-50),Healthcare,EMEA,Direct Digital,2026-02-12,M365 E3,36.0,19,0.0,684.0,5,85.6,35.3,0,1,1,0,0.03,Low Risk
MS-10803,SMB (1-50),Financial Services,EMEA,Azure Enterprise Group,2025-01-09,M365 Business Standard,12.5,42,0.0,525.0,18,80.1,405.0,0,1,1,0,0.021,Low Risk
MS-10804,Enterprise (500+),Retail,North America,Satya Nadella Team,2025-12-05,M365 Business Basic,6.0,674,0.0,4044.0,7,78.5,7936.8,0,0,1,0,0.03,Low Risk
MS-10805,Enterprise (500+),Healthcare,EMEA,Direct Digital,2025-05-27,M365 Business Standard,12.5,1346,0.0,16825.0,14,46.7,31782.3,1,0,1,0,0.087,Low Risk
MS-10806,Enterprise (500+),Technology,LATAM,Satya Nadella Team,2026-05-11,M365 Business Premium,22.0,1193,0.1,23621.4,2,100.0,9484.4,3,1,1,0,0.018,Low Risk
MS-10807,Mid-Market (51-500),Education,APAC,Direct Digital,2026-07-01,M365 Business Basic,6.0,251,0.15,1280.1,1,86.9,3125.3,3,1,1,0,0.021,Low Risk
MS-10808,Mid-Market (51-500),Education,EMEA,Satya Nadella Team,2026-03-25,M365 Business Premium,22.0,419,0.2,7374.4,4,77.3,281.3,1,0,1,0,0.025,Low Risk
MS-10809,Mid-Market (51-500),Financial Services,North America,Azure Enterprise Group,2026-04-27,M365 E3,36.0,358,0.0,12888.0,3,47.0,9662.8,0,0,0,1,0.415,Medium Risk
MS-10810,Enterprise (500+),Healthcare,LATAM,Direct Digital,2025-05-18,M365 Business Standard,12.5,737,0.1,8291.25,14,85.1,3505.1,1,1,1,0,0.011,Low Risk
MS-10811,SMB (1-50),Retail,APAC,Direct Digital,2024-10-21,M365 Business Standard,12.5,6,0.1,67.5,21,59.0,72.0,2,0,1,0,0.082,Low Risk
MS-10812,Mid-Market (51-500),Healthcare,North America,Satya Nadella Team,2025-01-11,M365 Business Basic,6.0,123,0.0,738.0,18,64.5,3656.9,2,0,0,0,0.21,Medium Risk
MS-10813,Mid-Market (51-500),Education,APAC,Azure Enterprise Group,2026-07-11,M365 Business Standard,12.5,402,0.0,5025.0,1,37.7,8024.7,1,0,1,0,0.134,Low Risk
MS-10814,Mid-Market (51-500),Manufacturing,APAC,Direct Digital,2024-09-05,M365 Business Basic,6.0,343,0.1,1852.2,22,45.7,4178.9,1,0,1,1,0.114,Low Risk
MS-10815,SMB (1-50),Technology,EMEA,Commercial Partner Org,2026-06-10,M365 E5,57.0,26,0.0,1482.0,1,75.9,379.4,1,1,1,0,0.021,Low Risk
MS-10816,Mid-Market (51-500),Financial Services,EMEA,Satya Nadella Team,2026-01-15,M365 Business Standard,12.5,375,0.0,4687.5,6,86.1,11417.0,1,0,1,0,0.033,Low Risk
MS-10817,Mid-Market (51-500),Manufacturing,North America,Direct Digital,2025-03-03,M365 E3,36.0,438,0.0,15768.0,16,80.3,8787.0,2,1,1,0,0.012,Low Risk
MS-10818,SMB (1-50),Retail,North America,Azure Enterprise Group,2025-10-14,M365 Business Basic,6.0,14,0.15,71.4,9,79.7,158.1,2,0,1,0,0.024,Low Risk
MS-10819,Mid-Market (51-500),Manufacturing,North America,Azure Enterprise Group,2024-11-30,M365 E3,36.0,290,0.1,9396.0,20,66.8,3741.0,1,1,1,0,0.014,Low Risk
MS-10820,SMB (1-50),Manufacturing,APAC,Azure Enterprise Group,2025-11-10,M365 E3,36.0,21,0.15,642.6,8,60.7,40.1,2,0,1,0,0.109,Low Risk
MS-10821,Enterprise (500+),Retail,North America,Azure Enterprise Group,2025-03-08,M365 Business Premium,22.0,1047,0.1,20730.6,16,73.2,7980.6,3,0,1,0,0.025,Low Risk
MS-10822,Mid-Market (51-500),Manufacturing,North America,Satya Nadella Team,2025-12-24,M365 E5,57.0,64,0.2,2918.4,7,82.8,275.0,1,0,0,0,0.118,Low Risk
MS-10823,Mid-Market (51-500),Financial Services,North America,Direct Digital,2025-09-18,M365 Business Basic,6.0,255,0.15,1300.5,10,68.1,1730.7,1,0,1,0,0.033,Low Risk
MS-10824,SMB (1-50),Education,EMEA,Satya Nadella Team,2025-07-19,M365 Business Standard,12.5,41,0.0,512.5,12,89.8,534.0,1,0,1,0,0.033,Low Risk
MS-10825,SMB (1-50),Healthcare,APAC,Satya Nadella Team,2025-11-17,M365 Business Premium,22.0,40,0.2,704.0,8,64.1,77.5,3,1,1,0,0.02,Low Risk
MS-10826,Mid-Market (51-500),Manufacturing,North America,Azure Enterprise Group,2026-01-03,M365 Business Premium,22.0,178,0.0,3916.0,6,50.4,37.4,4,1,1,0,0.078,Low Risk
MS-10827,SMB (1-50),Financial Services,North America,Commercial Partner Org,2025-01-11,M365 E3,36.0,17,0.1,550.8,18,67.8,103.2,0,0,0,0,0.203,Medium Risk
MS-10828,Mid-Market (51-500),Healthcare,EMEA,Azure Enterprise Group,2026-07-16,M365 Business Basic,6.0,458,0.2,2198.4,1,69.9,2137.3,1,0,1,0,0.035,Low Risk
MS-10829,SMB (1-50),Healthcare,EMEA,Commercial Partner Org,2025-10-31,M365 Business Basic,6.0,34,0.0,204.0,9,66.5,222.6,4,0,1,0,0.05,Low Risk
MS-10830,Mid-Market (51-500),Manufacturing,North America,Satya Nadella Team,2025-05-08,M365 Business Standard,12.5,187,0.15,1986.88,14,91.1,6006.9,3,0,0,0,0.161,Low Risk
MS-10831,Mid-Market (51-500),Financial Services,EMEA,Azure Enterprise Group,2024-10-31,M365 E3,36.0,341,0.2,9820.8,21,82.5,5024.4,0,1,1,0,0.014,Low Risk
MS-10832,SMB (1-50),Education,North America,Azure Enterprise Group,2026-03-16,M365 E5,57.0,34,0.15,1647.3,4,42.2,161.9,3,1,1,0,0.037,Low Risk
MS-10833,Mid-Market (51-500),Manufacturing,North America,Satya Nadella Team,2025-10-27,M365 Business Premium,22.0,74,0.15,1383.8,9,95.6,175.4,5,1,1,0,0.065,Low Risk
MS-10834,Mid-Market (51-500),Retail,EMEA,Azure Enterprise Group,2025-12-20,M365 Business Standard,12.5,465,0.0,5812.5,7,18.7,5376.8,0,1,1,0,0.076,Low Risk
MS-10835,Mid-Market (51-500),Healthcare,North America,Direct Digital,2025-04-11,M365 Business Premium,22.0,389,0.0,8558.0,15,100.0,5002.7,2,0,1,0,0.034,Low Risk
MS-10836,SMB (1-50),Manufacturing,APAC,Commercial Partner Org,2025-11-12,M365 Business Premium,22.0,37,0.1,732.6,8,62.8,293.4,1,0,1,0,0.085,Low Risk
MS-10837,Mid-Market (51-500),Healthcare,North America,Commercial Partner Org,2026-07-16,M365 Business Basic,6.0,219,0.0,1314.0,1,64.6,628.7,1,0,1,0,0.04,Low Risk
MS-10838,SMB (1-50),Financial Services,EMEA,Commercial Partner Org,2025-09-19,M365 Business Premium,22.0,33,0.15,617.1,10,66.9,11.5,1,1,1,0,0.03,Low Risk
MS-10839,SMB (1-50),Technology,EMEA,Azure Enterprise Group,2025-07-16,M365 Business Standard,12.5,33,0.0,412.5,12,74.9,122.3,1,1,1,1,0.041,Low Risk
MS-10840,SMB (1-50),Manufacturing,North America,Direct Digital,2025-04-13,M365 Business Standard,12.5,25,0.1,281.25,15,68.0,183.3,2,1,1,0,0.016,Low Risk
MS-10841,Mid-Market (51-500),Education,EMEA,Azure Enterprise Group,2025-10-28,M365 Business Basic,6.0,427,0.0,2562.0,9,65.6,7946.6,2,0,1,0,0.037,Low Risk
MS-10842,SMB (1-50),Manufacturing,North America,Commercial Partner Org,2025-03-10,M365 E3,36.0,38,0.0,1368.0,16,91.6,876.6,1,1,1,0,0.015,Low Risk
MS-10843,Enterprise (500+),Healthcare,LATAM,Azure Enterprise Group,2024-11-18,M365 E3,36.0,572,0.1,18532.8,20,78.2,3655.9,2,0,1,0,0.024,Low Risk
MS-10844,SMB (1-50),Financial Services,North America,Commercial Partner Org,2025-08-31,M365 Business Premium,22.0,36,0.1,712.8,11,50.7,687.0,2,1,1,0,0.023,Low Risk
MS-10845,SMB (1-50),Retail,North America,Satya Nadella Team,2024-09-22,M365 Business Premium,22.0,49,0.0,1078.0,22,81.3,2948.0,1,1,1,0,0.017,Low Risk
MS-10846,SMB (1-50),Education,North America,Commercial Partner Org,2026-03-02,M365 Business Standard,12.5,18,0.0,225.0,5,77.4,272.4,2,0,1,0,0.027,Low Risk
MS-10847,SMB (1-50),Financial Services,LATAM,Satya Nadella Team,2025-07-27,M365 Business Premium,22.0,41,0.0,902.0,12,58.2,641.6,2,1,1,0,0.021,Low Risk
MS-10848,Mid-Market (51-500),Manufacturing,EMEA,Satya Nadella Team,2025-02-03,M365 Business Standard,12.5,222,0.15,2358.75,17,82.3,6401.1,1,0,1,1,0.032,Low Risk
MS-10849,SMB (1-50),Retail,EMEA,Satya Nadella Team,2024-10-26,M365 E3,36.0,28,0.0,1008.0,21,65.2,138.7,4,0,0,0,0.207,Medium Risk
MS-10850,SMB (1-50),Financial Services,North America,Commercial Partner Org,2025-05-06,M365 Business Standard,12.5,5,0.1,56.25,14,64.0,10.0,1,0,1,0,0.05,Low Risk
MS-10851,SMB (1-50),Technology,EMEA,Direct Digital,2025-05-19,M365 Business Premium,22.0,10,0.0,220.0,14,63.5,520.9,3,0,1,0,0.053,Low Risk
MS-10852,SMB (1-50),Education,North America,Commercial Partner Org,2025-11-09,M365 Business Premium,22.0,8,0.2,140.8,8,24.3,64.7,4,0,1,0,0.198,Low Risk
MS-10853,SMB (1-50),Healthcare,APAC,Azure Enterprise Group,2026-02-09,M365 Business Premium,22.0,42,0.0,924.0,5,58.5,776.3,4,0,0,0,0.289,Medium Risk
MS-10854,Mid-Market (51-500),Financial Services,North America,Azure Enterprise Group,2025-12-22,M365 E3,36.0,415,0.0,14940.0,7,80.8,8336.2,0,0,1,0,0.033,Low Risk
MS-10855,Mid-Market (51-500),Financial Services,North America,Direct Digital,2026-02-20,M365 Business Standard,12.5,417,0.0,5212.5,5,67.6,2535.5,1,1,1,0,0.021,Low Risk
MS-10856,Mid-Market (51-500),Technology,North America,Direct Digital,2026-02-17,M365 E3,36.0,394,0.1,12765.6,5,44.9,3684.5,3,1,1,0,0.036,Low Risk
MS-10857,Mid-Market (51-500),Manufacturing,EMEA,Direct Digital,2025-09-16,M365 Business Standard,12.5,288,0.2,2880.0,10,85.4,2683.0,1,1,1,0,0.014,Low Risk
MS-10858,Mid-Market (51-500),Education,EMEA,Satya Nadella Team,2024-12-12,M365 E5,57.0,346,0.15,16763.7,19,62.6,1032.8,1,1,1,0,0.014,Low Risk
MS-10859,Enterprise (500+),Education,North America,Direct Digital,2024-09-29,M365 E3,36.0,1557,0.1,50446.8,22,46.0,2338.4,3,1,1,0,0.021,Low Risk
MS-10860,SMB (1-50),Healthcare,APAC,Direct Digital,2025-12-27,M365 Business Basic,6.0,49,0.0,294.0,7,100.0,461.2,2,0,1,0,0.034,Low Risk
MS-10861,SMB (1-50),Financial Services,EMEA,Direct Digital,2024-10-27,M365 E3,36.0,27,0.0,972.0,21,49.0,41.5,2,0,0,0,0.29,Medium Risk
MS-10862,SMB (1-50),Retail,EMEA,Commercial Partner Org,2024-11-01,M365 Business Premium,22.0,35,0.2,616.0,20,83.8,178.4,3,0,1,0,0.028,Low Risk
MS-10863,SMB (1-50),Financial Services,North America,Azure Enterprise Group,2024-10-18,M365 E5,57.0,33,0.1,1692.9,21,54.2,81.5,0,1,1,0,0.021,Low Risk
MS-10864,SMB (1-50),Healthcare,North America,Azure Enterprise Group,2025-09-02,M365 Business Premium,22.0,25,0.0,550.0,10,70.4,368.2,0,1,0,0,0.05,Low Risk
MS-10865,Mid-Market (51-500),Financial Services,EMEA,Direct Digital,2026-03-01,M365 Business Basic,6.0,62,0.1,334.8,5,51.8,1529.5,1,0,1,0,0.119,Low Risk
MS-10866,SMB (1-50),Technology,North America,Azure Enterprise Group,2026-03-12,M365 Business Standard,12.5,30,0.0,375.0,4,45.7,310.5,1,0,1,0,0.132,Low Risk
MS-10867,Enterprise (500+),Financial Services,North America,Commercial Partner Org,2026-02-27,M365 Business Standard,12.5,764,0.15,8117.5,5,77.4,4839.8,1,0,1,0,0.03,Low Risk
MS-10868,SMB (1-50),Financial Services,APAC,Azure Enterprise Group,2025-07-24,M365 E3,36.0,24,0.1,777.6,12,75.3,1640.6,1,0,1,0,0.028,Low Risk
MS-10869,SMB (1-50),Retail,LATAM,Satya Nadella Team,2025-05-24,M365 Business Premium,22.0,17,0.0,374.0,14,88.6,10.0,1,0,1,0,0.053,Low Risk
MS-10870,Enterprise (500+),Technology,North America,Commercial Partner Org,2025-02-23,M365 Business Standard,12.5,2553,0.0,31912.5,17,67.4,11117.7,0,0,1,0,0.035,Low Risk
MS-10871,Mid-Market (51-500),Technology,North America,Azure Enterprise Group,2024-10-14,M365 Business Premium,22.0,193,0.15,3609.1,21,100.0,756.6,1,0,1,1,0.039,Low Risk
MS-10872,SMB (1-50),Financial Services,EMEA,Azure Enterprise Group,2025-04-07,M365 Business Premium,22.0,19,0.0,418.0,15,72.8,100.4,3,1,1,0,0.017,Low Risk
MS-10873,Mid-Market (51-500),Education,North America,Commercial Partner Org,2025-01-04,M365 Business Basic,6.0,439,0.0,2634.0,18,78.2,1380.9,0,0,1,0,0.027,Low Risk
MS-10874,Mid-Market (51-500),Retail,North America,Azure Enterprise Group,2025-09-14,M365 Business Basic,6.0,104,0.0,624.0,10,43.5,383.0,0,1,0,0,0.135,Low Risk
MS-10875,SMB (1-50),Financial Services,North America,Azure Enterprise Group,2025-07-16,M365 Business Standard,12.5,15,0.0,187.5,12,56.9,53.6,1,1,0,1,0.257,Medium Risk
MS-10876,SMB (1-50),Financial Services,EMEA,Direct Digital,2025-07-02,M365 Business Basic,6.0,6,0.0,36.0,12,77.4,50.7,2,0,0,0,0.216,Medium Risk
MS-10877,Mid-Market (51-500),Healthcare,EMEA,Satya Nadella Team,2025-03-19,M365 Business Basic,6.0,171,0.1,923.4,16,66.5,1017.8,2,0,1,0,0.038,Low Risk
MS-10878,Mid-Market (51-500),Healthcare,North America,Commercial Partner Org,2024-11-24,M365 Business Basic,6.0,169,0.2,811.2,20,71.4,2067.9,1,1,1,0,0.016,Low Risk
MS-10879,SMB (1-50),Education,North America,Direct Digital,2024-10-11,M365 E3,36.0,43,0.1,1393.2,21,53.3,372.7,1,0,1,0,0.079,Low Risk
MS-10880,Mid-Market (51-500),Retail,North America,Azure Enterprise Group,2026-03-05,M365 Business Standard,12.5,124,0.1,1395.0,4,70.2,301.5,0,0,1,0,0.032,Low Risk
MS-10881,SMB (1-50),Manufacturing,EMEA,Commercial Partner Org,2025-08-29,M365 Business Standard,12.5,48,0.15,510.0,11,70.1,956.7,1,0,1,0,0.032,Low Risk
MS-10882,Enterprise (500+),Healthcare,North America,Commercial Partner Org,2025-05-27,M365 Business Basic,6.0,1910,0.15,9741.0,14,46.8,14646.5,1,0,1,1,0.109,Low Risk
MS-10883,SMB (1-50),Manufacturing,North America,Satya Nadella Team,2025-08-28,M365 Business Standard,12.5,32,0.1,360.0,11,79.6,63.9,0,1,1,0,0.024,Low Risk
MS-10884,Enterprise (500+),Technology,APAC,Satya Nadella Team,2025-09-02,M365 Business Standard,12.5,1251,0.0,15637.5,10,37.4,2740.9,0,0,1,0,0.097,Low Risk
MS-10885,Mid-Market (51-500),Healthcare,North America,Commercial Partner Org,2025-02-28,M365 Business Basic,6.0,270,0.0,1620.0,17,71.3,5165.8,2,1,1,0,0.015,Low Risk
MS-10886,SMB (1-50),Healthcare,EMEA,Satya Nadella Team,2025-04-19,M365 Business Premium,22.0,29,0.0,638.0,15,99.8,422.5,1,0,1,0,0.032,Low Risk
MS-10887,SMB (1-50),Retail,North America,Satya Nadella Team,2024-11-09,M365 Business Premium,22.0,17,0.2,299.2,20,80.2,144.1,0,1,1,0,0.014,Low Risk
MS-10888,Mid-Market (51-500),Education,North America,Azure Enterprise Group,2026-04-11,M365 Business Standard,12.5,434,0.0,5425.0,3,80.1,1903.0,4,0,1,0,0.03,Low Risk
MS-10889,Enterprise (500+),Manufacturing,North America,Satya Nadella Team,2026-01-02,M365 Business Premium,22.0,1084,0.1,21463.2,6,51.8,8027.9,0,0,0,1,0.38,Medium Risk
MS-10890,SMB (1-50),Healthcare,EMEA,Satya Nadella Team,2025-04-22,M365 Business Standard,12.5,5,0.15,53.12,15,99.8,60.7,2,0,0,0,0.17,Low Risk
MS-10891,SMB (1-50),Healthcare,APAC,Direct Digital,2025-11-03,M365 Business Basic,6.0,9,0.1,48.6,8,92.8,228.3,4,1,1,0,0.03,Low Risk
MS-10892,Mid-Market (51-500),Retail,APAC,Azure Enterprise Group,2026-06-10,M365 Business Premium,22.0,318,0.0,6996.0,1,52.8,3097.2,1,1,0,0,0.167,Low Risk
MS-10893,Mid-Market (51-500),Retail,North America,Azure Enterprise Group,2026-06-28,M365 E3,36.0,490,0.0,17640.0,1,59.5,1905.0,4,1,1,0,0.035,Low Risk
MS-10894,SMB (1-50),Education,EMEA,Commercial Partner Org,2025-06-21,M365 Business Premium,22.0,38,0.15,710.6,13,90.6,19.9,0,1,1,0,0.021,Low Risk
MS-10895,Mid-Market (51-500),Manufacturing,North America,Satya Nadella Team,2025-08-14,M365 Business Standard,12.5,100,0.1,1125.0,11,100.0,231.5,1,0,1,0,0.036,Low Risk
MS-10896,Mid-Market (51-500),Technology,North America,Direct Digital,2024-12-08,M365 E5,57.0,463,0.0,26391.0,19,45.2,5835.6,3,0,1,0,0.076,Low Risk
MS-10897,SMB (1-50),Education,APAC,Direct Digital,2025-08-27,M365 Business Standard,12.5,19,0.0,237.5,11,49.9,39.9,3,1,1,0,0.028,Low Risk
MS-10898,SMB (1-50),Technology,North America,Azure Enterprise Group,2025-08-24,M365 Business Standard,12.5,29,0.0,362.5,11,65.4,228.6,1,0,1,0,0.036,Low Risk
MS-10899,SMB (1-50),Financial Services,North America,Satya Nadella Team,2025-01-08,M365 Business Standard,12.5,34,0.0,425.0,18,28.9,489.8,2,0,1,0,0.088,Low Risk
MS-10900,Mid-Market (51-500),Healthcare,North America,Direct Digital,2026-02-01,M365 Business Premium,22.0,218,0.1,4316.4,5,68.3,964.0,4,1,1,0,0.025,Low Risk
MS-10901,Mid-Market (51-500),Manufacturing,North America,Commercial Partner Org,2025-09-18,M365 E3,36.0,333,0.0,11988.0,10,89.3,4419.4,1,1,1,0,0.014,Low Risk
MS-10902,Mid-Market (51-500),Education,North America,Satya Nadella Team,2026-05-10,M365 Business Standard,12.5,429,0.2,4290.0,2,42.1,4479.1,1,0,1,0,0.126,Low Risk
MS-10903,SMB (1-50),Healthcare,EMEA,Satya Nadella Team,2026-03-16,M365 Business Basic,6.0,31,0.2,148.8,4,70.3,215.0,2,1,1,0,0.015,Low Risk
MS-10904,SMB (1-50),Manufacturing,North America,Satya Nadella Team,2024-11-03,M365 Business Premium,22.0,19,0.1,376.2,20,57.5,518.8,1,0,0,0,0.255,Medium Risk
MS-10905,Mid-Market (51-500),Manufacturing,APAC,Direct Digital,2025-10-01,M365 E5,57.0,235,0.15,11385.75,10,97.5,3321.5,1,1,0,0,0.04,Low Risk
MS-10906,SMB (1-50),Manufacturing,APAC,Azure Enterprise Group,2025-02-28,M365 Business Basic,6.0,24,0.15,122.4,17,57.7,128.8,3,0,1,0,0.069,Low Risk
MS-10907,Mid-Market (51-500),Healthcare,North America,Azure Enterprise Group,2026-04-10,M365 E3,36.0,175,0.1,5670.0,3,95.3,3425.1,1,1,1,0,0.019,Low Risk
MS-10908,Mid-Market (51-500),Education,North America,Commercial Partner Org,2025-03-08,M365 Business Standard,12.5,472,0.0,5900.0,16,57.2,7588.6,2,1,1,0,0.031,Low Risk
MS-10909,SMB (1-50),Retail,North America,Direct Digital,2025-03-02,M365 E3,36.0,7,0.0,252.0,17,81.9,131.8,0,1,1,0,0.017,Low Risk
MS-10910,SMB (1-50),Healthcare,EMEA,Satya Nadella Team,2026-01-05,M365 Business Standard,12.5,7,0.0,87.5,6,72.5,86.0,1,1,1,0,0.017,Low Risk
MS-10911,SMB (1-50),Manufacturing,North America,Commercial Partner Org,2026-04-03,M365 Business Standard,12.5,17,0.2,170.0,3,65.5,97.3,2,0,1,0,0.033,Low Risk
MS-10912,SMB (1-50),Education,EMEA,Commercial Partner Org,2025-02-17,M365 Business Premium,22.0,29,0.15,542.3,17,53.8,149.2,3,0,1,0,0.074,Low Risk
MS-10913,Mid-Market (51-500),Financial Services,North America,Azure Enterprise Group,2025-07-19,M365 E5,57.0,412,0.0,23484.0,12,73.8,5249.3,0,0,1,0,0.028,Low Risk
MS-10914,SMB (1-50),Technology,EMEA,Satya Nadella Team,2025-02-19,M365 Business Standard,12.5,5,0.0,62.5,17,60.1,10.0,0,0,1,0,0.065,Low Risk
MS-10915,SMB (1-50),Manufacturing,North America,Satya Nadella Team,2025-06-11,M365 Business Standard,12.5,43,0.1,483.75,13,55.6,884.6,0,1,1,0,0.023,Low Risk
MS-10916,Mid-Market (51-500),Financial Services,North America,Direct Digital,2026-05-12,M365 Business Basic,6.0,390,0.0,2340.0,2,94.5,2164.8,2,0,0,0,0.127,Low Risk
MS-10917,SMB (1-50),Retail,LATAM,Direct Digital,2025-09-01,M365 Business Basic,6.0,6,0.0,36.0,10,77.9,71.7,2,0,1,0,0.023,Low Risk
MS-10918,Mid-Market (51-500),Manufacturing,APAC,Direct Digital,2024-12-20,M365 E3,36.0,59,0.1,1911.6,19,79.6,489.4,2,0,1,1,0.043,Low Risk
MS-10919,SMB (1-50),Financial Services,North America,Commercial Partner Org,2024-11-17,M365 Business Basic,6.0,21,0.0,126.0,20,61.0,184.6,2,0,1,0,0.068,Low Risk
MS-10920,SMB (1-50),Manufacturing,APAC,Satya Nadella Team,2026-07-30,M365 E3,36.0,33,0.0,1188.0,1,64.7,530.4,1,1,1,0,0.021,Low Risk
MS-10921,SMB (1-50),Healthcare,EMEA,Azure Enterprise Group,2025-05-11,M365 Business Standard,12.5,46,0.2,460.0,14,63.5,543.9,3,1,1,0,0.021,Low Risk
MS-10922,SMB (1-50),Education,APAC,Commercial Partner Org,2025-04-24,M365 E5,57.0,8,0.1,410.4,15,74.1,27.7,1,1,1,0,0.037,Low Risk
MS-10923,Mid-Market (51-500),Financial Services,APAC,Commercial Partner Org,2024-12-02,M365 Business Basic,6.0,139,0.0,834.0,19,79.6,128.6,2,0,1,0,0.03,Low Risk
MS-10924,Mid-Market (51-500),Education,North America,Azure Enterprise Group,2026-06-04,M365 Business Basic,6.0,394,0.2,1891.2,1,67.5,8671.4,3,1,0,0,0.077,Low Risk
MS-10925,SMB (1-50),Healthcare,North America,Azure Enterprise Group,2026-07-27,M365 Business Basic,6.0,47,0.15,239.7,1,53.7,1219.3,2,0,1,0,0.121,Low Risk
MS-10926,SMB (1-50),Healthcare,North America,Direct Digital,2024-10-04,M365 E3,36.0,16,0.0,576.0,21,81.7,34.5,1,1,1,1,0.016,Low Risk
MS-10927,SMB (1-50),Education,EMEA,Azure Enterprise Group,2025-12-25,M365 Business Standard,12.5,16,0.0,200.0,7,68.6,71.1,2,0,1,0,0.031,Low Risk
MS-10928,SMB (1-50),Financial Services,EMEA,Azure Enterprise Group,2025-10-09,M365 Business Basic,6.0,8,0.0,48.0,9,42.1,31.8,1,0,1,1,0.138,Low Risk
MS-10929,SMB (1-50),Education,North America,Azure Enterprise Group,2025-04-10,M365 E3,36.0,32,0.2,921.6,15,29.6,1064.4,1,0,0,0,0.265,Medium Risk
MS-10930,Mid-Market (51-500),Education,North America,Azure Enterprise Group,2026-01-03,M365 E3,36.0,273,0.15,8353.8,6,73.4,750.6,0,1,1,0,0.02,Low Risk
MS-10931,Mid-Market (51-500),Technology,APAC,Direct Digital,2025-08-06,M365 E3,36.0,452,0.0,16272.0,11,53.1,988.1,2,1,1,0,0.023,Low Risk
MS-10932,SMB (1-50),Financial Services,LATAM,Commercial Partner Org,2026-01-26,M365 Business Basic,6.0,36,0.0,216.0,6,75.8,86.7,2,0,1,0,0.028,Low Risk
MS-10933,Mid-Market (51-500),Technology,EMEA,Satya Nadella Team,2026-05-02,M365 Business Standard,12.5,83,0.1,933.75,2,54.0,1303.6,1,0,1,1,0.127,Low Risk
MS-10934,Enterprise (500+),Manufacturing,North America,Satya Nadella Team,2026-04-22,M365 Business Premium,22.0,2241,0.0,49302.0,3,70.4,50000.0,2,1,1,0,0.016,Low Risk
MS-10935,SMB (1-50),Education,North America,Commercial Partner Org,2025-05-10,M365 Business Standard,12.5,23,0.1,258.75,14,61.2,138.0,2,0,0,0,0.283,Medium Risk
MS-10936,Mid-Market (51-500),Manufacturing,North America,Satya Nadella Team,2025-08-30,M365 Business Basic,6.0,453,0.0,2718.0,11,99.5,795.2,2,1,1,0,0.016,Low Risk
MS-10937,Mid-Market (51-500),Financial Services,APAC,Satya Nadella Team,2026-02-09,M365 Business Basic,6.0,137,0.0,822.0,5,85.1,1448.7,0,0,1,0,0.033,Low Risk
MS-10938,SMB (1-50),Education,North America,Commercial Partner Org,2025-01-20,M365 E5,57.0,31,0.0,1767.0,18,92.3,87.7,1,0,1,0,0.031,Low Risk
MS-10939,Enterprise (500+),Manufacturing,EMEA,Satya Nadella Team,2025-07-08,M365 Business Basic,6.0,2523,0.2,12110.4,12,68.4,2007.3,2,0,1,0,0.036,Low Risk
MS-10940,SMB (1-50),Retail,North America,Satya Nadella Team,2025-09-20,M365 Business Premium,22.0,30,0.15,561.0,10,82.8,782.5,2,0,1,0,0.03,Low Risk
MS-10941,SMB (1-50),Healthcare,EMEA,Commercial Partner Org,2026-04-05,M365 Business Standard,12.5,14,0.15,148.75,3,69.6,343.8,0,1,1,0,0.014,Low Risk
MS-10942,Mid-Market (51-500),Education,EMEA,Satya Nadella Team,2025-07-09,M365 Business Premium,22.0,458,0.15,8564.6,12,94.5,20477.9,1,0,1,0,0.031,Low Risk
MS-10943,SMB (1-50),Healthcare,APAC,Azure Enterprise Group,2025-06-06,M365 Business Premium,22.0,21,0.0,462.0,13,66.7,161.9,3,0,1,0,0.036,Low Risk
MS-10944,SMB (1-50),Technology,North America,Commercial Partner Org,2026-03-20,M365 Business Standard,12.5,20,0.15,212.5,4,42.8,83.6,1,0,0,0,0.349,Medium Risk
MS-10945,SMB (1-50),Manufacturing,North America,Direct Digital,2025-08-12,M365 Business Standard,12.5,21,0.0,262.5,11,32.0,370.1,2,0,0,1,0.342,Medium Risk
MS-10946,Mid-Market (51-500),Technology,North America,Satya Nadella Team,2025-09-22,M365 E3,36.0,345,0.15,10557.0,10,98.0,824.1,2,1,1,0,0.014,Low Risk
MS-10947,Mid-Market (51-500),Education,APAC,Direct Digital,2025-06-29,M365 Business Standard,12.5,310,0.0,3875.0,13,76.6,1037.1,0,1,1,0,0.014,Low Risk
MS-10948,Mid-Market (51-500),Healthcare,APAC,Satya Nadella Team,2026-01-20,M365 E3,36.0,434,0.0,15624.0,6,77.8,1537.9,2,0,1,0,0.027,Low Risk
MS-10949,Enterprise (500+),Healthcare,EMEA,Azure Enterprise Group,2025-05-05,M365 Business Premium,22.0,1854,0.0,40788.0,14,94.8,50000.0,3,0,1,0,0.028,Low Risk
MS-10950,SMB (1-50),Manufacturing,EMEA,Commercial Partner Org,2026-06-08,M365 Business Premium,22.0,9,0.0,198.0,1,38.3,141.3,2,0,1,0,0.168,Low Risk
MS-10951,SMB (1-50),Education,EMEA,Direct Digital,2026-01-01,M365 Business Standard,12.5,40,0.1,450.0,6,61.5,68.9,2,1,1,0,0.039,Low Risk
MS-10952,Mid-Market (51-500),Retail,North America,Commercial Partner Org,2025-04-27,M365 Business Basic,6.0,284,0.1,1533.6,15,63.8,332.1,1,1,1,0,0.018,Low Risk
MS-10953,Mid-Market (51-500),Retail,APAC,Direct Digital,2026-02-11,M365 Business Premium,22.0,332,0.15,6208.4,5,81.4,7371.7,0,0,0,0,0.13,Low Risk
MS-10954,SMB (1-50),Manufacturing,North America,Satya Nadella Team,2025-08-15,M365 Business Basic,6.0,31,0.0,186.0,11,55.5,603.0,2,0,1,0,0.081,Low Risk
MS-10955,SMB (1-50),Education,North America,Azure Enterprise Group,2025-08-18,M365 E5,57.0,16,0.1,820.8,11,46.4,213.4,1,0,1,0,0.085,Low Risk
MS-10956,Mid-Market (51-500),Manufacturing,EMEA,Direct Digital,2025-02-01,M365 E5,57.0,218,0.1,11183.4,17,46.2,571.0,1,0,1,0,0.083,Low Risk
MS-10957,Enterprise (500+),Education,North America,Direct Digital,2026-01-23,M365 Business Basic,6.0,1733,0.0,10398.0,6,88.7,13610.4,0,0,1,0,0.029,Low Risk
MS-10958,Mid-Market (51-500),Technology,North America,Azure Enterprise Group,2025-03-05,M365 Business Basic,6.0,429,0.0,2574.0,16,54.6,4752.3,2,1,1,0,0.031,Low Risk
MS-10959,SMB (1-50),Manufacturing,EMEA,Azure Enterprise Group,2026-04-18,M365 Business Standard,12.5,48,0.15,510.0,3,58.1,1549.6,3,0,0,0,0.267,Medium Risk
MS-10960,Enterprise (500+),Education,North America,Azure Enterprise Group,2026-03-21,M365 E5,57.0,694,0.1,35602.2,4,79.4,1546.0,1,1,1,0,0.019,Low Risk
MS-10961,Enterprise (500+),Retail,EMEA,Azure Enterprise Group,2025-10-30,M365 Business Standard,12.5,764,0.0,9550.0,9,55.4,6642.5,0,0,1,0,0.102,Low Risk
MS-10962,Mid-Market (51-500),Education,North America,Azure Enterprise Group,2024-11-01,M365 Business Standard,12.5,217,0.0,2712.5,20,37.3,447.1,0,0,1,0,0.08,Low Risk
MS-10963,Mid-Market (51-500),Education,North America,Commercial Partner Org,2025-10-06,M365 Business Premium,22.0,226,0.0,4972.0,9,39.5,1591.2,0,0,1,0,0.122,Low Risk
MS-10964,Mid-Market (51-500),Manufacturing,North America,Satya Nadella Team,2024-10-29,M365 Business Basic,6.0,331,0.0,1986.0,21,67.0,887.0,1,0,1,1,0.074,Low Risk
MS-10965,Enterprise (500+),Technology,North America,Satya Nadella Team,2025-01-20,M365 Business Standard,12.5,2516,0.0,31450.0,18,77.0,50000.0,2,1,0,0,0.025,Low Risk
MS-10966,Mid-Market (51-500),Technology,EMEA,Direct Digital,2025-12-10,M365 Business Standard,12.5,433,0.0,5412.5,7,64.4,1527.7,1,1,1,0,0.019,Low Risk
MS-10967,Mid-Market (51-500),Technology,North America,Azure Enterprise Group,2025-01-27,M365 Business Premium,22.0,199,0.0,4378.0,18,75.7,1288.9,2,0,0,0,0.154,Low Risk
MS-10968,Mid-Market (51-500),Technology,EMEA,Commercial Partner Org,2025-11-21,M365 Business Basic,6.0,306,0.0,1836.0,8,39.0,1923.7,0,0,1,0,0.131,Low Risk
MS-10969,SMB (1-50),Financial Services,EMEA,Commercial Partner Org,2025-02-21,M365 Business Standard,12.5,47,0.15,499.38,17,40.2,1134.8,2,1,1,0,0.022,Low Risk
MS-10970,Mid-Market (51-500),Manufacturing,EMEA,Direct Digital,2025-07-08,M365 E3,36.0,395,0.0,14220.0,12,100.0,6721.2,1,1,1,0,0.014,Low Risk
MS-10971,Mid-Market (51-500),Healthcare,LATAM,Azure Enterprise Group,2024-11-01,M365 Business Standard,12.5,328,0.1,3690.0,20,90.2,233.4,1,1,1,0,0.014,Low Risk
MS-10972,Enterprise (500+),Manufacturing,EMEA,Satya Nadella Team,2025-02-14,M365 Business Premium,22.0,2038,0.0,44836.0,17,81.8,1698.3,2,0,1,0,0.022,Low Risk
MS-10973,SMB (1-50),Financial Services,North America,Azure Enterprise Group,2026-07-14,M365 Business Basic,6.0,38,0.0,228.0,1,56.1,365.3,3,0,1,1,0.125,Low Risk
MS-10974,Mid-Market (51-500),Technology,North America,Commercial Partner Org,2024-12-12,M365 Business Standard,12.5,256,0.0,3200.0,19,63.7,1714.6,1,1,1,0,0.026,Low Risk
MS-10975,SMB (1-50),Financial Services,North America,Azure Enterprise Group,2024-09-28,M365 Business Basic,6.0,37,0.0,222.0,22,68.0,143.1,1,1,1,0,0.017,Low Risk
MS-10976,Mid-Market (51-500),Retail,EMEA,Satya Nadella Team,2026-04-19,M365 Business Premium,22.0,80,0.2,1408.0,3,91.7,1510.3,1,0,1,0,0.03,Low Risk
MS-10977,Mid-Market (51-500),Retail,North America,Satya Nadella Team,2026-01-21,M365 Business Standard,12.5,268,0.0,3350.0,6,75.3,442.8,3,0,1,0,0.03,Low Risk
MS-10978,SMB (1-50),Manufacturing,EMEA,Direct Digital,2025-01-12,M365 Business Standard,12.5,6,0.0,75.0,18,77.5,262.9,5,0,1,0,0.099,Low Risk
MS-10979,Mid-Market (51-500),Manufacturing,EMEA,Commercial Partner Org,2024-10-29,M365 Business Basic,6.0,281,0.0,1686.0,21,65.0,82.3,1,1,1,0,0.017,Low Risk
MS-10980,SMB (1-50),Healthcare,North America,Azure Enterprise Group,2024-11-29,M365 Business Standard,12.5,42,0.0,525.0,20,82.3,63.4,0,0,1,0,0.027,Low Risk
MS-10981,SMB (1-50),Healthcare,APAC,Azure Enterprise Group,2024-11-09,M365 Business Standard,12.5,49,0.1,551.25,20,73.4,219.3,2,0,1,0,0.031,Low Risk
MS-10982,Mid-Market (51-500),Retail,North America,Direct Digital,2025-03-04,M365 Business Premium,22.0,267,0.0,5874.0,16,68.8,2280.0,1,1,1,0,0.013,Low Risk
MS-10983,SMB (1-50),Technology,North America,Direct Digital,2025-11-12,M365 Business Basic,6.0,47,0.0,282.0,8,54.6,137.3,0,0,1,0,0.111,Low Risk
MS-10984,SMB (1-50),Financial Services,EMEA,Direct Digital,2026-03-26,M365 Business Premium,22.0,46,0.0,1012.0,4,66.0,735.6,1,0,1,0,0.041,Low Risk
MS-10985,SMB (1-50),Healthcare,EMEA,Commercial Partner Org,2025-12-18,M365 Business Standard,12.5,7,0.0,87.5,7,48.6,37.2,1,1,1,0,0.052,Low Risk
MS-10986,SMB (1-50),Education,EMEA,Azure Enterprise Group,2026-06-19,M365 Business Standard,12.5,35,0.1,393.75,1,67.3,16.5,3,0,1,1,0.121,Low Risk
MS-10987,Mid-Market (51-500),Healthcare,North America,Direct Digital,2025-02-15,M365 E3,36.0,123,0.0,4428.0,17,69.6,3101.8,0,1,0,0,0.038,Low Risk
MS-10988,SMB (1-50),Technology,North America,Commercial Partner Org,2026-04-01,M365 Business Standard,12.5,46,0.0,575.0,4,24.7,1589.8,7,0,0,1,0.695,High Risk
MS-10989,Enterprise (500+),Technology,APAC,Azure Enterprise Group,2025-01-02,M365 Business Basic,6.0,2684,0.0,16104.0,18,63.9,31042.4,4,1,0,0,0.051,Low Risk
MS-10990,SMB (1-50),Manufacturing,APAC,Satya Nadella Team,2025-04-01,M365 Business Premium,22.0,16,0.0,352.0,16,46.8,315.4,2,1,1,0,0.026,Low Risk
MS-10991,SMB (1-50),Financial Services,EMEA,Direct Digital,2025-03-01,M365 E5,57.0,12,0.2,547.2,17,77.0,18.6,1,0,1,0,0.026,Low Risk
MS-10992,SMB (1-50),Technology,North America,Commercial Partner Org,2024-11-10,M365 Business Standard,12.5,25,0.0,312.5,20,79.5,93.9,2,0,1,0,0.026,Low Risk
MS-10993,Mid-Market (51-500),Healthcare,EMEA,Azure Enterprise Group,2026-03-10,M365 E3,36.0,293,0.1,9493.2,4,60.3,1383.1,3,0,1,0,0.11,Low Risk
MS-10994,Mid-Market (51-500),Healthcare,North America,Azure Enterprise Group,2025-03-14,M365 E3,36.0,423,0.0,15228.0,16,77.9,16435.5,2,0,1,0,0.031,Low Risk
MS-10995,Enterprise (500+),Retail,North America,Direct Digital,2026-03-23,M365 Business Standard,12.5,3216,0.0,40200.0,4,78.6,27705.1,1,0,1,0,0.047,Low Risk
MS-10996,Mid-Market (51-500),Technology,APAC,Direct Digital,2025-06-19,M365 Business Premium,22.0,313,0.0,6886.0,13,63.9,27.9,2,0,1,0,0.04,Low Risk
MS-10997,SMB (1-50),Education,North America,Azure Enterprise Group,2024-10-27,M365 Business Standard,12.5,28,0.1,315.0,21,95.6,160.7,1,1,1,0,0.015,Low Risk
MS-10998,Mid-Market (51-500),Manufacturing,LATAM,Commercial Partner Org,2026-07-15,M365 Business Standard,12.5,338,0.1,3802.5,1,54.9,31.6,1,0,1,0,0.133,Low Risk
MS-10999,Enterprise (500+),Financial Services,North America,Satya Nadella Team,2025-06-27,M365 Business Standard,12.5,2826,0.1,31792.5,13,94.5,9208.9,2,1,0,0,0.04,Low Risk
MS-11000,SMB (1-50),Education,North America,Azure Enterprise Group,2025-07-15,M365 Business Premium,22.0,15,0.0,330.0,12,63.9,109.2,2,0,0,0,0.193,Low Risk
MS-11001,SMB (1-50),Manufacturing,EMEA,Commercial Partner Org,2025-09-06,M365 Business Standard,12.5,14,0.1,157.5,10,52.8,65.6,4,0,1,0,0.119,Low Risk
MS-11002,Mid-Market (51-500),Healthcare,APAC,Direct Digital,2024-11-22,M365 Business Basic,6.0,398,0.0,2388.0,20,61.7,159.0,3,0,1,0,0.061,Low Risk
MS-11003,SMB (1-50),Education,EMEA,Azure Enterprise Group,2024-12-03,M365 E3,36.0,10,0.2,288.0,19,48.2,14.8,2,1,1,0,0.053,Low Risk
MS-11004,Enterprise (500+),Manufacturing,APAC,Direct Digital,2025-05-25,M365 Business Premium,22.0,1249,0.0,27478.0,14,82.1,11997.6,2,1,1,0,0.01,Low Risk
MS-11005,SMB (1-50),Healthcare,EMEA,Satya Nadella Team,2025-09-11,M365 E5,57.0,27,0.0,1539.0,10,39.2,385.4,1,0,1,0,0.125,Low Risk
MS-11006,SMB (1-50),Healthcare,EMEA,Direct Digital,2025-02-08,M365 Business Standard,12.5,46,0.0,575.0,17,93.0,286.2,0,0,1,0,0.034,Low Risk
MS-11007,Enterprise (500+),Healthcare,APAC,Satya Nadella Team,2026-05-07,M365 Business Basic,6.0,2080,0.0,12480.0,2,51.2,32818.3,3,0,1,1,0.133,Low Risk
MS-11008,Mid-Market (51-500),Healthcare,North America,Direct Digital,2026-01-15,M365 Business Basic,6.0,182,0.0,1092.0,6,83.1,389.5,2,0,1,0,0.032,Low Risk
MS-11009,SMB (1-50),Healthcare,EMEA,Direct Digital,2025-09-12,M365 E3,36.0,20,0.0,720.0,10,68.4,31.2,0,0,1,0,0.034,Low Risk
MS-11010,Enterprise (500+),Retail,North America,Satya Nadella Team,2024-12-21,M365 Business Basic,6.0,1691,0.0,10146.0,19,72.9,37117.6,1,0,1,0,0.021,Low Risk
MS-11011,SMB (1-50),Education,LATAM,Direct Digital,2026-04-01,M365 E5,57.0,25,0.15,1211.25,4,57.4,124.3,4,0,1,0,0.11,Low Risk
MS-11012,SMB (1-50),Manufacturing,LATAM,Commercial Partner Org,2026-05-15,M365 Business Standard,12.5,28,0.0,350.0,2,74.4,190.2,2,1,1,0,0.019,Low Risk
MS-11013,Enterprise (500+),Retail,North America,Direct Digital,2026-05-25,M365 E3,36.0,3294,0.0,118584.0,2,70.4,50000.0,1,0,1,0,0.098,Low Risk
MS-11014,Mid-Market (51-500),Retail,EMEA,Azure Enterprise Group,2025-06-06,M365 E3,36.0,176,0.1,5702.4,13,41.8,1165.5,2,0,1,1,0.099,Low Risk
MS-11015,SMB (1-50),Technology,APAC,Direct Digital,2025-11-07,M365 E3,36.0,25,0.0,900.0,8,50.7,10.0,5,0,1,1,0.481,Medium Risk
MS-11016,SMB (1-50),Technology,North America,Commercial Partner Org,2026-06-22,M365 Business Basic,6.0,37,0.15,188.7,1,58.3,1234.4,2,1,1,0,0.029,Low Risk
MS-11017,Mid-Market (51-500),Technology,EMEA,Azure Enterprise Group,2025-04-30,M365 Business Premium,22.0,333,0.1,6593.4,15,54.4,56.8,1,0,1,0,0.082,Low Risk
MS-11018,SMB (1-50),Financial Services,APAC,Commercial Partner Org,2025-04-10,M365 Business Basic,6.0,41,0.0,246.0,15,90.6,534.1,1,0,1,0,0.033,Low Risk
MS-11019,Mid-Market (51-500),Technology,North America,Azure Enterprise Group,2025-06-13,M365 Business Basic,6.0,226,0.0,1356.0,13,68.1,1057.5,1,0,1,0,0.035,Low Risk
MS-11020,Mid-Market (51-500),Manufacturing,EMEA,Direct Digital,2024-09-04,M365 Business Standard,12.5,342,0.0,4275.0,22,54.0,2608.6,1,0,1,0,0.08,Low Risk
MS-11021,SMB (1-50),Retail,North America,Commercial Partner Org,2025-07-17,M365 Business Premium,22.0,19,0.0,418.0,12,59.2,180.7,2,0,1,0,0.075,Low Risk
MS-11022,Mid-Market (51-500),Manufacturing,APAC,Direct Digital,2025-07-18,M365 Business Basic,6.0,209,0.1,1128.6,12,58.9,1316.8,2,1,1,0,0.021,Low Risk
MS-11023,Enterprise (500+),Education,LATAM,Azure Enterprise Group,2024-09-08,M365 E5,57.0,2252,0.2,102691.2,22,62.8,40234.8,0,0,0,0,0.158,Low Risk
MS-11024,SMB (1-50),Technology,LATAM,Commercial Partner Org,2024-10-22,M365 Business Basic,6.0,32,0.1,172.8,21,48.6,1025.1,0,1,1,0,0.023,Low Risk
MS-11025,SMB (1-50),Financial Services,EMEA,Satya Nadella Team,2025-01-20,M365 Business Standard,12.5,39,0.0,487.5,18,53.3,42.3,6,0,1,1,0.426,Medium Risk
MS-11026,SMB (1-50),Education,APAC,Commercial Partner Org,2025-06-07,M365 Business Basic,6.0,36,0.2,172.8,13,81.8,695.8,2,0,1,0,0.028,Low Risk
MS-11027,Mid-Market (51-500),Financial Services,APAC,Direct Digital,2024-11-27,M365 E3,36.0,478,0.15,14626.8,20,71.3,790.1,1,0,1,0,0.027,Low Risk
MS-11028,Enterprise (500+),Education,North America,Satya Nadella Team,2025-02-07,M365 Business Basic,6.0,2984,0.1,16113.6,17,65.3,2996.5,2,0,1,0,0.031,Low Risk
MS-11029,SMB (1-50),Retail,APAC,Satya Nadella Team,2024-09-28,M365 E3,36.0,28,0.0,1008.0,22,68.0,1048.2,1,0,1,0,0.035,Low Risk
MS-11030,SMB (1-50),Manufacturing,North America,Azure Enterprise Group,2026-02-10,M365 Business Standard,12.5,8,0.0,100.0,5,67.2,64.5,3,1,1,0,0.019,Low Risk
MS-11031,SMB (1-50),Healthcare,EMEA,Satya Nadella Team,2025-05-30,M365 E5,57.0,49,0.0,2793.0,14,64.2,97.4,1,0,0,1,0.175,Low Risk
MS-11032,Mid-Market (51-500),Manufacturing,North America,Satya Nadella Team,2024-12-09,M365 Business Standard,12.5,374,0.0,4675.0,19,77.3,3787.3,1,0,1,0,0.032,Low Risk
MS-11033,SMB (1-50),Technology,North America,Azure Enterprise Group,2025-03-23,M365 Business Standard,12.5,7,0.0,87.5,16,76.0,25.7,2,0,0,0,0.176,Low Risk
MS-11034,Mid-Market (51-500),Healthcare,North America,Commercial Partner Org,2025-03-09,M365 Business Premium,22.0,476,0.2,8377.6,16,39.7,3565.4,2,0,1,0,0.079,Low Risk
MS-11035,SMB (1-50),Financial Services,EMEA,Direct Digital,2026-02-28,M365 E3,36.0,44,0.1,1425.6,5,65.6,517.4,2,0,1,0,0.042,Low Risk
MS-11036,Mid-Market (51-500),Retail,North America,Commercial Partner Org,2025-06-21,M365 Business Standard,12.5,92,0.1,1035.0,13,40.9,2246.2,0,0,1,0,0.09,Low Risk
MS-11037,Mid-Market (51-500),Retail,EMEA,Satya Nadella Team,2025-08-10,M365 E3,36.0,447,0.0,16092.0,11,79.4,16.6,2,1,1,0,0.02,Low Risk
MS-11038,Mid-Market (51-500),Financial Services,North America,Direct Digital,2024-10-23,M365 Business Basic,6.0,179,0.0,1074.0,21,81.8,517.6,0,1,1,0,0.016,Low Risk
MS-11039,SMB (1-50),Technology,North America,Commercial Partner Org,2026-07-16,M365 Business Premium,22.0,38,0.0,836.0,1,57.0,46.2,0,0,1,0,0.115,Low Risk
MS-11040,Mid-Market (51-500),Financial Services,EMEA,Direct Digital,2024-10-17,M365 Business Standard,12.5,218,0.0,2725.0,21,65.9,267.2,1,0,0,0,0.184,Low Risk
MS-11041,SMB (1-50),Education,APAC,Satya Nadella Team,2025-10-27,M365 Business Basic,6.0,40,0.0,240.0,9,30.0,1399.0,2,1,0,0,0.185,Low Risk
MS-11042,SMB (1-50),Technology,North America,Commercial Partner Org,2025-12-09,M365 Business Standard,12.5,41,0.0,512.5,7,85.5,1353.1,4,0,1,0,0.039,Low Risk
MS-11043,Mid-Market (51-500),Healthcare,EMEA,Direct Digital,2026-03-07,M365 E3,36.0,224,0.0,8064.0,4,80.8,3718.9,0,0,1,0,0.028,Low Risk
MS-11044,Mid-Market (51-500),Financial Services,APAC,Direct Digital,2025-11-03,M365 E5,57.0,422,0.0,24054.0,8,88.7,5216.9,0,1,1,0,0.017,Low Risk
MS-11045,SMB (1-50),Technology,EMEA,Commercial Partner Org,2025-10-02,M365 Business Standard,12.5,36,0.0,450.0,9,94.8,813.7,0,0,1,0,0.035,Low Risk
MS-11046,SMB (1-50),Healthcare,North America,Commercial Partner Org,2025-03-13,M365 E3,36.0,46,0.0,1656.0,16,46.0,33.2,2,0,1,0,0.074,Low Risk
MS-11047,Mid-Market (51-500),Financial Services,North America,Satya Nadella Team,2024-11-05,M365 Business Standard,12.5,200,0.15,2125.0,20,84.0,305.4,0,0,1,0,0.031,Low Risk
MS-11048,Mid-Market (51-500),Retail,APAC,Azure Enterprise Group,2026-03-09,M365 Business Premium,22.0,299,0.1,5920.2,4,94.6,1368.6,3,0,1,0,0.031,Low Risk
MS-11049,SMB (1-50),Financial Services,North America,Direct Digital,2026-04-24,M365 Business Basic,6.0,36,0.1,194.4,3,41.1,771.9,1,0,1,0,0.146,Low Risk
MS-11050,Mid-Market (51-500),Manufacturing,APAC,Commercial Partner Org,2025-12-20,M365 Business Premium,22.0,230,0.0,5060.0,7,64.9,1763.9,2,0,1,0,0.036,Low Risk
MS-11051,SMB (1-50),Financial Services,EMEA,Commercial Partner Org,2026-07-20,M365 Business Basic,6.0,7,0.1,37.8,1,61.5,58.8,1,0,1,0,0.139,Low Risk
MS-11052,Mid-Market (51-500),Manufacturing,LATAM,Commercial Partner Org,2024-09-26,M365 Business Standard,12.5,78,0.1,877.5,22,83.4,243.7,4,0,1,0,0.038,Low Risk
MS-11053,Enterprise (500+),Healthcare,APAC,Direct Digital,2024-12-08,M365 Business Premium,22.0,1085,0.2,19096.0,19,24.9,13608.8,1,1,1,0,0.029,Low Risk
MS-11054,SMB (1-50),Financial Services,LATAM,Satya Nadella Team,2025-12-20,M365 E3,36.0,44,0.0,1584.0,7,100.0,1155.2,4,0,1,0,0.035,Low Risk
MS-11055,Mid-Market (51-500),Healthcare,North America,Azure Enterprise Group,2026-03-27,M365 Business Premium,22.0,241,0.1,4771.8,4,66.0,1156.1,3,1,1,0,0.019,Low Risk
MS-11056,SMB (1-50),Healthcare,APAC,Direct Digital,2024-11-21,M365 E5,57.0,11,0.2,501.6,20,84.5,127.4,0,0,1,0,0.023,Low Risk
MS-11057,Mid-Market (51-500),Technology,North America,Satya Nadella Team,2025-10-03,M365 E3,36.0,370,0.0,13320.0,9,66.9,1791.1,3,0,0,0,0.151,Low Risk
MS-11058,Mid-Market (51-500),Healthcare,EMEA,Direct Digital,2026-07-26,M365 Business Basic,6.0,312,0.0,1872.0,1,76.9,5891.9,0,0,1,0,0.043,Low Risk
MS-11059,Enterprise (500+),Healthcare,EMEA,Direct Digital,2025-09-28,M365 Business Standard,12.5,2393,0.0,29912.5,10,26.2,18501.2,4,1,1,0,0.027,Low Risk
MS-11060,SMB (1-50),Financial Services,APAC,Commercial Partner Org,2024-10-14,M365 Business Premium,22.0,34,0.15,635.8,21,61.1,169.2,5,1,1,0,0.07,Low Risk
MS-11061,SMB (1-50),Financial Services,LATAM,Satya Nadella Team,2025-12-22,M365 E5,57.0,17,0.0,969.0,7,83.3,111.1,1,0,1,0,0.029,Low Risk
MS-11062,SMB (1-50),Retail,APAC,Commercial Partner Org,2026-05-03,M365 E5,57.0,22,0.1,1128.6,2,73.2,25.3,0,0,1,0,0.037,Low Risk
MS-11063,Enterprise (500+),Technology,North America,Commercial Partner Org,2024-11-30,M365 E3,36.0,1242,0.15,38005.2,20,38.5,29968.8,3,0,1,0,0.066,Low Risk
MS-11064,Mid-Market (51-500),Healthcare,North America,Satya Nadella Team,2025-07-26,M365 Business Premium,22.0,247,0.0,5434.0,12,69.1,9401.0,0,0,1,0,0.04,Low Risk
MS-11065,Mid-Market (51-500),Technology,EMEA,Commercial Partner Org,2026-06-15,M365 E3,36.0,63,0.0,2268.0,1,53.3,490.6,1,0,0,0,0.261,Medium Risk
MS-11066,SMB (1-50),Manufacturing,North America,Commercial Partner Org,2025-10-19,M365 Business Standard,12.5,22,0.2,220.0,9,51.7,66.0,3,1,0,0,0.192,Low Risk
MS-11067,Enterprise (500+),Healthcare,North America,Azure Enterprise Group,2026-07-23,M365 Business Standard,12.5,3454,0.15,36698.75,1,40.6,45286.0,2,1,0,0,0.148,Low Risk
MS-11068,Mid-Market (51-500),Technology,North America,Satya Nadella Team,2026-07-31,M365 Business Premium,22.0,187,0.1,3702.6,1,79.1,1351.3,3,0,1,0,0.03,Low Risk
MS-11069,Mid-Market (51-500),Retail,North America,Satya Nadella Team,2024-12-19,M365 E3,36.0,222,0.0,7992.0,19,88.0,774.6,1,0,1,0,0.029,Low Risk
MS-11070,SMB (1-50),Retail,North America,Commercial Partner Org,2025-04-07,M365 E5,57.0,35,0.15,1695.75,15,100.0,16.5,1,1,1,0,0.032,Low Risk
MS-11071,SMB (1-50),Healthcare,North America,Commercial Partner Org,2025-12-07,M365 Business Standard,12.5,43,0.2,430.0,7,41.5,1137.6,2,1,1,0,0.028,Low Risk
MS-11072,Mid-Market (51-500),Manufacturing,North America,Satya Nadella Team,2026-01-28,M365 E3,36.0,460,0.1,14904.0,6,81.8,8794.7,3,1,1,0,0.018,Low Risk
MS-11073,Mid-Market (51-500),Retail,North America,Satya Nadella Team,2026-03-07,M365 E3,36.0,383,0.0,13788.0,4,83.0,8117.1,1,1,1,0,0.019,Low Risk
MS-11074,SMB (1-50),Retail,LATAM,Direct Digital,2026-05-30,M365 Business Premium,22.0,33,0.1,653.4,2,57.6,229.5,0,0,1,0,0.109,Low Risk
MS-11075,Mid-Market (51-500),Manufacturing,North America,Satya Nadella Team,2025-05-15,M365 Business Standard,12.5,482,0.0,6025.0,14,51.5,8094.1,2,0,1,0,0.085,Low Risk
MS-11076,SMB (1-50),Technology,North America,Direct Digital,2025-03-12,M365 Business Premium,22.0,20,0.0,440.0,16,48.5,208.9,1,1,0,1,0.201,Medium Risk
MS-11077,Mid-Market (51-500),Retail,EMEA,Commercial Partner Org,2026-05-20,M365 Business Premium,22.0,208,0.1,4118.4,2,58.5,1172.2,5,1,1,0,0.13,Low Risk
MS-11078,Mid-Market (51-500),Financial Services,North America,Azure Enterprise Group,2024-11-09,M365 Business Premium,22.0,210,0.0,4620.0,20,71.6,4661.7,2,1,1,0,0.013,Low Risk
MS-11079,SMB (1-50),Education,LATAM,Azure Enterprise Group,2025-12-03,M365 Business Premium,22.0,20,0.0,440.0,7,92.5,1605.8,4,0,1,0,0.042,Low Risk
MS-11080,Mid-Market (51-500),Education,APAC,Direct Digital,2025-09-17,M365 E3,36.0,290,0.0,10440.0,10,87.9,7988.1,0,0,1,0,0.03,Low Risk
MS-11081,SMB (1-50),Retail,North America,Commercial Partner Org,2026-01-07,M365 Business Basic,6.0,38,0.0,228.0,6,38.9,682.6,4,1,1,0,0.032,Low Risk
MS-11082,SMB (1-50),Technology,North America,Commercial Partner Org,2024-12-06,M365 Business Standard,12.5,6,0.0,75.0,19,53.8,99.1,1,0,0,1,0.442,Medium Risk
MS-11083,Mid-Market (51-500),Technology,APAC,Commercial Partner Org,2025-04-12,M365 Business Premium,22.0,382,0.0,8404.0,15,91.4,4815.6,1,0,1,1,0.035,Low Risk
MS-11084,SMB (1-50),Healthcare,LATAM,Satya Nadella Team,2025-06-08,M365 Business Standard,12.5,48,0.0,600.0,13,54.8,1106.8,3,0,1,0,0.081,Low Risk
MS-11085,SMB (1-50),Financial Services,EMEA,Commercial Partner Org,2025-07-30,M365 E5,57.0,47,0.0,2679.0,12,67.0,383.2,2,1,1,0,0.019,Low Risk
MS-11086,SMB (1-50),Technology,EMEA,Satya Nadella Team,2026-06-03,M365 Business Standard,12.5,42,0.0,525.0,1,37.3,101.1,3,0,1,0,0.146,Low Risk
MS-11087,SMB (1-50),Manufacturing,North America,Direct Digital,2026-05-04,M365 Business Standard,12.5,22,0.0,275.0,2,88.8,385.8,0,0,0,0,0.126,Low Risk
MS-11088,SMB (1-50),Financial Services,LATAM,Azure Enterprise Group,2025-10-10,M365 E3,36.0,9,0.0,324.0,9,33.6,272.1,1,0,1,0,0.141,Low Risk
MS-11089,SMB (1-50),Education,North America,Direct Digital,2026-01-09,M365 Business Basic,6.0,44,0.15,224.4,6,38.4,220.5,0,1,1,0,0.035,Low Risk
MS-11090,Mid-Market (51-500),Financial Services,LATAM,Commercial Partner Org,2025-03-05,M365 E3,36.0,276,0.0,9936.0,16,86.9,5060.0,3,0,0,1,0.209,Medium Risk
MS-11091,SMB (1-50),Manufacturing,EMEA,Commercial Partner Org,2024-10-08,M365 Business Premium,22.0,16,0.1,316.8,21,100.0,61.4,2,0,1,0,0.031,Low Risk
MS-11092,Mid-Market (51-500),Retail,EMEA,Direct Digital,2026-06-07,M365 Business Basic,6.0,460,0.1,2484.0,1,62.8,15774.6,4,1,0,0,0.069,Low Risk
MS-11093,SMB (1-50),Manufacturing,EMEA,Satya Nadella Team,2026-01-01,M365 E5,57.0,16,0.0,912.0,6,67.2,220.9,1,0,1,0,0.035,Low Risk
MS-11094,SMB (1-50),Manufacturing,North America,Satya Nadella Team,2026-03-10,M365 Business Basic,6.0,13,0.0,78.0,4,84.3,131.4,5,0,1,0,0.099,Low Risk
MS-11095,SMB (1-50),Retail,North America,Satya Nadella Team,2026-01-19,M365 Business Standard,12.5,46,0.15,488.75,6,73.2,835.5,1,1,1,0,0.024,Low Risk
MS-11096,Enterprise (500+),Retail,North America,Azure Enterprise Group,2026-01-02,M365 Business Basic,6.0,2322,0.0,13932.0,6,61.3,46752.5,0,1,1,0,0.059,Low Risk
MS-11097,Mid-Market (51-500),Retail,North America,Azure Enterprise Group,2024-10-27,M365 Business Basic,6.0,389,0.0,2334.0,21,59.3,10405.2,0,1,1,0,0.03,Low Risk
MS-11098,Mid-Market (51-500),Retail,APAC,Commercial Partner Org,2026-01-25,M365 E3,36.0,94,0.1,3045.6,6,39.8,2610.0,0,1,1,0,0.036,Low Risk
MS-11099,SMB (1-50),Retail,North America,Direct Digital,2025-05-06,M365 E3,36.0,7,0.0,252.0,14,72.2,10.0,1,1,1,0,0.026,Low Risk
MS-11100,Mid-Market (51-500),Manufacturing,North America,Direct Digital,2024-12-13,M365 Business Basic,6.0,457,0.1,2467.8,19,66.3,719.2,4,0,1,0,0.061,Low Risk
MS-11101,SMB (1-50),Healthcare,LATAM,Commercial Partner Org,2026-03-11,M365 Business Premium,22.0,18,0.0,396.0,4,60.1,377.8,3,0,1,1,0.113,Low Risk
MS-11102,SMB (1-50),Healthcare,APAC,Satya Nadella Team,2024-10-30,M365 E3,36.0,45,0.1,1458.0,21,50.0,1576.7,3,1,0,0,0.12,Low Risk
MS-11103,Mid-Market (51-500),Technology,APAC,Azure Enterprise Group,2026-04-01,M365 E3,36.0,343,0.1,11113.2,4,51.8,1513.4,2,0,1,1,0.144,Low Risk
MS-11104,SMB (1-50),Healthcare,LATAM,Direct Digital,2026-03-13,M365 Business Standard,12.5,8,0.0,100.0,4,79.1,10.0,2,1,1,0,0.046,Low Risk
MS-11105,Enterprise (500+),Education,North America,Commercial Partner Org,2025-04-26,M365 E3,36.0,640,0.0,23040.0,15,83.9,2992.5,3,0,1,0,0.025,Low Risk
MS-11106,SMB (1-50),Healthcare,North America,Satya Nadella Team,2025-09-06,M365 Business Standard,12.5,14,0.1,157.5,10,62.1,81.1,1,1,1,0,0.025,Low Risk
MS-11107,Enterprise (500+),Manufacturing,APAC,Satya Nadella Team,2024-09-26,M365 Business Premium,22.0,2179,0.1,43144.2,22,60.2,37429.1,5,0,1,0,0.157,Low Risk
MS-11108,Mid-Market (51-500),Retail,EMEA,Azure Enterprise Group,2025-09-28,M365 E5,57.0,252,0.0,14364.0,10,52.6,147.4,1,1,1,0,0.026,Low Risk
MS-11109,Mid-Market (51-500),Retail,North America,Azure Enterprise Group,2026-04-29,M365 Business Basic,6.0,404,0.0,2424.0,3,84.9,1159.0,1,0,1,0,0.035,Low Risk
MS-11110,SMB (1-50),Manufacturing,APAC,Commercial Partner Org,2024-12-19,M365 Business Basic,6.0,41,0.0,246.0,19,68.6,1104.1,1,0,0,1,0.227,Medium Risk
MS-11111,SMB (1-50),Education,North America,Commercial Partner Org,2025-09-27,M365 Business Standard,12.5,30,0.1,337.5,10,74.6,60.6,0,0,1,0,0.025,Low Risk
MS-11112,Enterprise (500+),Healthcare,North America,Satya Nadella Team,2025-05-12,M365 Business Basic,6.0,516,0.15,2631.6,14,74.5,8817.3,1,0,1,0,0.037,Low Risk
MS-11113,SMB (1-50),Manufacturing,EMEA,Satya Nadella Team,2026-03-06,M365 Business Standard,12.5,30,0.1,337.5,4,62.5,161.4,0,1,1,0,0.025,Low Risk
MS-11114,Mid-Market (51-500),Technology,EMEA,Direct Digital,2024-12-06,M365 Business Premium,22.0,228,0.1,4514.4,19,47.0,2973.1,5,0,1,1,0.253,Medium Risk
MS-11115,Enterprise (500+),Retail,EMEA,Satya Nadella Team,2026-02-20,M365 Business Standard,12.5,2884,0.15,30642.5,5,50.1,2655.0,2,0,1,0,0.098,Low Risk
MS-11116,SMB (1-50),Financial Services,North America,Commercial Partner Org,2024-12-13,M365 Business Standard,12.5,6,0.0,75.0,19,88.3,24.3,2,1,1,0,0.022,Low Risk
MS-11117,Mid-Market (51-500),Technology,APAC,Azure Enterprise Group,2026-05-08,M365 Business Standard,12.5,343,0.0,4287.5,2,54.9,2276.2,1,0,1,0,0.125,Low Risk
MS-11118,Mid-Market (51-500),Education,North America,Commercial Partner Org,2026-04-10,M365 Business Basic,6.0,254,0.0,1524.0,3,60.6,5932.6,1,0,1,0,0.109,Low Risk
MS-11119,SMB (1-50),Technology,North America,Direct Digital,2026-04-20,M365 Business Standard,12.5,27,0.1,303.75,3,47.6,268.6,2,1,1,0,0.033,Low Risk
MS-11120,SMB (1-50),Manufacturing,APAC,Direct Digital,2026-01-09,M365 Business Premium,22.0,27,0.0,594.0,6,46.1,15.0,5,0,1,0,0.451,Medium Risk
MS-11121,SMB (1-50),Healthcare,LATAM,Azure Enterprise Group,2025-04-02,M365 Business Basic,6.0,17,0.1,91.8,15,54.2,330.2,0,0,1,0,0.079,Low Risk
MS-11122,SMB (1-50),Retail,APAC,Commercial Partner Org,2024-12-22,M365 E5,57.0,25,0.0,1425.0,19,98.4,16.8,1,1,0,0,0.051,Low Risk
MS-11123,Mid-Market (51-500),Education,APAC,Direct Digital,2025-07-09,M365 Business Standard,12.5,447,0.15,4749.38,12,79.8,14609.8,2,1,0,0,0.031,Low Risk
MS-11124,SMB (1-50),Education,EMEA,Commercial Partner Org,2026-03-23,M365 E5,57.0,29,0.2,1322.4,4,58.5,82.8,3,1,1,0,0.029,Low Risk
MS-11125,Enterprise (500+),Financial Services,EMEA,Direct Digital,2024-12-10,M365 Business Basic,6.0,2755,0.0,16530.0,19,87.5,22126.6,1,1,1,0,0.011,Low Risk
MS-11126,SMB (1-50),Technology,North America,Azure Enterprise Group,2026-06-09,M365 E3,36.0,17,0.0,612.0,1,65.3,15.3,1,0,1,0,0.076,Low Risk
MS-11127,Mid-Market (51-500),Financial Services,North America,Direct Digital,2026-06-15,M365 Business Premium,22.0,90,0.15,1683.0,1,92.4,890.9,2,1,1,0,0.021,Low Risk
MS-11128,Mid-Market (51-500),Healthcare,North America,Commercial Partner Org,2024-11-23,M365 E3,36.0,380,0.0,13680.0,20,100.0,3135.5,3,1,1,0,0.015,Low Risk
MS-11129,SMB (1-50),Healthcare,North America,Commercial Partner Org,2025-06-29,M365 Business Premium,22.0,7,0.0,154.0,13,86.5,44.4,2,1,1,0,0.019,Low Risk
MS-11130,SMB (1-50),Financial Services,EMEA,Direct Digital,2026-03-27,M365 E5,57.0,27,0.1,1385.1,4,69.7,11.7,1,0,1,0,0.093,Low Risk
MS-11131,Mid-Market (51-500),Retail,EMEA,Satya Nadella Team,2025-04-05,M365 Business Premium,22.0,61,0.1,1207.8,15,80.6,1545.6,2,1,0,0,0.047,Low Risk
MS-11132,Enterprise (500+),Healthcare,North America,Azure Enterprise Group,2026-03-22,M365 E3,36.0,1980,0.1,64152.0,4,68.3,38555.6,2,1,0,0,0.04,Low Risk
MS-11133,SMB (1-50),Financial Services,North America,Azure Enterprise Group,2026-02-23,M365 E3,36.0,43,0.2,1238.4,5,35.0,517.3,0,1,1,0,0.041,Low Risk
MS-11134,SMB (1-50),Technology,EMEA,Direct Digital,2026-05-16,M365 Business Premium,22.0,12,0.2,211.2,2,56.2,122.3,2,1,1,0,0.068,Low Risk
MS-11135,SMB (1-50),Financial Services,North America,Direct Digital,2024-12-01,M365 Business Standard,12.5,47,0.15,499.38,20,50.9,669.6,2,0,1,1,0.072,Low Risk
MS-11136,SMB (1-50),Financial Services,APAC,Satya Nadella Team,2026-06-16,M365 Business Standard,12.5,29,0.0,362.5,1,55.8,54.1,1,0,0,1,0.352,Medium Risk
MS-11137,Mid-Market (51-500),Manufacturing,EMEA,Azure Enterprise Group,2025-11-26,M365 E3,36.0,173,0.0,6228.0,8,100.0,5600.6,1,1,1,0,0.019,Low Risk
MS-11138,Mid-Market (51-500),Healthcare,EMEA,Satya Nadella Team,2026-05-07,M365 Business Standard,12.5,239,0.15,2539.38,2,88.2,960.8,3,0,1,0,0.038,Low Risk
MS-11139,SMB (1-50),Retail,EMEA,Azure Enterprise Group,2024-11-10,M365 Business Premium,22.0,9,0.1,178.2,20,75.9,115.4,1,1,1,0,0.017,Low Risk
MS-11140,Enterprise (500+),Retail,APAC,Direct Digital,2026-02-07,M365 Business Basic,6.0,859,0.0,5154.0,5,82.6,9620.7,2,0,1,0,0.03,Low Risk
MS-11141,SMB (1-50),Manufacturing,North America,Azure Enterprise Group,2025-10-06,M365 Business Standard,12.5,29,0.0,362.5,9,33.9,352.3,3,0,0,0,0.334,Medium Risk
MS-11142,Mid-Market (51-500),Education,EMEA,Azure Enterprise Group,2026-07-01,M365 Business Premium,22.0,368,0.15,6881.6,1,81.1,9324.7,2,0,1,0,0.031,Low Risk
MS-11143,SMB (1-50),Retail,EMEA,Azure Enterprise Group,2024-11-20,M365 Business Premium,22.0,39,0.0,858.0,20,84.9,164.2,0,0,1,0,0.028,Low Risk
MS-11144,SMB (1-50),Financial Services,North America,Satya Nadella Team,2024-12-09,M365 Business Standard,12.5,19,0.2,190.0,19,27.7,315.1,3,0,1,1,0.162,Low Risk
MS-11145,SMB (1-50),Manufacturing,APAC,Satya Nadella Team,2026-04-18,M365 Business Basic,6.0,46,0.1,248.4,3,81.8,503.6,1,0,1,0,0.032,Low Risk
MS-11146,SMB (1-50),Technology,APAC,Azure Enterprise Group,2025-04-06,M365 Business Standard,12.5,30,0.1,337.5,15,42.4,28.5,1,1,1,0,0.028,Low Risk
MS-11147,Mid-Market (51-500),Healthcare,EMEA,Commercial Partner Org,2025-01-03,M365 Business Premium,22.0,78,0.0,1716.0,18,32.5,500.5,1,1,1,0,0.021,Low Risk
MS-11148,Mid-Market (51-500),Healthcare,APAC,Satya Nadella Team,2025-03-20,M365 Business Basic,6.0,244,0.1,1317.6,16,91.9,5328.6,2,1,1,0,0.017,Low Risk
MS-11149,SMB (1-50),Healthcare,APAC,Direct Digital,2024-09-02,M365 Business Premium,22.0,39,0.1,772.2,22,49.9,177.3,1,0,1,0,0.073,Low Risk
MS-11150,Mid-Market (51-500),Financial Services,EMEA,Direct Digital,2026-03-28,M365 Business Premium,22.0,273,0.0,6006.0,4,55.1,2156.6,0,1,1,0,0.038,Low Risk
MS-11151,SMB (1-50),Technology,APAC,Azure Enterprise Group,2024-09-20,M365 E5,57.0,42,0.0,2394.0,22,85.8,338.0,3,1,1,0,0.017,Low Risk
MS-11152,Mid-Market (51-500),Manufacturing,EMEA,Direct Digital,2025-02-27,M365 Business Basic,6.0,199,0.1,1074.6,17,62.5,2298.1,0,0,0,0,0.216,Medium Risk
MS-11153,SMB (1-50),Manufacturing,EMEA,Satya Nadella Team,2025-10-14,M365 Business Basic,6.0,28,0.0,168.0,9,64.8,723.9,3,0,1,0,0.038,Low Risk
MS-11154,SMB (1-50),Healthcare,EMEA,Commercial Partner Org,2024-11-01,M365 Business Standard,12.5,23,0.15,244.38,20,64.4,52.6,1,1,1,0,0.02,Low Risk
MS-11155,SMB (1-50),Technology,APAC,Commercial Partner Org,2025-05-31,M365 Business Standard,12.5,48,0.15,510.0,14,74.3,404.6,1,1,1,0,0.022,Low Risk
MS-11156,Mid-Market (51-500),Technology,North America,Commercial Partner Org,2024-09-10,M365 Business Basic,6.0,473,0.0,2838.0,22,63.9,3133.8,2,1,0,0,0.04,Low Risk
MS-11157,Mid-Market (51-500),Technology,APAC,Direct Digital,2026-07-31,M365 E3,36.0,424,0.15,12974.4,1,70.1,1785.2,2,1,1,0,0.018,Low Risk
MS-11158,SMB (1-50),Retail,APAC,Azure Enterprise Group,2026-05-15,M365 Business Standard,12.5,29,0.1,326.25,2,58.9,877.3,2,0,1,0,0.109,Low Risk
MS-11159,SMB (1-50),Retail,North America,Direct Digital,2026-02-22,M365 Business Standard,12.5,39,0.0,487.5,5,74.3,10.0,4,1,0,0,0.083,Low Risk
MS-11160,SMB (1-50),Healthcare,APAC,Azure Enterprise Group,2025-12-04,M365 Business Standard,12.5,40,0.0,500.0,7,73.6,62.5,2,0,1,0,0.031,Low Risk
MS-11161,Mid-Market (51-500),Technology,North America,Commercial Partner Org,2024-10-31,M365 E3,36.0,368,0.0,13248.0,21,100.0,5837.1,4,1,1,0,0.029,Low Risk
MS-11162,Mid-Market (51-500),Education,North America,Satya Nadella Team,2024-10-28,M365 Business Basic,6.0,62,0.0,372.0,21,61.1,227.5,0,1,1,0,0.022,Low Risk
MS-11163,SMB (1-50),Technology,EMEA,Direct Digital,2025-06-27,M365 Business Basic,6.0,36,0.0,216.0,13,64.7,554.9,1,0,0,0,0.215,Medium Risk
MS-11164,SMB (1-50),Manufacturing,North America,Satya Nadella Team,2026-01-10,M365 Business Basic,6.0,30,0.0,180.0,6,72.3,642.7,1,0,1,0,0.028,Low Risk
MS-11165,Mid-Market (51-500),Manufacturing,APAC,Commercial Partner Org,2025-08-05,M365 Business Premium,22.0,490,0.0,10780.0,11,85.4,1727.9,1,1,0,0,0.045,Low Risk
MS-11166,SMB (1-50),Healthcare,APAC,Azure Enterprise Group,2025-05-10,M365 E3,36.0,35,0.1,1134.0,14,48.4,89.5,0,0,1,0,0.074,Low Risk
MS-11167,SMB (1-50),Education,EMEA,Satya Nadella Team,2025-10-12,M365 Business Standard,12.5,41,0.1,461.25,9,69.9,77.2,3,1,1,0,0.021,Low Risk
MS-11168,SMB (1-50),Technology,North America,Direct Digital,2025-05-14,M365 Business Basic,6.0,42,0.2,201.6,14,22.9,112.5,2,0,1,0,0.12,Low Risk
MS-11169,SMB (1-50),Education,North America,Satya Nadella Team,2025-09-16,M365 Business Basic,6.0,41,0.0,246.0,10,63.1,152.9,2,1,0,0,0.069,Low Risk
MS-11170,Mid-Market (51-500),Healthcare,EMEA,Satya Nadella Team,2025-01-23,M365 Business Premium,22.0,441,0.0,9702.0,18,87.3,10746.2,5,0,1,0,0.135,Low Risk
MS-11171,Mid-Market (51-500),Manufacturing,LATAM,Direct Digital,2026-04-14,M365 Business Basic,6.0,366,0.0,2196.0,3,54.9,6454.9,1,1,0,0,0.134,Low Risk
MS-11172,SMB (1-50),Manufacturing,EMEA,Azure Enterprise Group,2025-08-07,M365 E3,36.0,40,0.0,1440.0,11,71.2,10.0,2,0,1,0,0.079,Low Risk
MS-11173,Mid-Market (51-500),Retail,North America,Direct Digital,2025-10-08,M365 Business Basic,6.0,58,0.1,313.2,9,58.5,1442.4,2,0,1,0,0.104,Low Risk
MS-11174,SMB (1-50),Healthcare,EMEA,Commercial Partner Org,2025-06-15,M365 Business Basic,6.0,15,0.0,90.0,13,52.5,14.8,1,1,1,0,0.031,Low Risk
MS-11175,Mid-Market (51-500),Healthcare,EMEA,Azure Enterprise Group,2025-04-02,M365 Business Basic,6.0,422,0.0,2532.0,15,85.5,5393.1,3,0,0,1,0.228,Medium Risk
MS-11176,Mid-Market (51-500),Technology,APAC,Satya Nadella Team,2026-02-14,M365 E3,36.0,364,0.1,11793.6,5,49.2,717.5,1,0,0,0,0.343,Medium Risk
MS-11177,Mid-Market (51-500),Technology,North America,Direct Digital,2026-03-30,M365 Business Premium,22.0,235,0.0,5170.0,4,73.3,181.3,0,0,0,0,0.167,Low Risk
MS-11178,SMB (1-50),Retail,APAC,Commercial Partner Org,2026-03-02,M365 E5,57.0,6,0.0,342.0,5,73.6,102.7,2,0,1,0,0.029,Low Risk
MS-11179,SMB (1-50),Financial Services,EMEA,Direct Digital,2025-03-30,M365 Business Standard,12.5,24,0.1,270.0,16,52.7,181.3,2,0,0,0,0.292,Medium Risk
MS-11180,SMB (1-50),Education,LATAM,Azure Enterprise Group,2025-02-18,M365 Business Basic,6.0,48,0.15,244.8,17,70.8,526.4,2,1,1,0,0.02,Low Risk
MS-11181,Mid-Market (51-500),Financial Services,North America,Commercial Partner Org,2026-02-20,M365 Business Premium,22.0,63,0.0,1386.0,5,51.2,418.8,2,0,1,0,0.122,Low Risk
MS-11182,SMB (1-50),Financial Services,EMEA,Satya Nadella Team,2025-05-21,M365 Business Standard,12.5,8,0.15,85.0,14,77.4,10.0,1,0,1,0,0.04,Low Risk
MS-11183,Enterprise (500+),Healthcare,LATAM,Azure Enterprise Group,2026-07-08,M365 Business Premium,22.0,719,0.0,15818.0,1,44.3,11609.9,2,1,0,0,0.137,Low Risk
MS-11184,Enterprise (500+),Education,North America,Commercial Partner Org,2025-09-25,M365 Business Standard,12.5,1034,0.0,12925.0,10,61.9,21301.4,4,1,1,0,0.025,Low Risk
MS-11185,Mid-Market (51-500),Healthcare,LATAM,Azure Enterprise Group,2025-10-26,M365 Business Basic,6.0,303,0.0,1818.0,9,63.5,153.8,1,0,1,0,0.093,Low Risk
MS-11186,Enterprise (500+),Education,EMEA,Satya Nadella Team,2024-11-01,M365 Business Basic,6.0,3067,0.1,16561.8,20,88.0,17340.3,0,0,1,0,0.037,Low Risk
MS-11187,SMB (1-50),Manufacturing,North America,Commercial Partner Org,2024-11-25,M365 Business Premium,22.0,20,0.0,440.0,20,70.5,195.6,0,0,1,0,0.025,Low Risk
MS-11188,SMB (1-50),Healthcare,North America,Direct Digital,2026-04-08,M365 Business Standard,12.5,44,0.1,495.0,3,85.2,490.7,1,1,1,1,0.028,Low Risk
MS-11189,SMB (1-50),Healthcare,EMEA,Direct Digital,2026-01-04,M365 E3,36.0,6,0.2,172.8,6,78.0,62.1,4,1,1,0,0.023,Low Risk
MS-11190,Mid-Market (51-500),Healthcare,North America,Satya Nadella Team,2024-10-30,M365 Business Standard,12.5,178,0.1,2002.5,21,77.9,2522.0,4,0,1,0,0.042,Low Risk
MS-11191,SMB (1-50),Retail,EMEA,Commercial Partner Org,2025-12-21,M365 E3,36.0,5,0.15,153.0,7,62.0,204.3,1,1,1,0,0.028,Low Risk
MS-11192,Enterprise (500+),Healthcare,North America,Satya Nadella Team,2025-07-17,M365 Business Standard,12.5,1487,0.0,18587.5,12,86.4,8837.4,1,1,1,0,0.011,Low Risk
MS-11193,SMB (1-50),Technology,EMEA,Satya Nadella Team,2026-07-22,M365 Business Basic,6.0,8,0.0,48.0,1,61.6,78.1,4,0,1,0,0.125,Low Risk
MS-11194,SMB (1-50),Technology,North America,Azure Enterprise Group,2024-10-22,M365 E5,57.0,31,0.0,1767.0,21,36.9,446.7,0,1,1,0,0.027,Low Risk
MS-11195,Mid-Market (51-500),Education,APAC,Direct Digital,2026-06-19,M365 Business Standard,12.5,142,0.0,1775.0,1,64.1,1529.4,1,1,1,0,0.022,Low Risk
MS-11196,SMB (1-50),Manufacturing,LATAM,Satya Nadella Team,2024-11-16,M365 Business Premium,22.0,26,0.0,572.0,20,76.2,152.6,5,1,1,0,0.056,Low Risk
MS-11197,SMB (1-50),Retail,LATAM,Azure Enterprise Group,2024-12-28,M365 Business Premium,22.0,47,0.1,930.6,19,39.1,551.8,2,0,1,0,0.081,Low Risk
MS-11198,Mid-Market (51-500),Education,EMEA,Satya Nadella Team,2025-03-01,M365 Business Standard,12.5,334,0.0,4175.0,17,52.1,4209.0,1,0,1,0,0.078,Low Risk
MS-11199,SMB (1-50),Technology,North America,Satya Nadella Team,2026-01-19,M365 Business Premium,22.0,37,0.1,732.6,6,45.8,390.5,4,0,1,0,0.133,Low Risk
MS-11200,SMB (1-50),Retail,APAC,Satya Nadella Team,2026-06-12,M365 E3,36.0,48,0.0,1728.0,1,82.2,132.2,3,0,1,0,0.033,Low Risk
MS-11201,SMB (1-50),Retail,North America,Direct Digital,2026-05-30,M365 Business Standard,12.5,34,0.0,425.0,2,98.1,287.7,0,1,1,0,0.022,Low Risk
MS-11202,SMB (1-50),Manufacturing,North America,Commercial Partner Org,2025-01-31,M365 Business Premium,22.0,34,0.0,748.0,17,64.2,880.2,0,0,1,0,0.038,Low Risk
MS-11203,Enterprise (500+),Retail,North America,Direct Digital,2024-09-18,M365 E3,36.0,2623,0.0,94428.0,22,77.6,50000.0,1,0,1,0,0.02,Low Risk
MS-11204,Mid-Market (51-500),Healthcare,EMEA,Azure Enterprise Group,2024-11-03,M365 Business Basic,6.0,404,0.2,1939.2,20,77.1,6736.1,3,0,1,0,0.047,Low Risk
MS-11205,SMB (1-50),Retail,APAC,Commercial Partner Org,2026-01-10,M365 Business Standard,12.5,21,0.0,262.5,6,96.0,301.1,2,0,1,0,0.029,Low Risk
MS-11206,SMB (1-50),Manufacturing,EMEA,Azure Enterprise Group,2024-11-18,M365 Business Basic,6.0,39,0.1,210.6,20,56.3,77.9,1,0,1,0,0.069,Low Risk
MS-11207,SMB (1-50),Education,North America,Satya Nadella Team,2024-10-29,M365 Business Premium,22.0,19,0.15,355.3,21,64.0,140.3,1,0,1,0,0.037,Low Risk
MS-11208,Enterprise (500+),Manufacturing,North America,Commercial Partner Org,2025-10-16,M365 E3,36.0,1827,0.0,65772.0,9,61.9,2578.3,1,1,1,0,0.015,Low Risk
MS-11209,SMB (1-50),Manufacturing,LATAM,Azure Enterprise Group,2024-10-31,M365 Business Premium,22.0,24,0.2,422.4,21,69.4,489.5,2,1,1,0,0.017,Low Risk
MS-11210,SMB (1-50),Technology,North America,Satya Nadella Team,2025-12-11,M365 Business Basic,6.0,37,0.0,222.0,7,100.0,152.7,3,1,1,0,0.017,Low Risk
MS-11211,Mid-Market (51-500),Healthcare,EMEA,Azure Enterprise Group,2026-05-23,M365 Business Standard,12.5,64,0.2,640.0,2,68.6,1118.3,3,0,1,0,0.038,Low Risk
MS-11212,Enterprise (500+),Technology,North America,Azure Enterprise Group,2024-11-18,M365 E3,36.0,3435,0.0,123660.0,20,52.6,50000.0,1,0,1,0,0.055,Low Risk
MS-11213,SMB (1-50),Education,APAC,Direct Digital,2026-07-15,M365 Business Standard,12.5,17,0.1,191.25,1,47.2,455.0,3,0,0,0,0.25,Medium Risk
MS-11214,SMB (1-50),Financial Services,EMEA,Satya Nadella Team,2026-01-01,M365 E3,36.0,8,0.1,259.2,6,90.5,134.6,0,0,1,0,0.028,Low Risk
MS-11215,SMB (1-50),Education,North America,Direct Digital,2025-05-02,M365 E3,36.0,27,0.0,972.0,15,52.5,269.5,1,0,1,0,0.072,Low Risk
MS-11216,SMB (1-50),Healthcare,North America,Commercial Partner Org,2025-03-27,M365 Business Basic,6.0,12,0.0,72.0,16,79.9,131.3,1,0,1,0,0.022,Low Risk
MS-11217,Mid-Market (51-500),Retail,EMEA,Satya Nadella Team,2024-11-26,M365 Business Basic,6.0,146,0.0,876.0,20,55.8,677.2,1,0,0,0,0.238,Medium Risk
MS-11218,Mid-Market (51-500),Manufacturing,EMEA,Direct Digital,2026-06-13,M365 Business Standard,12.5,373,0.0,4662.5,1,45.2,871.9,2,1,1,0,0.04,Low Risk
MS-11219,Mid-Market (51-500),Financial Services,North America,Direct Digital,2026-04-23,M365 Business Premium,22.0,302,0.0,6644.0,3,78.9,507.3,2,0,1,0,0.029,Low Risk
MS-11220,SMB (1-50),Healthcare,LATAM,Commercial Partner Org,2026-06-07,M365 E3,36.0,34,0.15,1040.4,1,56.6,82.0,1,0,1,0,0.116,Low Risk
MS-11221,SMB (1-50),Technology,North America,Azure Enterprise Group,2024-10-09,M365 Business Premium,22.0,34,0.0,748.0,21,75.7,1108.7,4,0,1,0,0.039,Low Risk
MS-11222,SMB (1-50),Manufacturing,North America,Azure Enterprise Group,2025-02-23,M365 Business Standard,12.5,29,0.0,362.5,17,77.0,62.5,0,0,1,0,0.024,Low Risk
MS-11223,SMB (1-50),Education,LATAM,Azure Enterprise Group,2025-12-22,M365 Business Basic,6.0,37,0.0,222.0,7,77.8,571.2,2,1,0,0,0.068,Low Risk
MS-11224,Mid-Market (51-500),Technology,North America,Commercial Partner Org,2026-04-15,M365 E3,36.0,133,0.0,4788.0,3,63.2,325.8,3,1,1,0,0.024,Low Risk
MS-11225,SMB (1-50),Healthcare,EMEA,Direct Digital,2024-09-20,M365 Business Basic,6.0,30,0.2,144.0,22,80.4,1332.2,0,1,1,0,0.017,Low Risk
MS-11226,SMB (1-50),Healthcare,North America,Satya Nadella Team,2025-04-09,M365 Business Premium,22.0,28,0.0,616.0,15,51.4,153.4,0,1,1,0,0.023,Low Risk
MS-11227,SMB (1-50),Education,North America,Commercial Partner Org,2025-06-02,M365 Business Basic,6.0,37,0.0,222.0,13,23.8,235.9,4,0,1,0,0.113,Low Risk
MS-11228,SMB (1-50),Financial Services,LATAM,Azure Enterprise Group,2025-02-01,M365 Business Basic,6.0,43,0.0,258.0,17,80.7,267.5,1,0,1,0,0.028,Low Risk
MS-11229,SMB (1-50),Education,North America,Azure Enterprise Group,2025-12-07,M365 Business Standard,12.5,29,0.0,362.5,7,71.0,590.0,4,1,1,0,0.022,Low Risk
MS-11230,Mid-Market (51-500),Retail,APAC,Satya Nadella Team,2025-10-14,M365 Business Standard,12.5,360,0.0,4500.0,9,57.0,1063.9,5,0,0,1,0.607,High Risk
MS-11231,SMB (1-50),Technology,North America,Commercial Partner Org,2026-06-17,M365 Business Premium,22.0,19,0.0,418.0,1,41.5,405.4,1,0,1,0,0.147,Low Risk
MS-11232,Mid-Market (51-500),Financial Services,North America,Azure Enterprise Group,2025-05-09,M365 Business Basic,6.0,486,0.0,2916.0,14,31.3,6241.4,2,1,1,0,0.023,Low Risk
MS-11233,SMB (1-50),Manufacturing,North America,Commercial Partner Org,2025-03-31,M365 E5,57.0,45,0.1,2308.5,16,68.9,134.4,1,1,1,0,0.017,Low Risk
MS-11234,SMB (1-50),Retail,EMEA,Direct Digital,2025-12-22,M365 Business Premium,22.0,10,0.0,220.0,7,97.7,10.0,0,0,1,0,0.079,Low Risk
MS-11235,Enterprise (500+),Financial Services,North America,Commercial Partner Org,2026-06-23,M365 Business Standard,12.5,1423,0.0,17787.5,1,65.5,25470.9,0,0,1,0,0.033,Low Risk
MS-11236,SMB (1-50),Technology,APAC,Direct Digital,2026-07-19,M365 Business Standard,12.5,48,0.0,600.0,1,61.5,142.3,1,0,0,0,0.238,Medium Risk
MS-11237,Mid-Market (51-500),Healthcare,EMEA,Satya Nadella Team,2025-10-24,M365 Business Premium,22.0,464,0.0,10208.0,9,67.6,12243.1,0,0,0,0,0.145,Low Risk
MS-11238,SMB (1-50),Manufacturing,LATAM,Direct Digital,2025-02-19,M365 Business Basic,6.0,25,0.0,150.0,17,100.0,41.7,1,0,1,0,0.026,Low Risk
MS-11239,Mid-Market (51-500),Education,North America,Direct Digital,2026-01-20,M365 E5,57.0,317,0.0,18069.0,6,81.5,3644.5,2,0,1,0,0.026,Low Risk
MS-11240,Mid-Market (51-500),Technology,APAC,Satya Nadella Team,2026-06-08,M365 Business Premium,22.0,469,0.0,10318.0,1,51.2,6630.9,1,0,1,0,0.124,Low Risk
MS-11241,Enterprise (500+),Retail,APAC,Azure Enterprise Group,2026-05-21,M365 Business Basic,6.0,3113,0.15,15876.3,2,68.5,40048.4,2,1,1,0,0.018,Low Risk
MS-11242,Mid-Market (51-500),Retail,APAC,Satya Nadella Team,2025-03-22,M365 Business Premium,22.0,167,0.0,3674.0,16,74.0,761.2,1,1,1,0,0.013,Low Risk
MS-11243,Mid-Market (51-500),Healthcare,APAC,Commercial Partner Org,2026-01-05,M365 Business Standard,12.5,117,0.0,1462.5,6,49.0,2925.4,5,1,1,0,0.143,Low Risk
MS-11244,SMB (1-50),Healthcare,APAC,Satya Nadella Team,2025-06-22,M365 Business Basic,6.0,7,0.1,37.8,13,81.7,123.4,3,1,1,0,0.027,Low Risk
MS-11245,Mid-Market (51-500),Manufacturing,EMEA,Commercial Partner Org,2025-12-01,M365 E5,57.0,291,0.0,16587.0,7,53.3,2492.5,3,1,1,0,0.042,Low Risk
MS-11246,Mid-Market (51-500),Education,North America,Azure Enterprise Group,2025-01-24,M365 Business Basic,6.0,228,0.1,1231.2,18,40.8,2529.6,3,0,1,1,0.098,Low Risk
MS-11247,SMB (1-50),Manufacturing,North America,Commercial Partner Org,2025-04-26,M365 Business Premium,22.0,17,0.0,374.0,15,69.4,170.5,0,1,1,0,0.02,Low Risk
MS-11248,SMB (1-50),Healthcare,APAC,Satya Nadella Team,2025-10-29,M365 E5,57.0,22,0.0,1254.0,9,66.5,774.0,2,1,1,0,0.019,Low Risk
MS-11249,Mid-Market (51-500),Healthcare,EMEA,Satya Nadella Team,2025-06-19,M365 Business Basic,6.0,127,0.1,685.8,13,68.0,3455.4,3,0,1,0,0.033,Low Risk
MS-11250,SMB (1-50),Retail,APAC,Azure Enterprise Group,2025-02-03,M365 Business Standard,12.5,15,0.0,187.5,17,54.2,48.3,1,0,1,0,0.073,Low Risk
MS-11251,SMB (1-50),Healthcare,EMEA,Satya Nadella Team,2025-08-16,M365 Business Basic,6.0,46,0.2,220.8,11,56.7,168.3,1,1,1,0,0.022,Low Risk
MS-11252,Enterprise (500+),Financial Services,North America,Azure Enterprise Group,2025-11-16,M365 Business Basic,6.0,792,0.1,4276.8,8,88.3,37889.1,4,0,1,0,0.031,Low Risk
MS-11253,SMB (1-50),Technology,North America,Azure Enterprise Group,2025-05-01,M365 Business Basic,6.0,8,0.1,43.2,15,75.9,25.9,2,0,1,0,0.026,Low Risk
MS-11254,SMB (1-50),Healthcare,EMEA,Satya Nadella Team,2025-03-26,M365 E3,36.0,29,0.0,1044.0,16,50.8,1067.6,1,0,0,0,0.243,Medium Risk
MS-11255,Mid-Market (51-500),Manufacturing,North America,Direct Digital,2025-11-02,M365 E3,36.0,127,0.15,3886.2,8,32.9,1598.9,1,0,1,1,0.145,Low Risk
MS-11256,SMB (1-50),Education,North America,Commercial Partner Org,2025-05-16,M365 Business Premium,22.0,40,0.0,880.0,14,51.5,24.7,2,1,0,0,0.227,Medium Risk
MS-11257,Mid-Market (51-500),Education,EMEA,Direct Digital,2026-04-08,M365 Business Standard,12.5,330,0.2,3300.0,3,70.8,1619.9,1,0,1,0,0.024,Low Risk
MS-11258,SMB (1-50),Education,North America,Azure Enterprise Group,2024-10-05,M365 E3,36.0,44,0.0,1584.0,21,56.6,341.4,1,1,1,0,0.021,Low Risk
MS-11259,SMB (1-50),Financial Services,EMEA,Commercial Partner Org,2025-01-07,M365 Business Standard,12.5,32,0.15,340.0,18,55.2,687.5,2,1,1,0,0.021,Low Risk
MS-11260,SMB (1-50),Manufacturing,North America,Direct Digital,2025-11-04,M365 Business Standard,12.5,49,0.1,551.25,8,57.4,234.2,3,1,1,0,0.032,Low Risk
MS-11261,Enterprise (500+),Financial Services,APAC,Satya Nadella Team,2025-07-16,M365 Business Standard,12.5,1420,0.1,15975.0,12,66.7,6337.2,3,0,1,0,0.031,Low Risk
MS-11262,SMB (1-50),Healthcare,North America,Direct Digital,2024-12-04,M365 Business Basic,6.0,25,0.0,150.0,19,82.1,758.7,3,0,1,0,0.027,Low Risk
MS-11263,SMB (1-50),Technology,EMEA,Commercial Partner Org,2025-04-08,M365 E5,57.0,39,0.0,2223.0,15,68.0,38.5,1,0,1,0,0.032,Low Risk
MS-11264,SMB (1-50),Education,North America,Commercial Partner Org,2025-06-28,M365 Business Premium,22.0,48,0.15,897.6,13,69.1,461.9,0,0,1,0,0.036,Low Risk
MS-11265,SMB (1-50),Manufacturing,North America,Commercial Partner Org,2026-05-30,M365 Business Premium,22.0,22,0.0,484.0,2,64.0,185.2,0,0,1,0,0.039,Low Risk
MS-11266,SMB (1-50),Education,North America,Commercial Partner Org,2025-03-04,M365 Business Premium,22.0,29,0.1,574.2,16,59.0,20.5,2,1,1,0,0.022,Low Risk
MS-11267,SMB (1-50),Financial Services,EMEA,Direct Digital,2024-10-07,M365 Business Premium,22.0,45,0.2,792.0,21,84.1,49.6,4,1,1,0,0.035,Low Risk
MS-11268,Mid-Market (51-500),Retail,EMEA,Satya Nadella Team,2026-05-15,M365 Business Basic,6.0,370,0.0,2220.0,2,81.4,2136.6,3,1,1,1,0.075,Low Risk
MS-11269,SMB (1-50),Healthcare,North America,Satya Nadella Team,2025-10-05,M365 Business Standard,12.5,12,0.0,150.0,9,100.0,20.7,1,0,1,0,0.031,Low Risk
MS-11270,Mid-Market (51-500),Technology,EMEA,Commercial Partner Org,2026-07-22,M365 E3,36.0,382,0.0,13752.0,1,79.0,2980.6,5,1,0,0,0.347,Medium Risk
MS-11271,Mid-Market (51-500),Healthcare,APAC,Satya Nadella Team,2025-01-20,M365 Business Basic,6.0,421,0.0,2526.0,18,59.0,4742.6,4,0,1,1,0.085,Low Risk
MS-11272,SMB (1-50),Retail,APAC,Direct Digital,2025-01-12,M365 E5,57.0,48,0.1,2462.4,18,51.7,677.2,0,1,1,0,0.026,Low Risk
MS-11273,SMB (1-50),Technology,North America,Satya Nadella Team,2025-11-19,M365 Business Standard,12.5,41,0.0,512.5,8,85.2,389.0,2,0,1,0,0.032,Low Risk
MS-11274,Mid-Market (51-500),Retail,EMEA,Azure Enterprise Group,2026-06-23,M365 Business Standard,12.5,335,0.0,4187.5,1,53.3,1919.5,2,0,1,0,0.128,Low Risk
MS-11275,Mid-Market (51-500),Healthcare,North America,Satya Nadella Team,2025-06-15,M365 Business Standard,12.5,168,0.2,1680.0,13,82.6,280.2,3,0,1,0,0.03,Low Risk
MS-11276,SMB (1-50),Financial Services,North America,Commercial Partner Org,2025-05-16,M365 E3,36.0,45,0.0,1620.0,14,54.3,153.5,2,0,0,0,0.274,Medium Risk
MS-11277,Enterprise (500+),Healthcare,LATAM,Satya Nadella Team,2024-10-09,M365 Business Standard,12.5,1509,0.15,16033.12,21,74.3,9845.9,1,0,1,0,0.026,Low Risk
MS-11278,SMB (1-50),Healthcare,North America,Satya Nadella Team,2025-07-02,M365 Business Premium,22.0,7,0.0,154.0,12,48.9,216.6,1,0,1,0,0.102,Low Risk
MS-11279,SMB (1-50),Healthcare,EMEA,Satya Nadella Team,2025-06-10,M365 Business Standard,12.5,27,0.0,337.5,13,82.0,73.4,1,0,1,0,0.037,Low Risk
MS-11280,SMB (1-50),Manufacturing,EMEA,Satya Nadella Team,2026-02-08,M365 Business Premium,22.0,44,0.0,968.0,5,45.8,281.6,4,0,1,1,0.133,Low Risk
MS-11281,Enterprise (500+),Retail,EMEA,Azure Enterprise Group,2025-10-12,M365 Business Basic,6.0,1975,0.0,11850.0,9,72.9,31234.7,2,0,0,0,0.128,Low Risk
MS-11282,Mid-Market (51-500),Retail,EMEA,Direct Digital,2025-08-25,M365 Business Basic,6.0,140,0.1,756.0,11,64.4,2052.1,0,0,1,0,0.038,Low Risk
MS-11283,Mid-Market (51-500),Education,North America,Commercial Partner Org,2025-09-13,M365 Business Basic,6.0,308,0.0,1848.0,10,69.8,12453.6,3,0,1,0,0.031,Low Risk
MS-11284,SMB (1-50),Retail,North America,Commercial Partner Org,2025-12-13,M365 Business Standard,12.5,9,0.1,101.25,7,60.9,22.9,3,0,1,1,0.185,Low Risk
MS-11285,SMB (1-50),Education,EMEA,Satya Nadella Team,2025-06-08,M365 Business Standard,12.5,29,0.0,362.5,13,60.5,10.0,1,0,1,0,0.092,Low Risk
MS-11286,SMB (1-50),Manufacturing,North America,Direct Digital,2026-03-19,M365 Business Premium,22.0,43,0.1,851.4,4,70.8,200.8,2,0,1,0,0.033,Low Risk
MS-11287,Mid-Market (51-500),Financial Services,North America,Satya Nadella Team,2024-09-11,M365 Business Standard,12.5,139,0.0,1737.5,22,50.0,270.5,0,0,1,0,0.074,Low Risk
MS-11288,SMB (1-50),Education,North America,Azure Enterprise Group,2026-07-07,M365 Business Basic,6.0,45,0.1,243.0,1,49.9,429.4,2,0,1,0,0.125,Low Risk
MS-11289,SMB (1-50),Healthcare,North America,Direct Digital,2026-07-27,M365 Business Basic,6.0,9,0.0,54.0,1,61.5,247.4,0,1,1,0,0.05,Low Risk
MS-11290,SMB (1-50),Financial Services,North America,Direct Digital,2025-03-05,M365 Business Basic,6.0,12,0.0,72.0,16,60.8,167.8,0,0,1,0,0.087,Low Risk
MS-11291,Enterprise (500+),Manufacturing,North America,Direct Digital,2026-03-03,M365 Business Standard,12.5,1712,0.1,19260.0,4,49.9,2998.4,1,0,1,0,0.098,Low Risk
MS-11292,SMB (1-50),Retail,EMEA,Direct Digital,2024-09-09,M365 Business Basic,6.0,8,0.15,40.8,22,84.6,11.8,2,0,1,0,0.051,Low Risk
MS-11293,SMB (1-50),Education,EMEA,Satya Nadella Team,2024-09-28,M365 Business Standard,12.5,45,0.15,478.12,22,62.0,1309.1,1,0,1,0,0.06,Low Risk
MS-11294,SMB (1-50),Healthcare,APAC,Azure Enterprise Group,2026-07-18,M365 Business Standard,12.5,26,0.0,325.0,1,63.9,208.6,2,0,1,0,0.045,Low Risk
MS-11295,Enterprise (500+),Technology,North America,Direct Digital,2025-12-08,M365 Business Premium,22.0,3081,0.15,57614.7,7,44.1,50000.0,0,1,1,0,0.029,Low Risk
MS-11296,Enterprise (500+),Technology,North America,Commercial Partner Org,2026-06-01,M365 Business Premium,22.0,3431,0.0,75482.0,2,100.0,50000.0,2,0,1,0,0.085,Low Risk
MS-11297,Mid-Market (51-500),Financial Services,North America,Commercial Partner Org,2026-01-24,M365 Business Standard,12.5,74,0.0,925.0,6,100.0,4451.5,0,1,1,0,0.025,Low Risk
MS-11298,SMB (1-50),Retail,EMEA,Azure Enterprise Group,2026-01-15,M365 Business Basic,6.0,39,0.1,210.6,6,54.0,959.3,1,0,1,0,0.114,Low Risk
MS-11299,SMB (1-50),Technology,EMEA,Commercial Partner Org,2026-04-05,M365 Business Standard,12.5,8,0.15,85.0,3,90.1,51.3,2,0,1,0,0.031,Low Risk
MS-11300,Enterprise (500+),Financial Services,North America,Satya Nadella Team,2026-06-25,M365 Business Basic,6.0,1757,0.1,9487.8,1,66.3,29934.2,2,1,1,0,0.018,Low Risk
MS-11301,SMB (1-50),Manufacturing,LATAM,Satya Nadella Team,2026-06-23,M365 Business Basic,6.0,26,0.2,124.8,1,96.9,198.8,2,0,1,0,0.026,Low Risk
MS-11302,SMB (1-50),Financial Services,North America,Azure Enterprise Group,2025-04-06,M365 E3,36.0,5,0.0,180.0,15,74.1,15.9,0,1,0,0,0.04,Low Risk
MS-11303,SMB (1-50),Financial Services,EMEA,Direct Digital,2025-11-03,M365 Business Basic,6.0,15,0.2,72.0,8,69.8,49.6,3,1,1,0,0.016,Low Risk
MS-11304,Enterprise (500+),Financial Services,EMEA,Commercial Partner Org,2026-05-31,M365 E5,57.0,509,0.0,29013.0,2,23.0,3092.9,4,1,1,0,0.146,Low Risk
MS-11305,SMB (1-50),Healthcare,APAC,Commercial Partner Org,2024-09-03,M365 Business Basic,6.0,8,0.0,48.0,22,52.2,11.3,1,0,1,0,0.097,Low Risk
MS-11306,Mid-Market (51-500),Financial Services,EMEA,Azure Enterprise Group,2025-03-06,M365 E3,36.0,287,0.1,9298.8,16,68.4,674.1,4,0,1,0,0.043,Low Risk
MS-11307,Mid-Market (51-500),Education,APAC,Azure Enterprise Group,2024-10-13,M365 Business Premium,22.0,277,0.15,5179.9,21,71.6,2308.1,2,0,1,0,0.025,Low Risk
MS-11308,SMB (1-50),Financial Services,North America,Commercial Partner Org,2026-05-04,M365 Business Standard,12.5,48,0.0,600.0,2,46.1,1772.6,1,1,1,0,0.04,Low Risk
MS-11309,SMB (1-50),Healthcare,APAC,Direct Digital,2025-10-16,M365 Business Standard,12.5,42,0.2,420.0,9,54.9,434.5,2,1,1,0,0.028,Low Risk
MS-11310,Enterprise (500+),Healthcare,North America,Azure Enterprise Group,2025-03-09,M365 Business Premium,22.0,2584,0.0,56848.0,16,78.0,16281.9,1,0,1,0,0.026,Low Risk
MS-11311,Enterprise (500+),Manufacturing,APAC,Satya Nadella Team,2024-10-12,M365 E3,36.0,2666,0.0,95976.0,21,43.1,8893.7,2,0,0,0,0.248,Medium Risk
MS-11312,Mid-Market (51-500),Retail,EMEA,Commercial Partner Org,2024-12-06,M365 Business Standard,12.5,286,0.15,3038.75,19,70.4,748.3,2,0,1,0,0.028,Low Risk
MS-11313,Mid-Market (51-500),Technology,APAC,Azure Enterprise Group,2026-06-10,M365 Business Basic,6.0,231,0.15,1178.1,1,90.3,2977.5,2,0,1,0,0.033,Low Risk
MS-11314,SMB (1-50),Technology,EMEA,Azure Enterprise Group,2026-06-19,M365 Business Standard,12.5,19,0.1,213.75,1,74.9,430.0,3,0,1,0,0.03,Low Risk
MS-11315,Enterprise (500+),Financial Services,EMEA,Azure Enterprise Group,2026-01-30,M365 Business Basic,6.0,2036,0.15,10383.6,6,74.0,12433.9,1,1,1,0,0.016,Low Risk
MS-11316,SMB (1-50),Manufacturing,EMEA,Commercial Partner Org,2025-01-14,M365 E5,57.0,41,0.0,2337.0,18,31.6,393.6,1,0,1,0,0.085,Low Risk
MS-11317,Mid-Market (51-500),Financial Services,EMEA,Satya Nadella Team,2026-01-23,M365 Business Premium,22.0,398,0.0,8756.0,6,53.2,5858.5,1,1,1,0,0.044,Low Risk
MS-11318,Enterprise (500+),Technology,North America,Satya Nadella Team,2026-02-01,M365 Business Basic,6.0,1674,0.2,8035.2,5,100.0,1206.6,0,0,1,0,0.038,Low Risk
MS-11319,Mid-Market (51-500),Healthcare,North America,Commercial Partner Org,2024-10-07,M365 Business Standard,12.5,465,0.1,5231.25,21,57.2,2411.5,0,0,0,1,0.342,Medium Risk
MS-11320,Mid-Market (51-500),Retail,North America,Azure Enterprise Group,2026-04-02,M365 Business Basic,6.0,128,0.15,652.8,3,90.8,2009.7,2,0,1,0,0.033,Low Risk
MS-11321,Mid-Market (51-500),Manufacturing,North America,Commercial Partner Org,2026-01-30,M365 E3,36.0,270,0.15,8262.0,6,57.0,3738.9,2,1,1,0,0.032,Low Risk
MS-11322,SMB (1-50),Healthcare,APAC,Commercial Partner Org,2024-10-28,M365 E5,57.0,40,0.1,2052.0,21,63.0,26.3,0,1,1,0,0.02,Low Risk
MS-11323,Mid-Market (51-500),Retail,North America,Azure Enterprise Group,2025-02-02,M365 Business Basic,6.0,435,0.1,2349.0,17,77.3,1417.6,3,0,1,0,0.027,Low Risk
MS-11324,SMB (1-50),Manufacturing,LATAM,Commercial Partner Org,2024-12-22,M365 Business Standard,12.5,10,0.0,125.0,19,69.8,136.7,1,0,0,1,0.256,Medium Risk
MS-11325,Mid-Market (51-500),Manufacturing,North America,Direct Digital,2025-12-04,M365 E5,57.0,168,0.0,9576.0,7,74.9,638.4,0,0,1,0,0.031,Low Risk
MS-11326,SMB (1-50),Technology,North America,Satya Nadella Team,2026-04-27,M365 Business Basic,6.0,7,0.1,37.8,3,53.3,141.5,1,0,1,1,0.233,Medium Risk
MS-11327,SMB (1-50),Healthcare,APAC,Direct Digital,2026-04-24,M365 Business Standard,12.5,11,0.15,116.88,3,47.5,10.0,5,1,1,0,0.371,Medium Risk
MS-11328,Mid-Market (51-500),Manufacturing,EMEA,Direct Digital,2025-11-16,M365 Business Standard,12.5,91,0.0,1137.5,8,52.1,230.6,2,0,0,0,0.32,Medium Risk
MS-11329,Enterprise (500+),Education,EMEA,Direct Digital,2026-07-22,M365 Business Basic,6.0,1817,0.0,10902.0,1,58.4,7202.5,1,1,1,0,0.028,Low Risk
MS-11330,SMB (1-50),Manufacturing,EMEA,Commercial Partner Org,2025-04-16,M365 Business Basic,6.0,45,0.0,270.0,15,63.9,1400.8,3,0,1,0,0.041,Low Risk
MS-11331,Mid-Market (51-500),Retail,EMEA,Azure Enterprise Group,2026-04-02,M365 E5,57.0,385,0.0,21945.0,3,86.7,7351.3,4,0,1,0,0.038,Low Risk
MS-11332,Mid-Market (51-500),Technology,North America,Commercial Partner Org,2024-12-31,M365 Business Premium,22.0,237,0.1,4692.6,19,69.6,6130.0,3,0,0,0,0.179,Low Risk
MS-11333,Enterprise (500+),Financial Services,LATAM,Satya Nadella Team,2026-07-03,M365 Business Standard,12.5,2638,0.1,29677.5,1,76.7,18381.8,1,0,0,0,0.131,Low Risk
MS-11334,SMB (1-50),Technology,LATAM,Commercial Partner Org,2025-08-23,M365 Business Standard,12.5,22,0.0,275.0,11,70.5,456.5,2,0,0,0,0.181,Low Risk
MS-11335,Mid-Market (51-500),Financial Services,EMEA,Commercial Partner Org,2025-05-26,M365 Business Premium,22.0,214,0.0,4708.0,14,47.9,4932.3,2,0,1,0,0.085,Low Risk
MS-11336,Enterprise (500+),Healthcare,North America,Commercial Partner Org,2026-07-27,M365 Business Standard,12.5,1714,0.0,21425.0,1,68.3,10505.2,0,0,1,0,0.034,Low Risk
MS-11337,SMB (1-50),Healthcare,EMEA,Commercial Partner Org,2025-12-29,M365 Business Basic,6.0,21,0.15,107.1,7,70.4,1309.4,1,1,1,0,0.015,Low Risk
MS-11338,Enterprise (500+),Manufacturing,North America,Direct Digital,2024-09-04,M365 Business Basic,6.0,1883,0.0,11298.0,22,81.7,43054.7,1,0,0,0,0.13,Low Risk
MS-11339,Enterprise (500+),Education,North America,Azure Enterprise Group,2025-12-22,M365 Business Premium,22.0,2258,0.1,44708.4,7,48.8,50000.0,0,0,0,0,0.303,Medium Risk
MS-11340,Enterprise (500+),Healthcare,North America,Satya Nadella Team,2024-12-30,M365 Business Basic,6.0,2180,0.0,13080.0,19,31.3,50000.0,2,0,1,0,0.074,Low Risk
MS-11341,SMB (1-50),Manufacturing,EMEA,Satya Nadella Team,2025-12-30,M365 Business Basic,6.0,25,0.0,150.0,7,71.2,449.1,2,0,1,0,0.028,Low Risk
MS-11342,SMB (1-50),Technology,APAC,Satya Nadella Team,2025-04-07,M365 Business Standard,12.5,27,0.0,337.5,15,74.4,933.0,2,1,1,0,0.015,Low Risk
MS-11343,Enterprise (500+),Healthcare,EMEA,Commercial Partner Org,2026-07-26,M365 Business Basic,6.0,2870,0.2,13776.0,1,64.8,18749.7,2,0,1,0,0.04,Low Risk
MS-11344,SMB (1-50),Technology,EMEA,Satya Nadella Team,2025-06-05,M365 E5,57.0,14,0.0,798.0,13,68.5,256.9,2,1,1,0,0.017,Low Risk
MS-11345,Mid-Market (51-500),Technology,North America,Direct Digital,2025-05-15,M365 Business Premium,22.0,116,0.0,2552.0,14,83.8,333.2,3,0,1,0,0.037,Low Risk
MS-11346,SMB (1-50),Education,North America,Azure Enterprise Group,2025-07-01,M365 Business Basic,6.0,5,0.0,30.0,13,59.7,79.2,2,0,1,0,0.102,Low Risk
MS-11347,SMB (1-50),Healthcare,North America,Commercial Partner Org,2024-10-13,M365 Business Basic,6.0,41,0.15,209.1,21,63.0,757.1,1,0,1,0,0.057,Low Risk
MS-11348,SMB (1-50),Technology,LATAM,Commercial Partner Org,2026-02-12,M365 Business Premium,22.0,11,0.0,242.0,5,69.4,166.4,1,0,0,0,0.188,Low Risk
MS-11349,Mid-Market (51-500),Education,North America,Direct Digital,2026-07-21,M365 Business Standard,12.5,383,0.0,4787.5,1,46.0,8713.4,4,1,1,0,0.048,Low Risk
MS-11350,SMB (1-50),Education,APAC,Satya Nadella Team,2026-04-11,M365 E3,36.0,44,0.0,1584.0,3,65.3,281.6,2,0,0,0,0.196,Low Risk
MS-11351,Mid-Market (51-500),Healthcare,EMEA,Commercial Partner Org,2026-07-25,M365 Business Standard,12.5,215,0.2,2150.0,1,66.9,2030.3,1,1,1,0,0.021,Low Risk
MS-11352,Mid-Market (51-500),Education,North America,Commercial Partner Org,2025-01-28,M365 Business Standard,12.5,434,0.2,4340.0,18,97.5,55.9,2,0,1,0,0.029,Low Risk
MS-11353,Mid-Market (51-500),Healthcare,EMEA,Direct Digital,2026-04-17,M365 E5,57.0,490,0.0,27930.0,3,62.6,928.4,3,0,0,0,0.148,Low Risk
MS-11354,Mid-Market (51-500),Healthcare,EMEA,Direct Digital,2024-09-10,M365 Business Standard,12.5,144,0.1,1620.0,22,71.6,1785.7,4,0,1,0,0.042,Low Risk
MS-11355,SMB (1-50),Financial Services,APAC,Satya Nadella Team,2025-03-31,M365 Business Standard,12.5,8,0.0,100.0,16,84.5,79.3,0,0,0,1,0.205,Medium Risk
MS-11356,SMB (1-50),Technology,APAC,Azure Enterprise Group,2026-06-14,M365 Business Premium,22.0,30,0.0,660.0,1,52.9,79.1,1,0,1,0,0.126,Low Risk
MS-11357,SMB (1-50),Retail,North America,Azure Enterprise Group,2025-05-18,M365 E3,36.0,16,0.1,518.4,14,92.8,53.6,1,0,1,0,0.032,Low Risk
MS-11358,Mid-Market (51-500),Healthcare,North America,Satya Nadella Team,2025-09-17,M365 Business Premium,22.0,206,0.0,4532.0,10,99.7,1042.5,1,0,0,0,0.114,Low Risk
MS-11359,Mid-Market (51-500),Technology,EMEA,Azure Enterprise Group,2025-09-24,M365 Business Premium,22.0,399,0.0,8778.0,10,67.5,6034.0,3,0,1,0,0.032,Low Risk
MS-11360,SMB (1-50),Education,APAC,Direct Digital,2025-08-02,M365 Business Standard,12.5,5,0.2,50.0,11,58.3,56.5,0,0,1,0,0.095,Low Risk
MS-11361,SMB (1-50),Manufacturing,North America,Direct Digital,2024-09-05,M365 Business Standard,12.5,7,0.0,87.5,22,97.3,10.0,3,0,1,0,0.056,Low Risk
MS-11362,Mid-Market (51-500),Healthcare,EMEA,Direct Digital,2024-11-22,M365 Business Basic,6.0,321,0.0,1926.0,20,82.3,5496.3,2,0,0,1,0.218,Medium Risk
MS-11363,SMB (1-50),Education,EMEA,Azure Enterprise Group,2024-09-06,M365 Business Premium,22.0,25,0.1,495.0,22,69.5,91.4,1,0,1,0,0.026,Low Risk
MS-11364,Enterprise (500+),Education,EMEA,Azure Enterprise Group,2025-01-30,M365 Business Basic,6.0,2037,0.0,12222.0,18,93.7,27230.8,1,0,1,0,0.027,Low Risk
MS-11365,SMB (1-50),Education,North America,Commercial Partner Org,2025-02-28,M365 Business Basic,6.0,17,0.0,102.0,17,91.8,26.9,2,1,1,0,0.013,Low Risk
MS-11366,Enterprise (500+),Education,EMEA,Commercial Partner Org,2025-02-14,M365 E5,57.0,2203,0.0,125571.0,17,61.9,50000.0,3,0,1,0,0.05,Low Risk
MS-11367,SMB (1-50),Education,APAC,Commercial Partner Org,2025-12-14,M365 Business Standard,12.5,22,0.0,275.0,7,72.5,22.1,5,0,1,1,0.356,Medium Risk
MS-11368,SMB (1-50),Healthcare,North America,Azure Enterprise Group,2024-11-17,M365 Business Basic,6.0,37,0.0,222.0,20,78.4,601.1,3,1,1,0,0.02,Low Risk
MS-11369,SMB (1-50),Retail,North America,Commercial Partner Org,2025-10-17,M365 Business Standard,12.5,10,0.0,125.0,9,68.5,93.5,3,0,0,0,0.185,Low Risk
MS-11370,SMB (1-50),Financial Services,LATAM,Direct Digital,2026-03-08,M365 Business Standard,12.5,29,0.0,362.5,4,43.0,31.3,3,0,1,0,0.15,Low Risk
MS-11371,SMB (1-50),Education,North America,Azure Enterprise Group,2026-03-28,M365 Business Standard,12.5,27,0.2,270.0,4,51.1,10.0,3,1,1,0,0.051,Low Risk
MS-11372,SMB (1-50),Education,APAC,Satya Nadella Team,2025-09-16,M365 Business Basic,6.0,28,0.0,168.0,10,43.6,151.4,0,0,1,0,0.119,Low Risk
MS-11373,Mid-Market (51-500),Financial Services,EMEA,Azure Enterprise Group,2025-07-10,M365 Business Basic,6.0,115,0.1,621.0,12,76.9,2236.5,3,1,1,0,0.021,Low Risk
MS-11374,SMB (1-50),Healthcare,North America,Commercial Partner Org,2025-09-30,M365 Business Standard,12.5,30,0.0,375.0,10,46.7,15.1,3,0,1,0,0.122,Low Risk
MS-11375,Mid-Market (51-500),Technology,APAC,Azure Enterprise Group,2026-02-25,M365 Business Standard,12.5,55,0.15,584.38,5,71.5,804.4,1,1,1,0,0.024,Low Risk
MS-11376,SMB (1-50),Manufacturing,North America,Commercial Partner Org,2024-09-04,M365 Business Basic,6.0,42,0.15,214.2,22,100.0,536.9,1,1,1,0,0.019,Low Risk
MS-11377,Enterprise (500+),Manufacturing,EMEA,Commercial Partner Org,2024-12-18,M365 Business Standard,12.5,2732,0.0,34150.0,19,93.7,10117.7,3,1,1,0,0.012,Low Risk
MS-11378,Mid-Market (51-500),Technology,North America,Satya Nadella Team,2024-12-02,M365 Business Standard,12.5,131,0.0,1637.5,19,34.9,126.8,4,1,0,1,0.178,Low Risk
MS-11379,SMB (1-50),Healthcare,EMEA,Satya Nadella Team,2024-12-08,M365 Business Basic,6.0,40,0.0,240.0,19,45.0,1185.1,1,0,1,0,0.079,Low Risk
MS-11380,SMB (1-50),Manufacturing,North America,Direct Digital,2025-03-11,M365 E3,36.0,29,0.0,1044.0,16,54.0,124.3,1,0,1,0,0.07,Low Risk
MS-11381,SMB (1-50),Financial Services,North America,Commercial Partner Org,2025-07-30,M365 E3,36.0,24,0.2,691.2,12,47.0,34.0,1,1,1,0,0.025,Low Risk
MS-11382,SMB (1-50),Technology,LATAM,Azure Enterprise Group,2025-03-31,M365 Business Basic,6.0,5,0.0,30.0,16,38.2,68.7,2,0,1,1,0.108,Low Risk
MS-11383,Mid-Market (51-500),Retail,North America,Satya Nadella Team,2026-04-18,M365 Business Basic,6.0,331,0.0,1986.0,3,67.8,970.0,1,1,0,0,0.068,Low Risk
MS-11384,Mid-Market (51-500),Healthcare,EMEA,Satya Nadella Team,2025-03-26,M365 Business Standard,12.5,247,0.0,3087.5,16,80.7,1913.4,1,0,1,0,0.027,Low Risk
MS-11385,Enterprise (500+),Technology,North America,Commercial Partner Org,2026-05-20,M365 Business Premium,22.0,2176,0.0,47872.0,2,85.2,1350.5,0,1,1,0,0.017,Low Risk
MS-11386,Mid-Market (51-500),Manufacturing,APAC,Azure Enterprise Group,2026-03-27,M365 E5,57.0,133,0.1,6822.9,4,59.5,7915.4,1,0,1,0,0.113,Low Risk
MS-11387,Enterprise (500+),Healthcare,North America,Satya Nadella Team,2025-08-22,M365 Business Standard,12.5,3019,0.0,37737.5,11,63.1,21502.1,2,1,1,0,0.012,Low Risk
MS-11388,Enterprise (500+),Financial Services,LATAM,Satya Nadella Team,2025-05-11,M365 Business Premium,22.0,2278,0.0,50116.0,14,74.4,50000.0,2,0,1,0,0.022,Low Risk
MS-11389,Enterprise (500+),Healthcare,EMEA,Azure Enterprise Group,2026-04-14,M365 E3,36.0,1787,0.0,64332.0,3,66.0,10448.2,1,0,1,0,0.029,Low Risk
MS-11390,SMB (1-50),Healthcare,North America,Satya Nadella Team,2025-03-15,M365 Business Standard,12.5,5,0.0,62.5,16,82.6,25.6,1,1,1,0,0.018,Low Risk
MS-11391,SMB (1-50),Financial Services,North America,Azure Enterprise Group,2025-05-20,M365 Business Basic,6.0,8,0.0,48.0,14,75.7,236.2,4,0,0,1,0.329,Medium Risk
MS-11392,SMB (1-50),Education,North America,Commercial Partner Org,2025-07-19,M365 Business Standard,12.5,23,0.2,230.0,12,61.2,110.3,1,0,1,0,0.086,Low Risk
MS-11393,Mid-Market (51-500),Financial Services,EMEA,Satya Nadella Team,2025-10-25,M365 Business Basic,6.0,77,0.1,415.8,9,34.6,522.7,2,0,1,0,0.129,Low Risk
MS-11394,SMB (1-50),Healthcare,North America,Commercial Partner Org,2026-01-11,M365 Business Basic,6.0,5,0.2,24.0,6,95.0,10.0,0,1,1,0,0.054,Low Risk
MS-11395,SMB (1-50),Financial Services,APAC,Azure Enterprise Group,2025-07-29,M365 E3,36.0,23,0.0,828.0,12,55.7,858.8,4,0,1,0,0.084,Low Risk
MS-11396,SMB (1-50),Education,North America,Commercial Partner Org,2025-06-23,M365 Business Basic,6.0,25,0.15,127.5,13,74.4,26.7,1,1,1,0,0.013,Low Risk
MS-11397,SMB (1-50),Technology,North America,Commercial Partner Org,2025-04-24,M365 Business Basic,6.0,26,0.0,156.0,15,33.5,460.2,0,0,1,0,0.09,Low Risk
MS-11398,Mid-Market (51-500),Financial Services,EMEA,Commercial Partner Org,2026-07-13,M365 E3,36.0,277,0.0,9972.0,1,67.8,2571.2,2,1,0,0,0.038,Low Risk
MS-11399,SMB (1-50),Financial Services,EMEA,Direct Digital,2024-09-07,M365 Business Standard,12.5,10,0.0,125.0,22,69.8,10.0,0,0,1,0,0.057,Low Risk
MS-11400,Mid-Market (51-500),Healthcare,North America,Azure Enterprise Group,2026-02-16,M365 Business Basic,6.0,118,0.1,637.2,5,70.7,10.0,0,1,1,1,0.269,Medium Risk
MS-11401,Mid-Market (51-500),Technology,North America,Azure Enterprise Group,2024-11-11,M365 Business Standard,12.5,412,0.0,5150.0,20,100.0,13556.1,3,0,1,0,0.033,Low Risk
MS-11402,SMB (1-50),Retail,North America,Azure Enterprise Group,2026-01-13,M365 Business Basic,6.0,23,0.0,138.0,6,56.6,374.1,3,0,0,0,0.255,Medium Risk
MS-11403,Mid-Market (51-500),Retail,EMEA,Azure Enterprise Group,2026-05-11,M365 Business Basic,6.0,196,0.15,999.6,2,82.8,2727.7,0,0,1,0,0.029,Low Risk
MS-11404,Mid-Market (51-500),Manufacturing,EMEA,Azure Enterprise Group,2025-01-17,M365 E3,36.0,113,0.1,3661.2,18,77.4,782.7,4,0,1,0,0.039,Low Risk
MS-11405,SMB (1-50),Financial Services,EMEA,Satya Nadella Team,2025-09-21,M365 Business Basic,6.0,33,0.2,158.4,10,55.8,108.0,2,0,0,0,0.26,Medium Risk
MS-11406,SMB (1-50),Financial Services,APAC,Satya Nadella Team,2026-02-24,M365 Business Premium,22.0,32,0.0,704.0,5,82.5,437.4,1,0,1,0,0.032,Low Risk
MS-11407,SMB (1-50),Technology,APAC,Satya Nadella Team,2025-07-21,M365 Business Basic,6.0,38,0.0,228.0,12,65.0,427.4,1,1,0,0,0.059,Low Risk
MS-11408,Mid-Market (51-500),Education,EMEA,Commercial Partner Org,2026-04-24,M365 E5,57.0,241,0.1,12363.3,3,83.8,3747.7,0,0,1,0,0.028,Low Risk
MS-11409,Mid-Market (51-500),Retail,APAC,Commercial Partner Org,2026-06-27,M365 Business Premium,22.0,479,0.0,10538.0,1,100.0,2617.5,2,1,1,0,0.024,Low Risk
MS-11410,SMB (1-50),Manufacturing,North America,Azure Enterprise Group,2024-11-12,M365 E5,57.0,25,0.0,1425.0,20,70.7,1301.1,2,0,1,0,0.028,Low Risk
MS-11411,SMB (1-50),Technology,North America,Direct Digital,2025-09-24,M365 Business Standard,12.5,38,0.0,475.0,10,62.9,31.6,2,0,1,0,0.068,Low Risk
MS-11412,SMB (1-50),Financial Services,North America,Azure Enterprise Group,2025-04-26,M365 E3,36.0,30,0.15,918.0,15,86.9,29.9,4,0,1,0,0.039,Low Risk
MS-11413,Mid-Market (51-500),Retail,North America,Satya Nadella Team,2025-07-19,M365 E3,36.0,328,0.0,11808.0,12,93.1,9790.5,0,0,1,0,0.049,Low Risk
MS-11414,SMB (1-50),Manufacturing,EMEA,Azure Enterprise Group,2025-08-07,M365 Business Premium,22.0,39,0.1,772.2,11,52.1,488.3,3,1,0,0,0.132,Low Risk
MS-11415,Mid-Market (51-500),Healthcare,LATAM,Commercial Partner Org,2025-07-02,M365 Business Basic,6.0,475,0.0,2850.0,12,59.8,2251.6,1,0,0,0,0.29,Medium Risk
MS-11416,SMB (1-50),Retail,North America,Azure Enterprise Group,2024-09-08,M365 Business Basic,6.0,21,0.0,126.0,22,80.2,361.7,1,0,1,0,0.025,Low Risk
MS-11417,Mid-Market (51-500),Manufacturing,North America,Satya Nadella Team,2025-03-26,M365 Business Basic,6.0,347,0.0,2082.0,16,65.6,2510.4,2,0,1,0,0.043,Low Risk
MS-11418,Mid-Market (51-500),Technology,EMEA,Azure Enterprise Group,2025-10-16,M365 Business Basic,6.0,387,0.0,2322.0,9,50.8,99.1,1,0,0,1,0.387,Medium Risk
MS-11419,Mid-Market (51-500),Healthcare,LATAM,Commercial Partner Org,2025-05-16,M365 Business Premium,22.0,173,0.0,3806.0,14,77.7,2186.0,3,0,1,0,0.028,Low Risk
MS-11420,SMB (1-50),Manufacturing,North America,Direct Digital,2026-06-13,M365 Business Premium,22.0,24,0.15,448.8,1,80.1,80.2,1,0,1,0,0.029,Low Risk
MS-11421,Mid-Market (51-500),Manufacturing,EMEA,Satya Nadella Team,2024-10-16,M365 Business Standard,12.5,210,0.15,2231.25,21,62.0,308.8,2,1,1,0,0.018,Low Risk
MS-11422,SMB (1-50),Financial Services,North America,Azure Enterprise Group,2025-01-04,M365 Business Standard,12.5,31,0.1,348.75,18,69.1,95.0,0,1,1,1,0.027,Low Risk
MS-11423,SMB (1-50),Education,North America,Commercial Partner Org,2024-09-21,M365 Business Basic,6.0,46,0.0,276.0,22,57.6,356.9,2,0,1,0,0.071,Low Risk
MS-11424,Mid-Market (51-500),Retail,LATAM,Satya Nadella Team,2025-02-17,M365 Business Basic,6.0,145,0.0,870.0,17,48.3,89.0,2,0,1,0,0.072,Low Risk
MS-11425,Mid-Market (51-500),Financial Services,LATAM,Satya Nadella Team,2026-02-26,M365 Business Standard,12.5,361,0.1,4061.25,5,59.1,9300.3,2,0,1,0,0.113,Low Risk
MS-11426,Mid-Market (51-500),Healthcare,North America,Commercial Partner Org,2025-10-21,M365 Business Premium,22.0,56,0.0,1232.0,9,69.3,551.6,3,0,1,0,0.039,Low Risk
MS-11427,SMB (1-50),Education,LATAM,Azure Enterprise Group,2025-11-29,M365 Business Standard,12.5,32,0.1,360.0,8,41.4,133.1,2,1,1,0,0.031,Low Risk
MS-11428,Mid-Market (51-500),Manufacturing,EMEA,Azure Enterprise Group,2026-06-24,M365 Business Premium,22.0,315,0.15,5890.5,1,60.4,4390.7,1,0,1,0,0.116,Low Risk
MS-11429,Mid-Market (51-500),Financial Services,APAC,Azure Enterprise Group,2025-03-25,M365 Business Standard,12.5,284,0.0,3550.0,16,69.6,5557.9,2,0,1,0,0.03,Low Risk
MS-11430,Enterprise (500+),Education,EMEA,Satya Nadella Team,2025-07-30,M365 E3,36.0,511,0.1,16556.4,12,89.5,5836.0,1,0,1,0,0.035,Low Risk
MS-11431,Mid-Market (51-500),Retail,EMEA,Direct Digital,2024-09-21,M365 Business Basic,6.0,470,0.2,2256.0,22,62.4,1276.1,0,0,1,0,0.062,Low Risk
MS-11432,Mid-Market (51-500),Healthcare,EMEA,Satya Nadella Team,2026-06-12,M365 Business Standard,12.5,434,0.0,5425.0,1,45.6,608.6,1,1,1,0,0.04,Low Risk
MS-11433,SMB (1-50),Technology,EMEA,Azure Enterprise Group,2024-11-04,M365 Business Basic,6.0,40,0.1,216.0,20,64.2,943.4,3,1,1,0,0.021,Low Risk
MS-11434,Mid-Market (51-500),Financial Services,North America,Satya Nadella Team,2026-03-31,M365 Business Standard,12.5,190,0.1,2137.5,4,57.8,609.8,2,1,1,0,0.031,Low Risk
MS-11435,Mid-Market (51-500),Healthcare,North America,Direct Digital,2024-11-27,M365 Business Standard,12.5,347,0.2,3470.0,20,77.9,84.5,1,0,1,0,0.027,Low Risk
MS-11436,Enterprise (500+),Technology,North America,Satya Nadella Team,2025-12-23,M365 Business Premium,22.0,1042,0.15,19485.4,7,61.9,12875.9,1,0,1,0,0.072,Low Risk
MS-11437,SMB (1-50),Financial Services,EMEA,Commercial Partner Org,2024-10-13,M365 Business Basic,6.0,32,0.1,172.8,21,19.2,63.7,1,0,0,0,0.348,Medium Risk
MS-11438,SMB (1-50),Healthcare,North America,Azure Enterprise Group,2025-01-19,M365 Business Basic,6.0,14,0.1,75.6,18,100.0,790.8,2,1,1,0,0.022,Low Risk
MS-11439,SMB (1-50),Healthcare,EMEA,Azure Enterprise Group,2025-09-09,M365 Business Premium,22.0,49,0.0,1078.0,10,70.6,1198.4,3,1,1,0,0.018,Low Risk
MS-11440,Mid-Market (51-500),Education,LATAM,Azure Enterprise Group,2026-01-29,M365 Business Standard,12.5,67,0.1,753.75,6,69.6,753.9,2,1,1,0,0.022,Low Risk
MS-11441,Enterprise (500+),Financial Services,North America,Satya Nadella Team,2026-01-13,M365 Business Standard,12.5,1681,0.0,21012.5,6,40.3,36207.9,0,0,0,1,0.369,Medium Risk
MS-11442,SMB (1-50),Healthcare,EMEA,Satya Nadella Team,2025-06-06,M365 E3,36.0,35,0.0,1260.0,13,41.6,267.1,1,0,1,0,0.092,Low Risk
MS-11443,Mid-Market (51-500),Manufacturing,North America,Satya Nadella Team,2025-07-23,M365 Business Standard,12.5,76,0.1,855.0,12,66.3,1416.8,4,0,1,0,0.064,Low Risk
MS-11444,Mid-Market (51-500),Financial Services,APAC,Azure Enterprise Group,2025-10-23,M365 Business Premium,22.0,263,0.1,5207.4,9,74.1,3282.1,2,0,1,0,0.027,Low Risk
MS-11445,Mid-Market (51-500),Healthcare,North America,Satya Nadella Team,2026-03-07,M365 Business Premium,22.0,435,0.0,9570.0,4,80.6,151.7,1,1,1,0,0.02,Low Risk
MS-11446,SMB (1-50),Education,EMEA,Azure Enterprise Group,2026-04-25,M365 E3,36.0,21,0.0,756.0,3,72.3,748.7,2,1,0,0,0.059,Low Risk
MS-11447,Mid-Market (51-500),Technology,APAC,Satya Nadella Team,2025-07-05,M365 Business Premium,22.0,341,0.0,7502.0,12,46.7,8072.3,0,0,1,0,0.095,Low Risk
MS-11448,SMB (1-50),Technology,LATAM,Azure Enterprise Group,2026-06-19,M365 Business Basic,6.0,24,0.0,144.0,1,22.9,883.1,1,0,1,1,0.165,Low Risk
MS-11449,Mid-Market (51-500),Manufacturing,EMEA,Commercial Partner Org,2025-07-04,M365 Business Standard,12.5,393,0.0,4912.5,12,66.2,6198.7,1,1,1,0,0.016,Low Risk
MS-11450,SMB (1-50),Financial Services,EMEA,Satya Nadella Team,2025-12-14,M365 E5,57.0,42,0.0,2394.0,7,58.4,267.7,3,0,1,0,0.109,Low Risk
MS-11451,SMB (1-50),Education,EMEA,Azure Enterprise Group,2025-03-03,M365 Business Basic,6.0,7,0.1,37.8,16,45.3,19.5,0,1,1,0,0.059,Low Risk
MS-11452,Mid-Market (51-500),Healthcare,APAC,Commercial Partner Org,2026-05-24,M365 Business Premium,22.0,310,0.0,6820.0,2,82.9,738.2,3,0,1,0,0.03,Low Risk
MS-11453,SMB (1-50),Healthcare,EMEA,Commercial Partner Org,2026-05-18,M365 E3,36.0,22,0.0,792.0,2,39.6,41.3,4,0,1,1,0.175,Low Risk
MS-11454,SMB (1-50),Technology,North America,Direct Digital,2025-06-18,M365 Business Premium,22.0,27,0.15,504.9,13,79.1,80.8,3,1,1,0,0.017,Low Risk
MS-11455,Mid-Market (51-500),Education,LATAM,Satya Nadella Team,2025-05-07,M365 Business Standard,12.5,311,0.1,3498.75,14,42.6,2985.3,2,0,1,0,0.087,Low Risk
MS-11456,Mid-Market (51-500),Manufacturing,EMEA,Azure Enterprise Group,2025-07-21,M365 Business Basic,6.0,288,0.0,1728.0,12,70.4,3978.6,1,1,1,0,0.017,Low Risk
MS-11457,Mid-Market (51-500),Technology,EMEA,Direct Digital,2025-11-17,M365 Business Standard,12.5,156,0.0,1950.0,8,84.8,705.7,0,0,0,1,0.187,Low Risk
MS-11458,SMB (1-50),Technology,North America,Satya Nadella Team,2026-04-27,M365 Business Basic,6.0,24,0.15,122.4,3,61.9,229.2,2,1,1,0,0.031,Low Risk
MS-11459,SMB (1-50),Manufacturing,EMEA,Commercial Partner Org,2024-10-29,M365 E5,57.0,24,0.0,1368.0,21,98.4,120.2,1,0,1,0,0.029,Low Risk
MS-11460,SMB (1-50),Financial Services,North America,Satya Nadella Team,2025-05-27,M365 Business Premium,22.0,23,0.1,455.4,14,100.0,329.1,1,1,1,0,0.017,Low Risk
MS-11461,SMB (1-50),Healthcare,EMEA,Azure Enterprise Group,2025-07-15,M365 Business Premium,22.0,45,0.0,990.0,12,72.3,2410.7,1,0,1,0,0.036,Low Risk
MS-11462,Enterprise (500+),Financial Services,North America,Commercial Partner Org,2024-12-03,M365 Business Standard,12.5,2794,0.0,34925.0,19,77.7,39161.3,2,1,1,0,0.011,Low Risk
MS-11463,SMB (1-50),Education,EMEA,Direct Digital,2025-05-12,M365 Business Basic,6.0,42,0.2,201.6,14,87.1,30.7,1,0,1,0,0.035,Low Risk
MS-11464,SMB (1-50),Retail,LATAM,Satya Nadella Team,2026-07-19,M365 Business Standard,12.5,25,0.0,312.5,1,77.8,194.6,3,1,1,0,0.019,Low Risk
MS-11465,SMB (1-50),Retail,North America,Satya Nadella Team,2025-12-04,M365 Business Standard,12.5,33,0.0,412.5,7,75.9,582.7,4,0,1,0,0.035,Low Risk
MS-11466,SMB (1-50),Retail,LATAM,Direct Digital,2026-01-28,M365 Business Standard,12.5,48,0.1,540.0,6,58.6,450.1,5,1,1,1,0.259,Medium Risk
MS-11467,Mid-Market (51-500),Manufacturing,North America,Satya Nadella Team,2026-02-15,M365 Business Standard,12.5,143,0.2,1430.0,5,37.6,5177.6,2,1,1,0,0.035,Low Risk
MS-11468,Mid-Market (51-500),Technology,APAC,Satya Nadella Team,2024-12-13,M365 Business Standard,12.5,270,0.0,3375.0,19,43.0,182.5,2,0,1,0,0.08,Low Risk
MS-11469,SMB (1-50),Financial Services,APAC,Satya Nadella Team,2025-10-07,M365 Business Standard,12.5,28,0.0,350.0,9,100.0,115.6,3,0,1,0,0.03,Low Risk
MS-11470,SMB (1-50),Healthcare,EMEA,Commercial Partner Org,2025-07-30,M365 E5,57.0,41,0.15,1986.45,12,73.8,122.7,3,0,1,0,0.03,Low Risk
MS-11471,SMB (1-50),Retail,EMEA,Commercial Partner Org,2026-05-01,M365 Business Standard,12.5,33,0.1,371.25,3,63.6,577.9,3,1,1,0,0.045,Low Risk
MS-11472,Mid-Market (51-500),Financial Services,APAC,Azure Enterprise Group,2024-12-02,M365 Business Premium,22.0,356,0.15,6657.2,19,90.7,3169.4,4,0,1,0,0.04,Low Risk
MS-11473,Mid-Market (51-500),Retail,North America,Satya Nadella Team,2026-03-11,M365 Business Basic,6.0,252,0.1,1360.8,4,54.5,450.3,4,0,0,0,0.261,Medium Risk
MS-11474,SMB (1-50),Retail,North America,Azure Enterprise Group,2026-03-28,M365 Business Standard,12.5,43,0.0,537.5,4,78.5,173.5,2,0,0,1,0.206,Medium Risk
MS-11475,SMB (1-50),Healthcare,EMEA,Commercial Partner Org,2026-02-24,M365 Business Basic,6.0,16,0.0,96.0,5,69.4,142.0,2,1,1,0,0.014,Low Risk
MS-11476,Mid-Market (51-500),Education,APAC,Satya Nadella Team,2025-11-11,M365 Business Premium,22.0,205,0.0,4510.0,8,76.3,13663.4,1,0,1,0,0.031,Low Risk
MS-11477,Enterprise (500+),Education,APAC,Azure Enterprise Group,2024-09-10,M365 Business Standard,12.5,574,0.1,6457.5,22,61.9,3120.4,0,1,1,0,0.025,Low Risk
MS-11478,Enterprise (500+),Education,APAC,Satya Nadella Team,2025-11-30,M365 Business Basic,6.0,1835,0.0,11010.0,8,50.6,3756.2,3,1,1,0,0.04,Low Risk
MS-11479,SMB (1-50),Manufacturing,North America,Satya Nadella Team,2025-10-20,M365 E3,36.0,9,0.1,291.6,9,53.2,74.2,1,1,1,0,0.066,Low Risk
MS-11480,SMB (1-50),Technology,APAC,Direct Digital,2026-01-31,M365 Business Basic,6.0,20,0.0,120.0,5,53.9,89.1,3,0,0,0,0.276,Medium Risk
MS-11481,SMB (1-50),Manufacturing,North America,Azure Enterprise Group,2025-09-10,M365 Business Standard,12.5,31,0.0,387.5,10,67.9,310.5,1,0,1,0,0.035,Low Risk
MS-11482,Mid-Market (51-500),Financial Services,EMEA,Commercial Partner Org,2026-02-13,M365 Business Standard,12.5,129,0.0,1612.5,5,40.0,973.2,1,0,1,0,0.141,Low Risk
MS-11483,Enterprise (500+),Manufacturing,North America,Azure Enterprise Group,2026-02-06,M365 Business Standard,12.5,1704,0.0,21300.0,5,45.5,23914.7,1,1,0,0,0.168,Low Risk
MS-11484,SMB (1-50),Financial Services,North America,Azure Enterprise Group,2025-09-08,M365 Business Premium,22.0,12,0.1,237.6,10,70.4,353.8,1,0,0,0,0.175,Low Risk
MS-11485,SMB (1-50),Financial Services,North America,Azure Enterprise Group,2026-05-08,M365 Business Premium,22.0,21,0.1,415.8,2,65.7,56.4,0,1,1,0,0.023,Low Risk
MS-11486,SMB (1-50),Technology,North America,Direct Digital,2025-11-13,M365 Business Standard,12.5,48,0.0,600.0,8,71.4,991.5,2,0,1,0,0.033,Low Risk
MS-11487,SMB (1-50),Healthcare,EMEA,Satya Nadella Team,2025-03-14,M365 Business Basic,6.0,7,0.0,42.0,16,67.2,250.4,1,0,1,0,0.041,Low Risk
MS-11488,SMB (1-50),Technology,North America,Commercial Partner Org,2025-05-23,M365 E3,36.0,31,0.0,1116.0,14,100.0,174.0,2,0,0,0,0.143,Low Risk
MS-11489,Mid-Market (51-500),Education,North America,Direct Digital,2026-01-20,M365 Business Standard,12.5,441,0.1,4961.25,6,70.3,638.5,2,1,0,0,0.049,Low Risk
MS-11490,SMB (1-50),Education,North America,Commercial Partner Org,2026-06-08,M365 E3,36.0,49,0.1,1587.6,1,61.2,1014.6,3,0,1,0,0.114,Low Risk
MS-11491,SMB (1-50),Manufacturing,North America,Direct Digital,2025-10-31,M365 Business Standard,12.5,25,0.0,312.5,9,69.8,362.3,1,0,1,0,0.029,Low Risk
MS-11492,Mid-Market (51-500),Financial Services,North America,Satya Nadella Team,2026-07-21,M365 Business Premium,22.0,79,0.0,1738.0,1,86.4,226.7,3,0,1,0,0.034,Low Risk
MS-11493,SMB (1-50),Retail,North America,Commercial Partner Org,2024-12-08,M365 E5,57.0,28,0.1,1436.4,19,67.1,198.0,2,0,1,0,0.033,Low Risk
MS-11494,SMB (1-50),Retail,EMEA,Azure Enterprise Group,2024-09-30,M365 Business Premium,22.0,48,0.1,950.4,22,80.3,496.9,0,0,1,0,0.029,Low Risk
MS-11495,SMB (1-50),Financial Services,EMEA,Direct Digital,2025-06-18,M365 Business Standard,12.5,45,0.1,506.25,13,75.1,100.5,4,0,0,1,0.163,Low Risk
MS-11496,Enterprise (500+),Technology,EMEA,Commercial Partner Org,2026-03-29,M365 Business Premium,22.0,3282,0.0,72204.0,4,62.8,49425.4,0,0,1,0,0.088,Low Risk
MS-11497,Mid-Market (51-500),Healthcare,EMEA,Satya Nadella Team,2025-12-31,M365 Business Standard,12.5,150,0.1,1687.5,7,70.0,2107.4,3,1,1,0,0.02,Low Risk
MS-11498,SMB (1-50),Technology,North America,Commercial Partner Org,2025-10-11,M365 Business Premium,22.0,10,0.0,220.0,9,96.8,261.8,1,1,1,0,0.014,Low Risk
MS-11499,Mid-Market (51-500),Financial Services,APAC,Direct Digital,2024-09-28,M365 Business Basic,6.0,260,0.0,1560.0,22,72.4,2613.5,2,0,0,0,0.196,Low Risk
MS-11500,SMB (1-50),Financial Services,EMEA,Satya Nadella Team,2025-01-24,M365 Business Premium,22.0,18,0.0,396.0,18,50.3,184.5,0,1,1,0,0.023,Low Risk
MS-11501,Mid-Market (51-500),Healthcare,EMEA,Azure Enterprise Group,2025-06-15,M365 Business Basic,6.0,124,0.15,632.4,13,62.2,1437.4,3,1,1,0,0.03,Low Risk
MS-11502,Mid-Market (51-500),Manufacturing,North America,Direct Digital,2026-04-04,M365 Business Basic,6.0,185,0.1,999.0,3,29.9,710.2,3,1,1,0,0.039,Low Risk
MS-11503,Enterprise (500+),Manufacturing,North America,Direct Digital,2025-05-10,M365 Business Premium,22.0,1726,0.0,37972.0,14,70.5,29438.5,1,0,1,0,0.022,Low Risk
MS-11504,SMB (1-50),Healthcare,North America,Satya Nadella Team,2025-02-09,M365 Business Basic,6.0,5,0.15,25.5,17,91.6,65.2,2,1,1,0,0.018,Low Risk
MS-11505,Enterprise (500+),Manufacturing,North America,Direct Digital,2024-12-19,M365 E3,36.0,2291,0.1,74228.4,19,43.9,50000.0,3,0,1,0,0.062,Low Risk
MS-11506,Enterprise (500+),Retail,EMEA,Commercial Partner Org,2026-06-06,M365 E3,36.0,2059,0.0,74124.0,1,70.7,36161.3,2,0,1,0,0.022,Low Risk
MS-11507,Enterprise (500+),Manufacturing,EMEA,Azure Enterprise Group,2025-10-03,M365 E5,57.0,3465,0.2,158004.0,9,85.7,42315.7,0,0,1,0,0.079,Low Risk
MS-11508,Mid-Market (51-500),Manufacturing,EMEA,Commercial Partner Org,2025-05-29,M365 Business Premium,22.0,175,0.0,3850.0,14,87.6,368.4,0,0,1,0,0.033,Low Risk
MS-11509,SMB (1-50),Manufacturing,APAC,Satya Nadella Team,2025-03-07,M365 Business Standard,12.5,24,0.0,300.0,16,91.0,724.4,0,1,1,0,0.016,Low Risk
MS-11510,SMB (1-50),Retail,APAC,Direct Digital,2026-02-14,M365 Business Standard,12.5,10,0.1,112.5,5,34.4,54.9,1,1,1,0,0.06,Low Risk
MS-11511,SMB (1-50),Manufacturing,EMEA,Azure Enterprise Group,2025-06-03,M365 Business Standard,12.5,16,0.1,180.0,13,77.1,639.9,0,1,1,0,0.016,Low Risk
MS-11512,SMB (1-50),Education,LATAM,Satya Nadella Team,2026-07-21,M365 Business Basic,6.0,25,0.0,150.0,1,40.9,154.2,1,0,1,0,0.14,Low Risk
MS-11513,Mid-Market (51-500),Retail,North America,Commercial Partner Org,2026-05-04,M365 Business Standard,12.5,94,0.15,998.75,2,50.0,177.9,1,0,0,1,0.348,Medium Risk
MS-11514,Mid-Market (51-500),Healthcare,North America,Direct Digital,2025-05-05,M365 Business Premium,22.0,275,0.1,5445.0,14,82.8,7132.7,3,1,1,0,0.012,Low Risk
MS-11515,Enterprise (500+),Technology,North America,Direct Digital,2025-07-21,M365 Business Basic,6.0,2524,0.2,12115.2,12,70.8,48007.4,4,0,1,0,0.031,Low Risk
MS-11516,SMB (1-50),Healthcare,EMEA,Satya Nadella Team,2024-09-18,M365 Business Standard,12.5,21,0.0,262.5,22,81.1,388.9,2,1,1,0,0.025,Low Risk
MS-11517,SMB (1-50),Technology,APAC,Commercial Partner Org,2025-10-13,M365 Business Premium,22.0,19,0.1,376.2,9,51.3,21.4,1,0,0,1,0.444,Medium Risk
MS-11518,Mid-Market (51-500),Healthcare,North America,Direct Digital,2025-10-16,M365 Business Basic,6.0,74,0.0,444.0,9,94.5,1877.5,1,1,0,0,0.057,Low Risk
MS-11519,SMB (1-50),Education,APAC,Commercial Partner Org,2025-01-03,M365 Business Basic,6.0,8,0.0,48.0,18,80.4,87.1,1,1,1,0,0.025,Low Risk
MS-11520,SMB (1-50),Technology,North America,Azure Enterprise Group,2025-07-17,M365 Business Basic,6.0,21,0.0,126.0,12,84.0,160.2,2,1,1,0,0.014,Low Risk
MS-11521,Enterprise (500+),Technology,LATAM,Direct Digital,2025-01-31,M365 Business Premium,22.0,917,0.0,20174.0,17,48.6,26891.8,4,1,1,0,0.038,Low Risk
MS-11522,Mid-Market (51-500),Financial Services,North America,Azure Enterprise Group,2026-04-04,M365 Business Premium,22.0,398,0.0,8756.0,3,89.1,5238.0,2,0,1,0,0.032,Low Risk
MS-11523,SMB (1-50),Technology,North America,Direct Digital,2026-06-20,M365 Business Premium,22.0,16,0.0,352.0,1,62.3,27.4,0,0,1,0,0.087,Low Risk
MS-11524,Mid-Market (51-500),Technology,EMEA,Satya Nadella Team,2026-03-11,M365 Business Basic,6.0,196,0.0,1176.0,4,57.0,1724.0,1,1,1,0,0.034,Low Risk
MS-11525,Mid-Market (51-500),Financial Services,North America,Direct Digital,2024-09-20,M365 Business Premium,22.0,241,0.0,5302.0,22,79.3,2927.6,0,0,1,0,0.028,Low Risk
MS-11526,Mid-Market (51-500),Manufacturing,North America,Direct Digital,2025-05-05,M365 Business Premium,22.0,431,0.0,9482.0,14,78.5,11834.6,2,1,1,0,0.013,Low Risk
MS-11527,Mid-Market (51-500),Manufacturing,North America,Commercial Partner Org,2025-09-25,M365 Business Standard,12.5,215,0.1,2418.75,10,52.8,847.2,0,0,0,1,0.344,Medium Risk
MS-11528,SMB (1-50),Financial Services,APAC,Commercial Partner Org,2025-08-13,M365 Business Standard,12.5,31,0.0,387.5,11,100.0,588.1,0,1,1,0,0.021,Low Risk
MS-11529,Mid-Market (51-500),Retail,EMEA,Azure Enterprise Group,2025-12-20,M365 Business Premium,22.0,489,0.0,10758.0,7,100.0,9438.7,3,1,0,0,0.053,Low Risk
MS-11530,SMB (1-50),Technology,North America,Azure Enterprise Group,2025-03-22,M365 Business Standard,12.5,48,0.0,600.0,16,78.9,78.9,2,1,1,0,0.02,Low Risk
MS-11531,SMB (1-50),Technology,EMEA,Azure Enterprise Group,2024-09-09,M365 Business Premium,22.0,33,0.1,653.4,22,75.7,10.0,4,0,0,0,0.168,Low Risk
MS-11532,Enterprise (500+),Financial Services,EMEA,Direct Digital,2026-07-24,M365 Business Basic,6.0,1827,0.1,9865.8,1,73.9,19092.8,1,0,1,0,0.025,Low Risk
MS-11533,Mid-Market (51-500),Financial Services,North America,Direct Digital,2026-06-30,M365 Business Standard,12.5,102,0.0,1275.0,1,40.1,1907.2,0,1,0,0,0.117,Low Risk
MS-11534,Mid-Market (51-500),Retail,North America,Azure Enterprise Group,2026-02-13,M365 Business Standard,12.5,491,0.2,4910.0,5,70.0,4763.1,1,1,1,1,0.046,Low Risk
MS-11535,Mid-Market (51-500),Education,North America,Satya Nadella Team,2024-12-12,M365 Business Standard,12.5,306,0.1,3442.5,19,69.8,6163.5,2,1,0,0,0.034,Low Risk
MS-11536,Enterprise (500+),Manufacturing,North America,Satya Nadella Team,2025-05-04,M365 Business Standard,12.5,998,0.0,12475.0,14,57.6,11660.6,2,0,0,0,0.268,Medium Risk
MS-11537,Enterprise (500+),Healthcare,EMEA,Direct Digital,2026-04-20,M365 E3,36.0,3085,0.15,94401.0,3,62.4,39214.3,1,1,1,0,0.017,Low Risk
MS-11538,SMB (1-50),Education,North America,Satya Nadella Team,2025-07-16,M365 E3,36.0,39,0.15,1193.4,12,25.1,13.4,1,1,1,0,0.043,Low Risk
MS-11539,SMB (1-50),Manufacturing,EMEA,Satya Nadella Team,2025-08-17,M365 Business Premium,22.0,14,0.1,277.2,11,48.2,15.6,2,0,0,1,0.401,Medium Risk
MS-11540,SMB (1-50),Technology,EMEA,Azure Enterprise Group,2025-04-22,M365 Business Premium,22.0,27,0.15,504.9,15,84.6,418.3,0,1,1,0,0.019,Low Risk
MS-11541,SMB (1-50),Education,North America,Satya Nadella Team,2026-06-09,M365 Business Basic,6.0,43,0.0,258.0,1,99.2,742.5,3,0,0,0,0.121,Low Risk
MS-11542,SMB (1-50),Financial Services,EMEA,Satya Nadella Team,2024-10-07,M365 Business Premium,22.0,29,0.2,510.4,21,51.0,271.9,2,1,1,0,0.023,Low Risk
MS-11543,Mid-Market (51-500),Retail,North America,Direct Digital,2025-08-11,M365 Business Standard,12.5,187,0.0,2337.5,11,71.3,2001.7,1,1,1,0,0.016,Low Risk
MS-11544,Mid-Market (51-500),Manufacturing,LATAM,Direct Digital,2026-04-27,M365 Business Standard,12.5,409,0.1,4601.25,3,87.8,4676.7,2,0,1,0,0.033,Low Risk
MS-11545,Enterprise (500+),Retail,EMEA,Direct Digital,2025-06-19,M365 Business Basic,6.0,613,0.0,3678.0,13,58.6,815.9,1,0,1,0,0.079,Low Risk
MS-11546,Mid-Market (51-500),Manufacturing,APAC,Satya Nadella Team,2024-09-17,M365 Business Basic,6.0,422,0.0,2532.0,22,80.2,5582.3,4,1,1,0,0.044,Low Risk
MS-11547,Mid-Market (51-500),Education,EMEA,Azure Enterprise Group,2024-11-29,M365 Business Basic,6.0,72,0.2,345.6,20,67.4,562.5,0,1,1,0,0.019,Low Risk
MS-11548,SMB (1-50),Technology,North America,Commercial Partner Org,2025-08-14,M365 Business Basic,6.0,16,0.0,96.0,11,89.4,177.1,3,1,1,0,0.014,Low Risk
MS-11549,SMB (1-50),Healthcare,EMEA,Direct Digital,2026-07-09,M365 Business Basic,6.0,22,0.15,112.2,1,44.9,218.6,2,1,1,0,0.052,Low Risk
MS-11550,SMB (1-50),Retail,LATAM,Direct Digital,2025-11-18,M365 Business Premium,22.0,27,0.0,594.0,8,48.1,466.5,2,0,1,0,0.123,Low Risk
MS-11551,Mid-Market (51-500),Retail,EMEA,Direct Digital,2025-05-11,M365 Business Basic,6.0,225,0.1,1215.0,14,73.0,1035.6,1,0,1,0,0.03,Low Risk
MS-11552,SMB (1-50),Healthcare,APAC,Azure Enterprise Group,2026-04-16,M365 Business Standard,12.5,33,0.0,412.5,3,69.7,185.2,2,0,1,0,0.032,Low Risk
MS-11553,Mid-Market (51-500),Retail,APAC,Commercial Partner Org,2025-03-03,M365 E3,36.0,449,0.1,14547.6,16,67.0,2677.5,4,1,1,0,0.031,Low Risk
MS-11554,Mid-Market (51-500),Retail,North America,Commercial Partner Org,2025-06-17,M365 Business Basic,6.0,83,0.1,448.2,13,78.4,1431.7,1,0,0,1,0.194,Low Risk
MS-11555,SMB (1-50),Manufacturing,North America,Direct Digital,2025-04-03,M365 E3,36.0,9,0.1,291.6,15,51.2,60.9,2,1,1,1,0.091,Low Risk
MS-11556,SMB (1-50),Manufacturing,EMEA,Satya Nadella Team,2025-02-05,M365 Business Premium,22.0,43,0.0,946.0,17,43.4,100.6,2,0,1,0,0.081,Low Risk
MS-11557,SMB (1-50),Healthcare,North America,Direct Digital,2026-07-23,M365 Business Standard,12.5,30,0.0,375.0,1,59.0,1467.7,4,1,0,0,0.123,Low Risk
MS-11558,SMB (1-50),Technology,APAC,Direct Digital,2025-09-28,M365 Business Basic,6.0,43,0.0,258.0,10,61.0,350.9,3,0,1,0,0.111,Low Risk
MS-11559,Mid-Market (51-500),Education,APAC,Satya Nadella Team,2024-09-20,M365 Business Basic,6.0,162,0.15,826.2,22,62.9,224.9,1,0,0,0,0.214,Medium Risk
MS-11560,Mid-Market (51-500),Education,North America,Satya Nadella Team,2025-12-15,M365 Business Standard,12.5,132,0.1,1485.0,7,90.8,1757.4,3,0,0,0,0.139,Low Risk
MS-11561,Mid-Market (51-500),Retail,North America,Direct Digital,2025-11-05,M365 Business Basic,6.0,263,0.0,1578.0,8,81.9,4241.2,2,0,0,0,0.187,Low Risk
MS-11562,Mid-Market (51-500),Technology,APAC,Azure Enterprise Group,2026-06-21,M365 Business Standard,12.5,354,0.0,4425.0,1,77.6,2946.4,0,0,1,0,0.029,Low Risk
MS-11563,Mid-Market (51-500),Healthcare,North America,Azure Enterprise Group,2024-11-07,M365 Business Basic,6.0,58,0.0,348.0,20,72.0,723.7,2,1,1,0,0.021,Low Risk
MS-11564,Enterprise (500+),Healthcare,APAC,Satya Nadella Team,2024-11-16,M365 Business Premium,22.0,2877,0.1,56964.6,20,60.2,6544.3,4,0,1,0,0.068,Low Risk
MS-11565,SMB (1-50),Manufacturing,North America,Direct Digital,2024-12-11,M365 Business Basic,6.0,31,0.0,186.0,19,52.6,170.7,2,0,1,0,0.072,Low Risk
MS-11566,Mid-Market (51-500),Retail,EMEA,Azure Enterprise Group,2026-06-14,M365 E3,36.0,168,0.0,6048.0,1,46.5,355.9,2,1,1,0,0.04,Low Risk
MS-11567,SMB (1-50),Financial Services,North America,Direct Digital,2026-04-08,M365 Business Basic,6.0,21,0.0,126.0,3,55.5,123.4,3,0,1,0,0.124,Low Risk
MS-11568,SMB (1-50),Healthcare,EMEA,Direct Digital,2025-03-26,M365 E3,36.0,25,0.1,810.0,16,67.2,248.2,3,0,1,0,0.033,Low Risk
MS-11569,SMB (1-50),Retail,EMEA,Direct Digital,2025-04-01,M365 Business Basic,6.0,41,0.1,221.4,16,47.2,287.5,2,0,1,0,0.074,Low Risk
MS-11570,Mid-Market (51-500),Technology,EMEA,Azure Enterprise Group,2024-11-18,M365 Business Premium,22.0,287,0.0,6314.0,20,71.1,3097.8,3,1,1,0,0.013,Low Risk
MS-11571,SMB (1-50),Manufacturing,North America,Commercial Partner Org,2024-12-22,M365 Business Standard,12.5,49,0.0,612.5,19,64.5,409.6,1,0,1,0,0.039,Low Risk
MS-11572,SMB (1-50),Education,EMEA,Direct Digital,2025-01-11,M365 Business Premium,22.0,39,0.0,858.0,18,60.8,179.0,1,0,1,0,0.074,Low Risk
MS-11573,Enterprise (500+),Technology,APAC,Azure Enterprise Group,2025-03-16,M365 Business Basic,6.0,2575,0.0,15450.0,16,88.9,4783.4,1,1,1,0,0.012,Low Risk
MS-11574,Mid-Market (51-500),Healthcare,North America,Commercial Partner Org,2024-09-25,M365 Business Standard,12.5,184,0.1,2070.0,22,23.7,643.1,1,0,0,0,0.274,Medium Risk
MS-11575,Mid-Market (51-500),Healthcare,North America,Satya Nadella Team,2025-12-16,M365 Business Basic,6.0,429,0.0,2574.0,7,61.1,1153.3,5,0,1,0,0.154,Low Risk
MS-11576,Mid-Market (51-500),Technology,North America,Azure Enterprise Group,2026-05-06,M365 Business Standard,12.5,146,0.0,1825.0,2,25.7,2153.3,1,0,0,0,0.336,Medium Risk
MS-11577,Enterprise (500+),Healthcare,EMEA,Commercial Partner Org,2026-02-25,M365 Business Basic,6.0,2286,0.1,12344.4,5,72.3,47035.3,1,1,1,1,0.019,Low Risk
MS-11578,Mid-Market (51-500),Retail,EMEA,Azure Enterprise Group,2025-06-17,M365 Business Standard,12.5,51,0.15,541.88,13,81.7,779.9,0,0,1,0,0.031,Low Risk
MS-11579,SMB (1-50),Healthcare,EMEA,Commercial Partner Org,2025-05-14,M365 Business Basic,6.0,32,0.0,192.0,14,43.7,396.3,0,1,1,0,0.029,Low Risk
MS-11580,Enterprise (500+),Manufacturing,North America,Commercial Partner Org,2025-03-25,M365 Business Basic,6.0,902,0.0,5412.0,16,46.0,3982.7,5,1,1,0,0.149,Low Risk
MS-11581,Mid-Market (51-500),Retail,North America,Azure Enterprise Group,2025-12-19,M365 Business Premium,22.0,202,0.0,4444.0,7,37.4,3008.9,5,0,1,0,0.265,Medium Risk
MS-11582,SMB (1-50),Financial Services,EMEA,Satya Nadella Team,2024-11-07,M365 E5,57.0,24,0.0,1368.0,20,69.1,267.6,4,1,1,0,0.026,Low Risk
MS-11583,SMB (1-50),Healthcare,EMEA,Direct Digital,2025-04-03,M365 Business Standard,12.5,11,0.1,123.75,15,61.9,10.0,1,0,1,0,0.061,Low Risk
MS-11584,SMB (1-50),Healthcare,LATAM,Commercial Partner Org,2026-05-27,M365 Business Premium,22.0,41,0.1,811.8,2,63.0,1171.8,1,1,1,0,0.026,Low Risk
MS-11585,Enterprise (500+),Manufacturing,North America,Direct Digital,2025-10-27,M365 Business Standard,12.5,606,0.0,7575.0,9,61.4,606.0,2,0,1,1,0.136,Low Risk
MS-11586,SMB (1-50),Manufacturing,EMEA,Satya Nadella Team,2026-03-12,M365 Business Standard,12.5,43,0.0,537.5,4,50.5,360.5,1,0,1,0,0.126,Low Risk
MS-11587,Enterprise (500+),Education,North America,Direct Digital,2026-04-04,M365 Business Basic,6.0,1560,0.0,9360.0,3,88.4,13471.5,2,0,1,0,0.031,Low Risk
MS-11588,Enterprise (500+),Technology,North America,Direct Digital,2026-02-21,M365 Business Basic,6.0,2074,0.0,12444.0,5,72.9,45148.1,3,0,1,0,0.029,Low Risk
MS-11589,Mid-Market (51-500),Technology,EMEA,Azure Enterprise Group,2026-07-15,M365 E3,36.0,438,0.15,13402.8,1,46.7,12838.4,0,0,1,1,0.148,Low Risk
MS-11590,Mid-Market (51-500),Technology,EMEA,Azure Enterprise Group,2025-12-06,M365 Business Standard,12.5,133,0.0,1662.5,7,55.4,4481.6,2,0,0,0,0.267,Medium Risk
MS-11591,SMB (1-50),Manufacturing,LATAM,Satya Nadella Team,2025-11-29,M365 Business Premium,22.0,21,0.1,415.8,8,52.3,212.5,2,1,1,0,0.03,Low Risk
MS-11592,SMB (1-50),Technology,North America,Azure Enterprise Group,2025-06-28,M365 Business Standard,12.5,23,0.0,287.5,13,93.3,313.7,0,0,1,0,0.032,Low Risk
MS-11593,SMB (1-50),Technology,North America,Commercial Partner Org,2025-06-15,M365 Business Standard,12.5,46,0.15,488.75,13,80.8,51.2,1,1,1,0,0.023,Low Risk
MS-11594,Mid-Market (51-500),Financial Services,EMEA,Satya Nadella Team,2024-09-02,M365 Business Standard,12.5,83,0.1,933.75,22,65.7,666.6,0,1,1,0,0.02,Low Risk
MS-11595,SMB (1-50),Technology,EMEA,Azure Enterprise Group,2024-09-20,M365 Business Premium,22.0,18,0.0,396.0,22,98.7,492.8,2,1,1,0,0.017,Low Risk
MS-11596,SMB (1-50),Healthcare,North America,Azure Enterprise Group,2025-12-21,M365 Business Basic,6.0,7,0.0,42.0,7,94.1,51.1,1,1,1,0,0.018,Low Risk
MS-11597,SMB (1-50),Education,North America,Satya Nadella Team,2026-01-04,M365 Business Standard,12.5,43,0.1,483.75,6,63.8,37.2,4,1,0,0,0.048,Low Risk
MS-11598,Enterprise (500+),Manufacturing,North America,Commercial Partner Org,2025-05-15,M365 Business Standard,12.5,987,0.0,12337.5,14,60.6,2652.4,2,1,1,0,0.017,Low Risk
MS-11599,SMB (1-50),Retail,APAC,Satya Nadella Team,2025-11-27,M365 E5,57.0,15,0.15,726.75,8,61.5,101.0,1,0,1,1,0.136,Low Risk
MS-11600,Enterprise (500+),Education,North America,Azure Enterprise Group,2025-11-12,M365 Business Standard,12.5,1998,0.0,24975.0,8,50.9,6502.0,1,1,1,0,0.029,Low Risk
MS-11601,SMB (1-50),Financial Services,North America,Azure Enterprise Group,2025-10-03,M365 Business Premium,22.0,23,0.1,455.4,9,99.2,137.5,3,1,1,0,0.018,Low Risk
MS-11602,Mid-Market (51-500),Manufacturing,North America,Satya Nadella Team,2025-01-31,M365 Business Basic,6.0,146,0.0,876.0,17,49.9,709.4,2,0,1,0,0.073,Low Risk
MS-11603,SMB (1-50),Manufacturing,North America,Commercial Partner Org,2026-06-11,M365 Business Basic,6.0,19,0.0,114.0,1,83.6,87.6,1,1,1,0,0.019,Low Risk
MS-11604,Mid-Market (51-500),Healthcare,North America,Commercial Partner Org,2025-04-10,M365 E3,36.0,380,0.0,13680.0,15,80.4,435.9,1,1,1,0,0.014,Low Risk
MS-11605,Mid-Market (51-500),Education,EMEA,Direct Digital,2025-11-10,M365 Business Premium,22.0,378,0.0,8316.0,8,62.5,9721.3,0,0,1,0,0.078,Low Risk
MS-11606,SMB (1-50),Education,North America,Commercial Partner Org,2025-01-14,M365 Business Standard,12.5,19,0.1,213.75,18,100.0,269.0,1,0,0,0,0.144,Low Risk
MS-11607,Mid-Market (51-500),Technology,APAC,Satya Nadella Team,2026-02-10,M365 Business Standard,12.5,225,0.15,2390.62,5,39.9,2636.6,1,0,1,0,0.14,Low Risk
MS-11608,Mid-Market (51-500),Healthcare,North America,Commercial Partner Org,2026-05-19,M365 Business Basic,6.0,275,0.15,1402.5,2,66.6,3077.6,1,1,1,0,0.021,Low Risk
MS-11609,Mid-Market (51-500),Technology,EMEA,Commercial Partner Org,2025-06-06,M365 Business Premium,22.0,365,0.0,8030.0,13,59.2,2212.0,2,0,1,0,0.081,Low Risk
MS-11610,Mid-Market (51-500),Technology,APAC,Direct Digital,2026-04-08,M365 Business Basic,6.0,225,0.1,1215.0,3,85.3,4680.1,1,1,1,0,0.022,Low Risk
MS-11611,SMB (1-50),Manufacturing,EMEA,Commercial Partner Org,2025-12-29,M365 E3,36.0,33,0.0,1188.0,7,74.4,1053.3,1,1,0,0,0.066,Low Risk
MS-11612,Mid-Market (51-500),Education,EMEA,Direct Digital,2026-02-28,M365 Business Standard,12.5,319,0.0,3987.5,5,36.9,21.6,6,0,1,1,0.591,High Risk
MS-11613,Enterprise (500+),Technology,North America,Direct Digital,2025-05-03,M365 Business Standard,12.5,2100,0.0,26250.0,14,90.3,2079.3,1,0,1,0,0.033,Low Risk
MS-11614,Enterprise (500+),Financial Services,North America,Commercial Partner Org,2024-09-18,M365 E3,36.0,1696,0.0,61056.0,22,76.7,22872.7,1,1,0,0,0.039,Low Risk
MS-11615,Enterprise (500+),Financial Services,EMEA,Azure Enterprise Group,2026-03-10,M365 E5,57.0,726,0.15,35174.7,4,49.4,2345.9,1,0,1,0,0.097,Low Risk
MS-11616,SMB (1-50),Education,LATAM,Satya Nadella Team,2025-01-21,M365 Business Standard,12.5,20,0.1,225.0,18,61.7,582.5,3,0,1,0,0.059,Low Risk
MS-11617,Mid-Market (51-500),Financial Services,EMEA,Satya Nadella Team,2026-01-14,M365 E3,36.0,463,0.0,16668.0,6,44.6,6116.3,2,1,1,0,0.035,Low Risk
MS-11618,Mid-Market (51-500),Manufacturing,EMEA,Commercial Partner Org,2026-02-09,M365 E3,36.0,106,0.0,3816.0,5,64.9,584.3,0,1,1,0,0.025,Low Risk
MS-11619,SMB (1-50),Healthcare,EMEA,Satya Nadella Team,2024-12-02,M365 Business Premium,22.0,24,0.0,528.0,19,70.7,154.5,3,0,1,1,0.027,Low Risk
MS-11620,Mid-Market (51-500),Retail,EMEA,Satya Nadella Team,2025-09-18,M365 E5,57.0,359,0.1,18416.7,10,62.0,5057.7,1,1,1,0,0.016,Low Risk
MS-11621,Mid-Market (51-500),Technology,North America,Direct Digital,2025-06-06,M365 Business Standard,12.5,407,0.0,5087.5,13,59.9,742.1,3,0,1,0,0.08,Low Risk
MS-11622,SMB (1-50),Retail,EMEA,Azure Enterprise Group,2025-11-23,M365 Business Premium,22.0,26,0.1,514.8,8,39.0,670.5,0,0,1,1,0.131,Low Risk
MS-11623,SMB (1-50),Healthcare,LATAM,Satya Nadella Team,2026-04-06,M365 E3,36.0,44,0.15,1346.4,3,74.1,10.0,0,1,1,0,0.22,Medium Risk
MS-11624,Mid-Market (51-500),Healthcare,North America,Azure Enterprise Group,2026-05-14,M365 Business Standard,12.5,155,0.0,1937.5,2,33.4,7180.9,2,0,1,0,0.149,Low Risk
MS-11625,SMB (1-50),Manufacturing,EMEA,Satya Nadella Team,2025-06-15,M365 Business Standard,12.5,36,0.1,405.0,13,68.6,79.3,0,0,1,0,0.033,Low Risk
MS-11626,SMB (1-50),Financial Services,North America,Azure Enterprise Group,2025-12-20,M365 Business Standard,12.5,28,0.15,297.5,7,35.6,455.4,1,0,1,0,0.138,Low Risk
MS-11627,SMB (1-50),Financial Services,EMEA,Azure Enterprise Group,2026-07-04,M365 E3,36.0,37,0.0,1332.0,1,68.9,18.1,1,1,1,0,0.026,Low Risk
MS-11628,SMB (1-50),Healthcare,North America,Satya Nadella Team,2025-02-18,M365 Business Premium,22.0,17,0.0,374.0,17,67.9,115.2,0,1,0,0,0.052,Low Risk
MS-11629,Enterprise (500+),Manufacturing,EMEA,Direct Digital,2026-02-07,M365 Business Standard,12.5,3172,0.0,39650.0,5,75.3,37877.5,2,0,0,0,0.12,Low Risk
MS-11630,SMB (1-50),Manufacturing,APAC,Azure Enterprise Group,2025-09-07,M365 Business Standard,12.5,10,0.1,112.5,10,83.5,10.0,2,0,0,0,0.161,Low Risk
MS-11631,Mid-Market (51-500),Education,North America,Azure Enterprise Group,2025-09-28,M365 Business Basic,6.0,317,0.1,1711.8,10,86.9,2228.1,2,0,1,0,0.034,Low Risk
MS-11632,Enterprise (500+),Technology,EMEA,Satya Nadella Team,2025-03-04,M365 Business Basic,6.0,2442,0.1,13186.8,16,39.0,10583.6,1,0,1,0,0.077,Low Risk
MS-11633,Mid-Market (51-500),Financial Services,APAC,Azure Enterprise Group,2026-01-23,M365 Business Standard,12.5,427,0.1,4803.75,6,67.0,3533.7,1,0,1,0,0.033,Low Risk
MS-11634,SMB (1-50),Healthcare,APAC,Azure Enterprise Group,2025-11-06,M365 Business Standard,12.5,20,0.2,200.0,8,100.0,168.6,3,0,1,0,0.028,Low Risk
MS-11635,Mid-Market (51-500),Education,North America,Direct Digital,2025-03-28,M365 E3,36.0,353,0.1,11437.2,16,70.1,6515.8,2,1,1,0,0.013,Low Risk
MS-11636,SMB (1-50),Retail,North America,Azure Enterprise Group,2025-07-26,M365 Business Standard,12.5,46,0.15,488.75,12,53.0,72.8,0,1,1,0,0.03,Low Risk
MS-11637,SMB (1-50),Financial Services,North America,Direct Digital,2025-08-27,M365 E5,57.0,22,0.1,1128.6,11,66.6,22.8,1,0,1,0,0.038,Low Risk
MS-11638,Mid-Market (51-500),Technology,LATAM,Azure Enterprise Group,2025-11-18,M365 Business Basic,6.0,491,0.1,2651.4,8,61.1,3028.4,2,1,1,0,0.038,Low Risk
MS-11639,Mid-Market (51-500),Manufacturing,APAC,Azure Enterprise Group,2025-11-15,M365 E5,57.0,399,0.2,18194.4,8,46.8,10461.7,2,0,0,1,0.271,Medium Risk
MS-11640,Mid-Market (51-500),Healthcare,EMEA,Direct Digital,2025-09-04,M365 Business Standard,12.5,177,0.15,1880.62,10,83.6,4105.4,1,0,1,0,0.032,Low Risk
MS-11641,Enterprise (500+),Financial Services,APAC,Direct Digital,2024-12-15,M365 Business Premium,22.0,941,0.1,18631.8,19,78.5,9270.3,2,1,1,0,0.011,Low Risk
MS-11642,Mid-Market (51-500),Retail,EMEA,Commercial Partner Org,2025-07-22,M365 Business Standard,12.5,362,0.1,4072.5,12,44.0,9540.2,2,1,1,0,0.024,Low Risk
MS-11643,Mid-Market (51-500),Technology,EMEA,Azure Enterprise Group,2025-04-20,M365 Business Standard,12.5,284,0.0,3550.0,15,66.3,5577.3,5,0,1,0,0.116,Low Risk
MS-11644,Enterprise (500+),Technology,North America,Direct Digital,2025-05-07,M365 Business Basic,6.0,1794,0.0,10764.0,14,57.8,7010.5,0,1,0,0,0.149,Low Risk
MS-11645,SMB (1-50),Education,APAC,Azure Enterprise Group,2025-07-14,M365 Business Basic,6.0,27,0.0,162.0,12,39.2,60.4,3,1,1,0,0.028,Low Risk
MS-11646,SMB (1-50),Financial Services,North America,Azure Enterprise Group,2025-05-22,M365 Business Premium,22.0,6,0.0,132.0,14,42.5,25.8,3,0,1,1,0.16,Low Risk
MS-11647,Mid-Market (51-500),Retail,APAC,Azure Enterprise Group,2026-01-16,M365 Business Standard,12.5,489,0.0,6112.5,6,45.2,1511.8,1,1,1,0,0.035,Low Risk
MS-11648,Mid-Market (51-500),Technology,APAC,Satya Nadella Team,2025-05-21,M365 E5,57.0,187,0.1,9593.1,14,66.9,2187.4,2,1,1,0,0.016,Low Risk
MS-11649,SMB (1-50),Healthcare,EMEA,Commercial Partner Org,2026-07-14,M365 Business Standard,12.5,43,0.15,456.88,1,59.8,453.7,2,0,1,0,0.109,Low Risk
MS-11650,SMB (1-50),Technology,North America,Satya Nadella Team,2025-10-21,M365 E5,57.0,49,0.0,2793.0,9,50.7,536.5,0,1,1,0,0.029,Low Risk
MS-11651,SMB (1-50),Retail,North America,Commercial Partner Org,2026-06-30,M365 Business Basic,6.0,26,0.0,156.0,1,60.9,65.5,3,0,1,0,0.139,Low Risk
MS-11652,Mid-Market (51-500),Manufacturing,North America,Azure Enterprise Group,2024-11-09,M365 Business Basic,6.0,199,0.15,1014.9,20,81.5,3748.1,2,1,1,0,0.016,Low Risk
MS-11653,Mid-Market (51-500),Manufacturing,North America,Azure Enterprise Group,2025-04-22,M365 Business Standard,12.5,106,0.1,1192.5,15,74.4,723.1,3,0,1,0,0.03,Low Risk
MS-11654,Enterprise (500+),Education,North America,Direct Digital,2025-11-06,M365 E3,36.0,925,0.1,29970.0,8,86.0,7098.6,3,1,1,0,0.014,Low Risk
MS-11655,Mid-Market (51-500),Financial Services,LATAM,Commercial Partner Org,2024-10-24,M365 Business Standard,12.5,406,0.1,4567.5,21,63.9,28240.6,4,1,0,0,0.045,Low Risk
MS-11656,Mid-Market (51-500),Retail,EMEA,Commercial Partner Org,2025-02-17,M365 Business Basic,6.0,307,0.0,1842.0,17,96.8,1221.9,2,0,1,0,0.045,Low Risk
MS-11657,SMB (1-50),Education,North America,Satya Nadella Team,2024-10-06,M365 Business Basic,6.0,37,0.0,222.0,21,74.3,222.5,6,0,1,0,0.192,Low Risk
MS-11658,SMB (1-50),Technology,North America,Commercial Partner Org,2025-05-17,M365 Business Standard,12.5,49,0.2,490.0,14,59.2,663.5,3,1,1,0,0.022,Low Risk
MS-11659,SMB (1-50),Technology,North America,Azure Enterprise Group,2025-05-09,M365 Business Premium,22.0,30,0.1,594.0,14,69.7,764.5,2,1,1,0,0.017,Low Risk
MS-11660,Mid-Market (51-500),Manufacturing,EMEA,Direct Digital,2024-09-13,M365 Business Standard,12.5,364,0.0,4550.0,22,45.5,592.2,0,1,1,0,0.024,Low Risk
MS-11661,SMB (1-50),Education,EMEA,Satya Nadella Team,2026-07-03,M365 Business Premium,22.0,46,0.0,1012.0,1,62.5,733.2,1,0,0,0,0.186,Low Risk
MS-11662,Mid-Market (51-500),Manufacturing,APAC,Direct Digital,2026-02-23,M365 Business Premium,22.0,113,0.1,2237.4,5,75.7,3396.1,2,0,1,0,0.032,Low Risk
MS-11663,Mid-Market (51-500),Healthcare,EMEA,Commercial Partner Org,2024-10-27,M365 E3,36.0,344,0.0,12384.0,21,79.0,2269.5,1,1,0,0,0.037,Low Risk
MS-11664,SMB (1-50),Manufacturing,LATAM,Commercial Partner Org,2025-02-08,M365 Business Standard,12.5,18,0.0,225.0,17,60.6,73.0,2,1,1,0,0.023,Low Risk
MS-11665,Enterprise (500+),Healthcare,APAC,Satya Nadella Team,2025-11-11,M365 Business Standard,12.5,3450,0.0,43125.0,8,100.0,46880.9,2,0,1,0,0.067,Low Risk
MS-11666,Mid-Market (51-500),Technology,North America,Commercial Partner Org,2025-04-18,M365 E5,57.0,197,0.0,11229.0,15,64.9,667.7,1,0,1,0,0.038,Low Risk
MS-11667,SMB (1-50),Education,LATAM,Direct Digital,2025-03-12,M365 Business Standard,12.5,7,0.1,78.75,16,37.8,40.7,0,1,1,0,0.053,Low Risk
MS-11668,SMB (1-50),Healthcare,North America,Azure Enterprise Group,2026-05-13,M365 Business Standard,12.5,44,0.15,467.5,2,89.8,1199.7,1,0,1,0,0.035,Low Risk
MS-11669,Mid-Market (51-500),Education,APAC,Satya Nadella Team,2025-08-23,M365 E3,36.0,350,0.0,12600.0,11,78.9,3748.1,0,0,1,0,0.027,Low Risk
MS-11670,SMB (1-50),Education,North America,Commercial Partner Org,2025-08-18,M365 Business Basic,6.0,39,0.0,234.0,11,72.2,46.7,2,0,1,0,0.028,Low Risk
MS-11671,SMB (1-50),Healthcare,APAC,Direct Digital,2025-05-16,M365 Business Standard,12.5,43,0.0,537.5,14,59.6,206.4,1,1,1,0,0.021,Low Risk
MS-11672,Mid-Market (51-500),Financial Services,APAC,Azure Enterprise Group,2026-05-15,M365 Business Basic,6.0,265,0.2,1272.0,2,75.1,3138.3,3,0,1,0,0.031,Low Risk
MS-11673,Enterprise (500+),Manufacturing,APAC,Commercial Partner Org,2026-06-04,M365 Business Basic,6.0,2646,0.0,15876.0,1,97.1,20855.1,1,0,1,0,0.034,Low Risk
MS-11674,SMB (1-50),Healthcare,APAC,Satya Nadella Team,2026-05-28,M365 Business Basic,6.0,43,0.0,258.0,2,71.6,557.2,1,0,1,0,0.032,Low Risk
MS-11675,Enterprise (500+),Technology,North America,Commercial Partner Org,2026-05-21,M365 Business Basic,6.0,1427,0.15,7277.7,2,41.5,24541.1,4,0,1,0,0.128,Low Risk
MS-11676,Mid-Market (51-500),Education,North America,Commercial Partner Org,2025-06-20,M365 Business Standard,12.5,165,0.0,2062.5,13,5.8,1297.1,1,1,1,0,0.1,Low Risk
MS-11677,SMB (1-50),Retail,North America,Commercial Partner Org,2025-09-21,M365 E3,36.0,5,0.0,180.0,10,74.9,260.3,1,0,1,0,0.024,Low Risk
MS-11678,Mid-Market (51-500),Healthcare,North America,Azure Enterprise Group,2025-04-22,M365 Business Premium,22.0,302,0.2,5315.2,15,50.3,8919.7,1,0,1,1,0.105,Low Risk
MS-11679,SMB (1-50),Manufacturing,EMEA,Azure Enterprise Group,2025-06-23,M365 Business Premium,22.0,41,0.0,902.0,13,66.2,30.4,1,1,1,0,0.019,Low Risk
MS-11680,SMB (1-50),Education,North America,Commercial Partner Org,2026-02-19,M365 Business Standard,12.5,47,0.0,587.5,5,53.4,174.7,1,0,1,0,0.118,Low Risk
MS-11681,Mid-Market (51-500),Financial Services,LATAM,Commercial Partner Org,2025-09-14,M365 E3,36.0,249,0.1,8067.6,10,52.1,1068.1,0,1,1,0,0.023,Low Risk
MS-11682,Mid-Market (51-500),Technology,EMEA,Satya Nadella Team,2026-07-10,M365 E3,36.0,213,0.2,6134.4,1,54.2,520.6,3,0,1,0,0.128,Low Risk
MS-11683,SMB (1-50),Financial Services,APAC,Commercial Partner Org,2025-03-29,M365 E3,36.0,33,0.2,950.4,16,55.9,148.1,1,0,1,0,0.069,Low Risk
MS-11684,Enterprise (500+),Retail,North America,Direct Digital,2026-02-21,M365 E3,36.0,2316,0.1,75038.4,5,82.0,15371.0,2,0,0,0,0.118,Low Risk
MS-11685,Mid-Market (51-500),Healthcare,APAC,Direct Digital,2025-02-25,M365 Business Basic,6.0,413,0.0,2478.0,17,78.3,262.3,2,0,0,0,0.163,Low Risk
MS-11686,Enterprise (500+),Education,APAC,Satya Nadella Team,2026-03-10,M365 Business Premium,22.0,1911,0.15,35735.7,4,46.3,3122.5,1,0,1,0,0.1,Low Risk
MS-11687,SMB (1-50),Healthcare,EMEA,Azure Enterprise Group,2024-11-11,M365 Business Premium,22.0,35,0.0,770.0,20,48.7,42.5,2,1,1,0,0.021,Low Risk
MS-11688,Enterprise (500+),Manufacturing,EMEA,Commercial Partner Org,2026-01-21,M365 Business Standard,12.5,2802,0.1,31522.5,6,74.8,1594.6,3,1,1,0,0.016,Low Risk
MS-11689,SMB (1-50),Healthcare,APAC,Satya Nadella Team,2025-04-10,M365 Business Standard,12.5,36,0.0,450.0,15,86.9,283.7,1,1,1,0,0.019,Low Risk
MS-11690,SMB (1-50),Technology,North America,Azure Enterprise Group,2025-04-16,M365 Business Basic,6.0,23,0.1,124.2,15,86.7,112.1,0,1,1,0,0.016,Low Risk
MS-11691,Mid-Market (51-500),Retail,EMEA,Satya Nadella Team,2025-04-21,M365 Business Basic,6.0,309,0.0,1854.0,15,49.9,10160.9,1,0,0,0,0.253,Medium Risk
MS-11692,Mid-Market (51-500),Financial Services,North America,Azure Enterprise Group,2025-05-26,M365 E5,57.0,464,0.1,23803.2,14,85.8,603.8,0,1,1,0,0.023,Low Risk
MS-11693,Mid-Market (51-500),Retail,North America,Commercial Partner Org,2025-05-12,M365 Business Premium,22.0,266,0.0,5852.0,14,36.0,8312.5,2,0,1,0,0.097,Low Risk
MS-11694,SMB (1-50),Education,North America,Satya Nadella Team,2026-07-07,M365 Business Standard,12.5,32,0.0,400.0,1,64.3,34.8,0,0,0,0,0.157,Low Risk
MS-11695,SMB (1-50),Healthcare,North America,Commercial Partner Org,2024-09-06,M365 Business Standard,12.5,7,0.1,78.75,22,76.8,81.1,0,0,1,0,0.02,Low Risk
MS-11696,Mid-Market (51-500),Education,North America,Satya Nadella Team,2024-10-17,M365 Business Premium,22.0,373,0.0,8206.0,21,30.6,1274.1,0,0,1,0,0.082,Low Risk
MS-11697,SMB (1-50),Financial Services,North America,Azure Enterprise Group,2025-10-12,M365 Business Standard,12.5,26,0.1,292.5,9,100.0,547.0,0,1,0,0,0.072,Low Risk
MS-11698,Mid-Market (51-500),Education,LATAM,Satya Nadella Team,2026-04-03,M365 Business Standard,12.5,471,0.15,5004.38,3,91.9,358.6,1,1,1,0,0.021,Low Risk
MS-11699,SMB (1-50),Manufacturing,EMEA,Direct Digital,2025-05-12,M365 Business Basic,6.0,46,0.0,276.0,14,79.6,1682.1,3,0,1,0,0.032,Low Risk
MS-11700,Enterprise (500+),Retail,LATAM,Direct Digital,2025-11-23,M365 Business Basic,6.0,3492,0.0,20952.0,8,50.6,2028.6,3,1,1,0,0.083,Low Risk
MS-11701,Mid-Market (51-500),Financial Services,North America,Satya Nadella Team,2024-10-29,M365 Business Standard,12.5,337,0.2,3370.0,21,66.8,1115.8,1,1,1,0,0.014,Low Risk
MS-11702,Mid-Market (51-500),Financial Services,North America,Direct Digital,2025-09-28,M365 Business Premium,22.0,96,0.15,1795.2,10,82.2,718.8,2,0,1,0,0.03,Low Risk
MS-11703,Enterprise (500+),Financial Services,EMEA,Commercial Partner Org,2026-05-24,M365 Business Basic,6.0,2650,0.2,12720.0,2,47.8,44864.2,2,0,1,0,0.126,Low Risk
MS-11704,Mid-Market (51-500),Technology,North America,Direct Digital,2026-07-30,M365 Business Standard,12.5,64,0.15,680.0,1,64.8,2318.0,3,1,1,0,0.023,Low Risk
MS-11705,SMB (1-50),Retail,North America,Direct Digital,2026-03-14,M365 Business Premium,22.0,30,0.0,660.0,4,84.4,201.1,2,1,1,0,0.021,Low Risk
MS-11706,SMB (1-50),Education,EMEA,Commercial Partner Org,2025-03-10,M365 E3,36.0,9,0.0,324.0,16,41.1,152.9,1,1,1,0,0.05,Low Risk
MS-11707,Mid-Market (51-500),Financial Services,North America,Commercial Partner Org,2025-05-23,M365 Business Basic,6.0,425,0.0,2550.0,14,74.0,6624.3,2,0,1,0,0.029,Low Risk
MS-11708,SMB (1-50),Retail,EMEA,Azure Enterprise Group,2026-07-16,M365 Business Premium,22.0,6,0.0,132.0,1,36.4,61.0,2,0,1,0,0.172,Low Risk
MS-11709,Mid-Market (51-500),Financial Services,EMEA,Commercial Partner Org,2026-03-12,M365 E5,57.0,383,0.0,21831.0,4,51.0,5396.4,3,1,1,0,0.033,Low Risk
MS-11710,SMB (1-50),Manufacturing,North America,Satya Nadella Team,2025-01-21,M365 E5,57.0,40,0.15,1938.0,18,58.9,18.6,1,0,1,0,0.065,Low Risk
MS-11711,SMB (1-50),Manufacturing,North America,Direct Digital,2025-05-04,M365 E3,36.0,32,0.0,1152.0,14,77.2,223.7,2,0,1,0,0.028,Low Risk
MS-11712,Mid-Market (51-500),Manufacturing,APAC,Azure Enterprise Group,2025-04-04,M365 Business Premium,22.0,167,0.0,3674.0,15,55.4,3088.4,4,0,0,1,0.263,Medium Risk
MS-11713,Enterprise (500+),Healthcare,EMEA,Commercial Partner Org,2025-11-11,M365 Business Basic,6.0,1652,0.1,8920.8,8,70.3,12744.3,0,1,1,0,0.018,Low Risk
MS-11714,Mid-Market (51-500),Financial Services,North America,Direct Digital,2026-07-20,M365 Business Premium,22.0,174,0.0,3828.0,1,55.6,4317.0,1,1,1,0,0.037,Low Risk
MS-11715,Enterprise (500+),Healthcare,LATAM,Satya Nadella Team,2025-12-20,M365 Business Premium,22.0,2250,0.0,49500.0,7,58.4,48426.9,0,0,1,0,0.086,Low Risk
MS-11716,Enterprise (500+),Retail,North America,Satya Nadella Team,2025-09-19,M365 Business Standard,12.5,2163,0.0,27037.5,10,90.5,50000.0,4,0,1,0,0.031,Low Risk
MS-11717,SMB (1-50),Healthcare,EMEA,Azure Enterprise Group,2026-06-19,M365 Business Standard,12.5,7,0.1,78.75,1,47.3,11.7,1,0,1,0,0.158,Low Risk
MS-11718,SMB (1-50),Retail,LATAM,Satya Nadella Team,2026-03-01,M365 Business Premium,22.0,41,0.1,811.8,5,81.7,137.7,1,0,1,0,0.031,Low Risk
MS-11719,Mid-Market (51-500),Retail,North America,Direct Digital,2025-10-20,M365 E5,57.0,321,0.0,18297.0,9,68.0,115.7,1,1,0,0,0.054,Low Risk
MS-11720,Enterprise (500+),Retail,North America,Commercial Partner Org,2025-01-10,M365 Business Standard,12.5,2781,0.1,31286.25,18,57.6,50000.0,0,0,1,0,0.062,Low Risk
MS-11721,Mid-Market (51-500),Education,North America,Satya Nadella Team,2025-10-03,M365 Business Basic,6.0,266,0.0,1596.0,9,46.1,859.8,2,0,1,1,0.125,Low Risk
MS-11722,Enterprise (500+),Healthcare,North America,Commercial Partner Org,2026-01-20,M365 Business Premium,22.0,3123,0.0,68706.0,6,47.4,17142.7,0,0,1,0,0.092,Low Risk
MS-11723,SMB (1-50),Education,North America,Direct Digital,2025-01-31,M365 Business Basic,6.0,20,0.0,120.0,17,54.7,77.2,1,0,1,0,0.07,Low Risk
MS-11724,SMB (1-50),Financial Services,EMEA,Direct Digital,2026-03-14,M365 Business Premium,22.0,46,0.0,1012.0,4,65.3,22.4,1,1,1,0,0.027,Low Risk
MS-11725,Mid-Market (51-500),Healthcare,North America,Commercial Partner Org,2025-02-15,M365 Business Basic,6.0,477,0.0,2862.0,17,78.9,1733.3,3,1,1,0,0.018,Low Risk
MS-11726,SMB (1-50),Financial Services,EMEA,Direct Digital,2026-07-22,M365 Business Standard,12.5,27,0.1,303.75,1,62.6,33.5,0,0,1,0,0.083,Low Risk
MS-11727,SMB (1-50),Financial Services,LATAM,Azure Enterprise Group,2026-04-30,M365 Business Premium,22.0,47,0.0,1034.0,3,63.8,282.8,4,0,1,0,0.071,Low Risk
MS-11728,SMB (1-50),Retail,APAC,Satya Nadella Team,2025-04-18,M365 Business Basic,6.0,28,0.0,168.0,15,66.5,1144.4,4,0,1,0,0.052,Low Risk
MS-11729,SMB (1-50),Healthcare,EMEA,Azure Enterprise Group,2025-10-09,M365 Business Basic,6.0,29,0.2,139.2,9,76.6,417.0,3,0,1,0,0.029,Low Risk
MS-11730,Mid-Market (51-500),Financial Services,North America,Azure Enterprise Group,2025-01-22,M365 Business Standard,12.5,372,0.0,4650.0,18,79.6,5478.4,1,1,1,0,0.015,Low Risk
MS-11731,Enterprise (500+),Manufacturing,EMEA,Azure Enterprise Group,2026-07-08,M365 Business Standard,12.5,2852,0.1,32085.0,1,43.0,20658.6,0,1,1,0,0.033,Low Risk
MS-11732,Enterprise (500+),Financial Services,EMEA,Commercial Partner Org,2026-02-13,M365 Business Premium,22.0,1984,0.1,39283.2,5,62.9,39702.7,0,0,1,0,0.055,Low Risk
MS-11733,Mid-Market (51-500),Manufacturing,North America,Commercial Partner Org,2024-11-07,M365 Business Standard,12.5,280,0.0,3500.0,20,90.1,8027.2,4,1,1,0,0.031,Low Risk
MS-11734,SMB (1-50),Healthcare,North America,Direct Digital,2024-12-07,M365 Business Standard,12.5,18,0.0,225.0,19,44.3,703.8,2,0,1,0,0.081,Low Risk
MS-11735,Mid-Market (51-500),Education,APAC,Commercial Partner Org,2024-09-07,M365 Business Standard,12.5,181,0.0,2262.5,22,69.3,226.4,1,0,1,0,0.037,Low Risk
MS-11736,SMB (1-50),Healthcare,North America,Direct Digital,2025-02-24,M365 Business Basic,6.0,7,0.1,37.8,17,64.9,177.9,1,0,1,0,0.045,Low Risk
MS-11737,SMB (1-50),Education,North America,Commercial Partner Org,2025-03-25,M365 E3,36.0,42,0.0,1512.0,16,57.8,128.5,2,1,1,0,0.019,Low Risk
MS-11738,SMB (1-50),Education,North America,Direct Digital,2025-06-26,M365 Business Basic,6.0,24,0.0,144.0,13,96.6,145.8,1,0,1,0,0.028,Low Risk
MS-11739,Mid-Market (51-500),Healthcare,North America,Satya Nadella Team,2025-04-17,M365 E3,36.0,134,0.15,4100.4,15,68.7,681.5,0,0,1,1,0.049,Low Risk
MS-11740,Enterprise (500+),Financial Services,APAC,Direct Digital,2026-05-24,M365 Business Standard,12.5,2955,0.0,36937.5,2,95.2,39868.8,9,1,1,0,0.047,Low Risk
MS-11741,Mid-Market (51-500),Technology,EMEA,Satya Nadella Team,2025-05-28,M365 Business Standard,12.5,224,0.2,2240.0,14,68.1,2449.1,3,0,1,0,0.031,Low Risk
MS-11742,Mid-Market (51-500),Financial Services,APAC,Direct Digital,2024-11-20,M365 Business Premium,22.0,338,0.1,6692.4,20,76.3,468.6,1,1,1,0,0.014,Low Risk
MS-11743,SMB (1-50),Financial Services,North America,Commercial Partner Org,2026-07-04,M365 E3,36.0,36,0.0,1296.0,1,57.6,659.7,2,0,1,0,0.109,Low Risk
MS-11744,Mid-Market (51-500),Retail,North America,Commercial Partner Org,2025-03-07,M365 E5,57.0,68,0.0,3876.0,16,57.8,472.6,2,0,1,0,0.073,Low Risk
MS-11745,Mid-Market (51-500),Retail,EMEA,Satya Nadella Team,2026-01-14,M365 Business Standard,12.5,246,0.15,2613.75,6,75.4,10.0,1,0,1,0,0.111,Low Risk
MS-11746,SMB (1-50),Financial Services,North America,Azure Enterprise Group,2025-12-31,M365 Business Basic,6.0,9,0.0,54.0,7,75.7,57.8,6,1,1,0,0.104,Low Risk
MS-11747,SMB (1-50),Manufacturing,North America,Azure Enterprise Group,2026-01-01,M365 E3,36.0,34,0.1,1101.6,6,78.8,296.4,3,0,1,0,0.031,Low Risk
MS-11748,Enterprise (500+),Education,APAC,Direct Digital,2025-12-22,M365 Business Basic,6.0,1005,0.0,6030.0,7,74.8,860.6,0,0,1,0,0.027,Low Risk
MS-11749,Mid-Market (51-500),Retail,North America,Commercial Partner Org,2025-06-16,M365 E3,36.0,329,0.2,9475.2,13,43.9,646.9,1,0,1,0,0.093,Low Risk
MS-11750,Enterprise (500+),Financial Services,EMEA,Azure Enterprise Group,2024-12-15,M365 Business Premium,22.0,1904,0.1,37699.2,19,53.5,50000.0,1,1,1,0,0.041,Low Risk
MS-11751,Mid-Market (51-500),Technology,North America,Commercial Partner Org,2026-06-03,M365 E5,57.0,304,0.0,17328.0,1,83.3,7476.4,1,1,1,0,0.018,Low Risk
MS-11752,Enterprise (500+),Manufacturing,North America,Commercial Partner Org,2026-05-02,M365 E3,36.0,3323,0.15,101683.8,2,32.7,5706.0,6,1,0,1,0.635,High Risk
MS-11753,SMB (1-50),Healthcare,North America,Commercial Partner Org,2026-03-30,M365 Business Basic,6.0,38,0.0,228.0,4,73.3,395.9,2,1,1,0,0.019,Low Risk
MS-11754,SMB (1-50),Financial Services,LATAM,Direct Digital,2026-06-02,M365 Business Premium,22.0,34,0.0,748.0,1,66.0,194.5,3,0,1,0,0.042,Low Risk
MS-11755,SMB (1-50),Financial Services,APAC,Satya Nadella Team,2025-04-11,M365 Business Basic,6.0,23,0.1,124.2,15,83.3,216.6,2,1,1,0,0.013,Low Risk
MS-11756,SMB (1-50),Education,LATAM,Direct Digital,2025-09-17,M365 Business Basic,6.0,6,0.2,28.8,10,75.5,45.8,4,0,1,0,0.042,Low Risk
MS-11757,Mid-Market (51-500),Manufacturing,EMEA,Azure Enterprise Group,2024-12-13,M365 Business Standard,12.5,78,0.0,975.0,19,56.0,46.2,5,0,1,0,0.204,Medium Risk
MS-11758,Mid-Market (51-500),Retail,North America,Satya Nadella Team,2026-06-26,M365 Business Basic,6.0,287,0.15,1463.7,1,55.2,1305.1,1,1,0,0,0.098,Low Risk
MS-11759,Mid-Market (51-500),Retail,EMEA,Azure Enterprise Group,2024-12-23,M365 Business Premium,22.0,182,0.0,4004.0,19,58.6,292.9,3,1,1,0,0.021,Low Risk
MS-11760,SMB (1-50),Retail,EMEA,Satya Nadella Team,2026-01-21,M365 E5,57.0,48,0.0,2736.0,6,78.4,386.7,0,1,1,0,0.024,Low Risk
MS-11761,Enterprise (500+),Healthcare,APAC,Satya Nadella Team,2024-10-25,M365 Business Premium,22.0,1626,0.0,35772.0,21,26.6,46410.6,1,0,1,0,0.056,Low Risk
MS-11762,SMB (1-50),Manufacturing,North America,Direct Digital,2024-12-30,M365 Business Basic,6.0,15,0.1,81.0,19,70.8,974.0,1,0,0,0,0.216,Medium Risk
MS-11763,SMB (1-50),Manufacturing,EMEA,Commercial Partner Org,2025-04-05,M365 E3,36.0,6,0.0,216.0,15,52.1,207.9,0,0,1,0,0.1,Low Risk
MS-11764,Mid-Market (51-500),Retail,North America,Commercial Partner Org,2026-05-28,M365 E3,36.0,213,0.0,7668.0,2,71.4,10856.1,2,0,1,0,0.031,Low Risk
MS-11765,Mid-Market (51-500),Retail,North America,Satya Nadella Team,2024-09-03,M365 Business Premium,22.0,454,0.2,7990.4,22,74.2,83.7,1,1,1,0,0.013,Low Risk
MS-11766,SMB (1-50),Education,EMEA,Direct Digital,2024-12-01,M365 Business Premium,22.0,8,0.0,176.0,20,38.1,125.5,4,0,1,0,0.114,Low Risk
MS-11767,SMB (1-50),Technology,EMEA,Azure Enterprise Group,2025-10-12,M365 E3,36.0,45,0.0,1620.0,9,63.9,172.1,2,0,0,0,0.2,Low Risk
MS-11768,Mid-Market (51-500),Technology,North America,Azure Enterprise Group,2026-07-08,M365 Business Basic,6.0,180,0.1,972.0,1,70.8,4335.3,1,1,1,0,0.021,Low Risk
MS-11769,SMB (1-50),Financial Services,North America,Commercial Partner Org,2025-11-15,M365 E5,57.0,11,0.0,627.0,8,69.6,221.8,7,0,1,0,0.142,Low Risk
MS-11770,SMB (1-50),Financial Services,EMEA,Commercial Partner Org,2026-05-24,M365 E5,57.0,26,0.0,1482.0,2,65.8,171.9,1,0,1,0,0.039,Low Risk
MS-11771,Mid-Market (51-500),Manufacturing,APAC,Azure Enterprise Group,2025-11-06,M365 E3,36.0,196,0.1,6350.4,8,46.0,1507.7,1,0,0,1,0.379,Medium Risk
MS-11772,SMB (1-50),Manufacturing,APAC,Azure Enterprise Group,2024-10-31,M365 Business Standard,12.5,33,0.1,371.25,21,48.8,122.0,3,0,1,0,0.073,Low Risk
MS-11773,SMB (1-50),Healthcare,LATAM,Direct Digital,2025-12-17,M365 E3,36.0,29,0.15,887.4,7,43.2,118.6,2,0,1,0,0.135,Low Risk
MS-11774,SMB (1-50),Healthcare,APAC,Azure Enterprise Group,2025-05-05,M365 Business Standard,12.5,14,0.0,175.0,14,78.0,667.4,3,0,1,0,0.027,Low Risk
MS-11775,Enterprise (500+),Technology,North America,Direct Digital,2025-09-07,M365 Business Premium,22.0,2136,0.15,39943.2,10,65.9,50000.0,4,0,1,0,0.035,Low Risk
MS-11776,Enterprise (500+),Financial Services,EMEA,Commercial Partner Org,2025-06-16,M365 E3,36.0,2936,0.1,95126.4,13,67.1,7505.5,1,1,0,0,0.066,Low Risk
MS-11777,SMB (1-50),Technology,North America,Azure Enterprise Group,2026-04-13,M365 Business Basic,6.0,37,0.1,199.8,3,37.3,143.1,1,1,1,0,0.037,Low Risk
MS-11778,SMB (1-50),Technology,North America,Commercial Partner Org,2024-09-24,M365 Business Standard,12.5,9,0.0,112.5,22,67.4,12.4,4,1,1,0,0.055,Low Risk
MS-11779,SMB (1-50),Financial Services,APAC,Satya Nadella Team,2025-10-11,M365 E3,36.0,49,0.1,1587.6,9,79.4,2644.9,1,0,0,0,0.18,Low Risk
MS-11780,SMB (1-50),Healthcare,North America,Satya Nadella Team,2025-07-05,M365 E3,36.0,10,0.1,324.0,12,34.8,285.3,1,0,1,0,0.114,Low Risk
MS-11781,Mid-Market (51-500),Education,APAC,Satya Nadella Team,2026-05-06,M365 E3,36.0,72,0.1,2332.8,2,58.4,693.9,3,0,1,0,0.11,Low Risk
MS-11782,Mid-Market (51-500),Education,EMEA,Azure Enterprise Group,2025-09-07,M365 Business Basic,6.0,110,0.1,594.0,10,39.7,1558.3,3,0,1,0,0.124,Low Risk
MS-11783,SMB (1-50),Education,EMEA,Commercial Partner Org,2026-05-28,M365 Business Premium,22.0,19,0.0,418.0,2,60.4,314.2,4,1,1,0,0.032,Low Risk
MS-11784,SMB (1-50),Financial Services,EMEA,Azure Enterprise Group,2025-04-03,M365 Business Basic,6.0,43,0.1,232.2,15,51.8,117.6,1,1,1,0,0.024,Low Risk
MS-11785,SMB (1-50),Retail,APAC,Commercial Partner Org,2025-05-20,M365 E3,36.0,44,0.1,1425.6,14,74.9,1440.5,1,0,1,0,0.03,Low Risk
MS-11786,SMB (1-50),Retail,EMEA,Direct Digital,2025-08-12,M365 Business Basic,6.0,32,0.0,192.0,11,71.0,287.3,3,0,1,0,0.027,Low Risk
MS-11787,SMB (1-50),Retail,EMEA,Azure Enterprise Group,2025-10-18,M365 Business Premium,22.0,6,0.0,132.0,9,91.2,10.0,2,0,1,0,0.053,Low Risk
MS-11788,Mid-Market (51-500),Manufacturing,North America,Satya Nadella Team,2025-01-01,M365 Business Standard,12.5,184,0.15,1955.0,18,67.0,1117.2,1,0,1,0,0.04,Low Risk
MS-11789,Mid-Market (51-500),Healthcare,EMEA,Direct Digital,2025-07-17,M365 E5,57.0,387,0.2,17647.2,12,74.1,4274.4,0,0,1,0,0.035,Low Risk
MS-11790,Mid-Market (51-500),Healthcare,North America,Commercial Partner Org,2025-08-03,M365 Business Premium,22.0,312,0.0,6864.0,11,58.0,1629.1,3,0,1,0,0.08,Low Risk
MS-11791,SMB (1-50),Manufacturing,EMEA,Azure Enterprise Group,2025-02-05,M365 Business Premium,22.0,27,0.2,475.2,17,48.1,389.2,3,1,1,1,0.07,Low Risk
MS-11792,Mid-Market (51-500),Technology,EMEA,Commercial Partner Org,2025-07-24,M365 Business Standard,12.5,388,0.0,4850.0,12,83.0,9952.2,2,1,1,0,0.014,Low Risk
MS-11793,SMB (1-50),Education,EMEA,Commercial Partner Org,2026-06-23,M365 Business Premium,22.0,23,0.0,506.0,1,90.4,407.9,2,0,1,0,0.034,Low Risk
MS-11794,SMB (1-50),Retail,North America,Azure Enterprise Group,2024-11-04,M365 Business Standard,12.5,13,0.1,146.25,20,80.7,160.5,3,0,1,0,0.025,Low Risk
MS-11795,Mid-Market (51-500),Education,North America,Azure Enterprise Group,2025-09-04,M365 Business Basic,6.0,124,0.15,632.4,10,70.4,1068.0,1,0,0,0,0.177,Low Risk
MS-11796,SMB (1-50),Retail,EMEA,Commercial Partner Org,2024-09-04,M365 Business Premium,22.0,34,0.1,673.2,22,50.5,119.8,6,1,1,0,0.157,Low Risk
MS-11797,Mid-Market (51-500),Education,North America,Commercial Partner Org,2026-07-18,M365 E3,36.0,369,0.0,13284.0,1,88.5,2687.2,0,0,1,0,0.03,Low Risk
MS-11798,Mid-Market (51-500),Technology,North America,Direct Digital,2026-06-10,M365 Business Basic,6.0,72,0.0,432.0,1,78.4,299.5,3,0,1,0,0.035,Low Risk
MS-11799,Enterprise (500+),Education,North America,Satya Nadella Team,2024-10-30,M365 Business Basic,6.0,1378,0.1,7441.2,21,100.0,44952.4,2,1,1,0,0.013,Low Risk
MS-11800,Enterprise (500+),Education,LATAM,Commercial Partner Org,2024-10-15,M365 Business Premium,22.0,1718,0.15,32126.6,21,47.2,49035.3,4,1,1,0,0.038,Low Risk
MS-11801,SMB (1-50),Financial Services,EMEA,Satya Nadella Team,2026-04-07,M365 E3,36.0,16,0.0,576.0,3,83.5,32.5,4,0,0,0,0.148,Low Risk
MS-11802,Enterprise (500+),Education,North America,Direct Digital,2026-04-30,M365 Business Basic,6.0,2561,0.0,15366.0,3,77.9,50000.0,1,0,1,0,0.033,Low Risk
MS-11803,Mid-Market (51-500),Financial Services,North America,Satya Nadella Team,2026-02-25,M365 E5,57.0,377,0.2,17191.2,5,61.8,5490.9,1,0,1,1,0.086,Low Risk
MS-11804,Mid-Market (51-500),Healthcare,North America,Satya Nadella Team,2025-02-03,M365 E5,57.0,164,0.0,9348.0,17,92.5,7276.5,2,1,1,0,0.012,Low Risk
MS-11805,SMB (1-50),Manufacturing,APAC,Direct Digital,2024-11-03,M365 Business Basic,6.0,19,0.0,114.0,20,75.2,141.9,1,1,1,0,0.013,Low Risk
MS-11806,Enterprise (500+),Education,EMEA,Commercial Partner Org,2025-10-26,M365 Business Standard,12.5,1381,0.15,14673.12,9,51.1,21224.8,1,0,1,0,0.12,Low Risk
MS-11807,SMB (1-50),Healthcare,North America,Satya Nadella Team,2025-07-20,M365 Business Premium,22.0,45,0.0,990.0,12,65.9,394.0,6,0,1,0,0.154,Low Risk
MS-11808,Mid-Market (51-500),Financial Services,North America,Commercial Partner Org,2024-12-18,M365 E5,57.0,460,0.0,26220.0,19,50.9,397.0,0,1,1,0,0.04,Low Risk
MS-11809,SMB (1-50),Education,North America,Commercial Partner Org,2025-12-07,M365 Business Premium,22.0,40,0.0,880.0,7,59.6,23.0,0,0,1,0,0.104,Low Risk
MS-11810,Mid-Market (51-500),Education,EMEA,Azure Enterprise Group,2026-04-03,M365 Business Standard,12.5,125,0.0,1562.5,3,80.7,195.4,1,1,1,0,0.022,Low Risk
MS-11811,SMB (1-50),Technology,APAC,Commercial Partner Org,2026-03-01,M365 Business Basic,6.0,21,0.1,113.4,5,85.8,88.5,7,0,1,0,0.107,Low Risk
MS-11812,SMB (1-50),Healthcare,North America,Commercial Partner Org,2025-05-09,M365 Business Standard,12.5,48,0.1,540.0,14,72.0,172.7,6,1,1,0,0.102,Low Risk
MS-11813,SMB (1-50),Retail,North America,Satya Nadella Team,2026-01-23,M365 Business Premium,22.0,29,0.0,638.0,6,54.5,453.5,4,0,1,0,0.119,Low Risk
MS-11814,SMB (1-50),Retail,North America,Commercial Partner Org,2026-03-02,M365 Business Standard,12.5,31,0.1,348.75,5,74.9,468.2,1,0,1,0,0.031,Low Risk
MS-11815,SMB (1-50),Technology,LATAM,Commercial Partner Org,2025-11-15,M365 Business Standard,12.5,37,0.0,462.5,8,81.0,1578.0,2,1,1,0,0.022,Low Risk
MS-11816,SMB (1-50),Financial Services,North America,Azure Enterprise Group,2025-11-28,M365 Business Basic,6.0,15,0.1,81.0,8,32.5,66.9,0,0,1,0,0.138,Low Risk
MS-11817,Mid-Market (51-500),Retail,APAC,Azure Enterprise Group,2026-06-06,M365 Business Standard,12.5,144,0.0,1800.0,1,70.1,4817.6,0,1,1,0,0.023,Low Risk
MS-11818,Mid-Market (51-500),Retail,EMEA,Satya Nadella Team,2026-07-11,M365 Business Basic,6.0,132,0.0,792.0,1,64.6,1503.1,2,0,1,0,0.041,Low Risk
MS-11819,Mid-Market (51-500),Manufacturing,North America,Satya Nadella Team,2025-06-01,M365 Business Basic,6.0,402,0.15,2050.2,14,85.2,3298.7,3,0,1,0,0.031,Low Risk
MS-11820,SMB (1-50),Healthcare,North America,Azure Enterprise Group,2024-10-30,M365 E3,36.0,37,0.0,1332.0,21,74.9,489.4,3,0,0,0,0.189,Low Risk
MS-11821,SMB (1-50),Financial Services,North America,Azure Enterprise Group,2025-08-08,M365 Business Basic,6.0,25,0.0,150.0,11,76.7,364.0,4,0,1,0,0.037,Low Risk
MS-11822,SMB (1-50),Education,EMEA,Direct Digital,2025-09-29,M365 Business Premium,22.0,20,0.0,440.0,10,59.3,45.3,2,1,1,0,0.028,Low Risk
MS-11823,Enterprise (500+),Healthcare,APAC,Commercial Partner Org,2024-12-22,M365 Business Basic,6.0,3297,0.0,19782.0,19,68.0,50000.0,2,1,0,0,0.047,Low Risk
MS-11824,Enterprise (500+),Financial Services,EMEA,Satya Nadella Team,2025-04-09,M365 Business Standard,12.5,746,0.0,9325.0,15,85.0,11562.5,1,1,1,0,0.011,Low Risk
MS-11825,SMB (1-50),Retail,EMEA,Satya Nadella Team,2024-11-07,M365 Business Standard,12.5,14,0.0,175.0,20,66.8,1008.7,2,1,1,1,0.082,Low Risk
MS-11826,SMB (1-50),Manufacturing,North America,Commercial Partner Org,2025-07-12,M365 Business Basic,6.0,37,0.15,188.7,12,71.1,1078.8,2,1,1,0,0.018,Low Risk
MS-11827,Enterprise (500+),Healthcare,LATAM,Commercial Partner Org,2025-12-11,M365 Business Basic,6.0,2814,0.1,15195.6,7,40.4,38971.8,0,0,0,0,0.32,Medium Risk
MS-11828,Enterprise (500+),Retail,APAC,Satya Nadella Team,2025-05-21,M365 E3,36.0,3309,0.0,119124.0,14,66.8,49478.5,0,1,1,0,0.062,Low Risk
MS-11829,Enterprise (500+),Financial Services,North America,Azure Enterprise Group,2025-01-09,M365 Business Basic,6.0,1304,0.0,7824.0,18,31.8,45668.8,0,1,1,0,0.041,Low Risk
MS-11830,Mid-Market (51-500),Healthcare,LATAM,Azure Enterprise Group,2025-10-29,M365 Business Basic,6.0,440,0.0,2640.0,9,58.7,18040.0,2,0,1,0,0.106,Low Risk
MS-11831,SMB (1-50),Education,EMEA,Commercial Partner Org,2025-05-25,M365 E3,36.0,14,0.0,504.0,14,69.1,294.7,1,0,1,0,0.032,Low Risk
MS-11832,SMB (1-50),Healthcare,EMEA,Satya Nadella Team,2025-03-31,M365 Business Standard,12.5,20,0.0,250.0,16,81.8,350.0,1,0,1,0,0.026,Low Risk
MS-11833,SMB (1-50),Retail,EMEA,Commercial Partner Org,2026-03-17,M365 Business Premium,22.0,17,0.15,317.9,4,50.0,24.1,2,1,1,0,0.039,Low Risk
MS-11834,SMB (1-50),Healthcare,APAC,Azure Enterprise Group,2025-06-15,M365 Business Basic,6.0,24,0.0,144.0,13,74.7,510.9,5,0,1,0,0.105,Low Risk
MS-11835,SMB (1-50),Education,EMEA,Direct Digital,2025-10-30,M365 Business Basic,6.0,8,0.0,48.0,9,94.4,28.0,2,0,0,1,0.288,Medium Risk
MS-11836,Mid-Market (51-500),Manufacturing,North America,Direct Digital,2026-03-08,M365 Business Premium,22.0,426,0.0,9372.0,4,56.5,4241.0,0,0,0,1,0.424,Medium Risk
MS-11837,SMB (1-50),Manufacturing,North America,Azure Enterprise Group,2025-05-02,M365 E5,57.0,26,0.1,1333.8,15,40.2,162.2,3,0,1,0,0.091,Low Risk
MS-11838,SMB (1-50),Retail,APAC,Commercial Partner Org,2026-05-26,M365 Business Basic,6.0,33,0.1,178.2,2,73.2,167.9,2,1,1,0,0.018,Low Risk
MS-11839,SMB (1-50),Financial Services,North America,Direct Digital,2025-07-31,M365 Business Standard,12.5,20,0.2,200.0,12,46.5,89.1,3,0,0,1,0.272,Medium Risk
MS-11840,SMB (1-50),Retail,North America,Azure Enterprise Group,2025-07-25,M365 Business Basic,6.0,47,0.0,282.0,12,53.3,1090.8,4,0,1,0,0.092,Low Risk
MS-11841,SMB (1-50),Manufacturing,North America,Satya Nadella Team,2024-12-15,M365 Business Basic,6.0,47,0.0,282.0,19,84.6,826.8,0,0,1,0,0.031,Low Risk
MS-11842,Mid-Market (51-500),Technology,North America,Commercial Partner Org,2024-11-18,M365 E5,57.0,180,0.0,10260.0,20,100.0,1600.9,1,1,1,0,0.013,Low Risk
MS-11843,Mid-Market (51-500),Technology,EMEA,Commercial Partner Org,2025-02-12,M365 Business Basic,6.0,78,0.0,468.0,17,50.0,1022.2,1,1,1,0,0.023,Low Risk
MS-11844,SMB (1-50),Healthcare,LATAM,Direct Digital,2026-05-24,M365 E3,36.0,34,0.15,1040.4,2,54.7,1700.8,2,0,1,0,0.119,Low Risk
MS-11845,Mid-Market (51-500),Education,North America,Commercial Partner Org,2024-10-27,M365 Business Basic,6.0,279,0.0,1674.0,21,60.1,1696.5,3,0,1,0,0.081,Low Risk
MS-11846,SMB (1-50),Healthcare,North America,Direct Digital,2025-03-07,M365 E3,36.0,7,0.1,226.8,16,58.1,67.3,0,0,1,0,0.075,Low Risk
MS-11847,Mid-Market (51-500),Technology,North America,Direct Digital,2024-10-22,M365 Business Standard,12.5,451,0.0,5637.5,21,100.0,4126.9,3,1,1,0,0.018,Low Risk
MS-11848,SMB (1-50),Manufacturing,APAC,Azure Enterprise Group,2024-11-11,M365 E3,36.0,41,0.1,1328.4,20,58.4,1352.2,5,0,1,0,0.133,Low Risk
MS-11849,SMB (1-50),Healthcare,EMEA,Direct Digital,2025-07-21,M365 Business Basic,6.0,17,0.1,91.8,12,61.0,88.4,0,0,1,0,0.104,Low Risk
MS-11850,Enterprise (500+),Retail,North America,Satya Nadella Team,2026-05-05,M365 E3,36.0,2384,0.15,72950.4,2,97.1,50000.0,2,0,1,0,0.029,Low Risk
MS-11851,SMB (1-50),Education,APAC,Commercial Partner Org,2025-08-04,M365 Business Premium,22.0,36,0.0,792.0,11,78.4,157.0,4,0,0,0,0.181,Low Risk
MS-11852,SMB (1-50),Retail,APAC,Direct Digital,2025-02-02,M365 Business Standard,12.5,41,0.0,512.5,17,85.7,56.7,0,0,1,0,0.026,Low Risk
MS-11853,SMB (1-50),Education,APAC,Commercial Partner Org,2024-10-29,M365 E3,36.0,16,0.1,518.4,21,51.7,40.8,2,1,1,0,0.026,Low Risk
MS-11854,SMB (1-50),Manufacturing,APAC,Direct Digital,2025-06-02,M365 Business Premium,22.0,12,0.0,264.0,13,58.5,80.0,1,1,1,0,0.032,Low Risk
MS-11855,SMB (1-50),Healthcare,North America,Azure Enterprise Group,2025-03-20,M365 E3,36.0,28,0.0,1008.0,16,49.3,352.5,1,0,1,0,0.07,Low Risk
MS-11856,Enterprise (500+),Education,APAC,Satya Nadella Team,2025-06-22,M365 Business Standard,12.5,2654,0.15,28198.75,13,82.4,23165.5,0,0,1,0,0.024,Low Risk
MS-11857,Mid-Market (51-500),Retail,EMEA,Commercial Partner Org,2025-07-19,M365 Business Premium,22.0,284,0.0,6248.0,12,90.1,1608.7,1,1,1,0,0.014,Low Risk
MS-11858,Mid-Market (51-500),Healthcare,APAC,Azure Enterprise Group,2025-07-26,M365 E3,36.0,304,0.1,9849.6,12,57.2,3011.8,1,0,1,0,0.082,Low Risk
MS-11859,SMB (1-50),Healthcare,EMEA,Commercial Partner Org,2025-09-25,M365 Business Basic,6.0,38,0.15,193.8,10,61.4,832.3,0,0,1,1,0.121,Low Risk
MS-11860,SMB (1-50),Retail,APAC,Azure Enterprise Group,2025-06-11,M365 Business Standard,12.5,39,0.0,487.5,13,62.2,854.5,1,0,1,0,0.061,Low Risk
MS-11861,SMB (1-50),Technology,EMEA,Satya Nadella Team,2025-02-23,M365 E5,57.0,36,0.1,1846.8,17,40.1,559.6,2,1,0,0,0.123,Low Risk
MS-11862,SMB (1-50),Education,North America,Direct Digital,2026-05-03,M365 Business Standard,12.5,21,0.1,236.25,2,55.9,767.6,0,1,1,0,0.034,Low Risk
MS-11863,Mid-Market (51-500),Retail,EMEA,Azure Enterprise Group,2025-08-15,M365 Business Standard,12.5,448,0.15,4760.0,11,81.9,4795.9,2,0,1,0,0.028,Low Risk
MS-11864,SMB (1-50),Manufacturing,LATAM,Commercial Partner Org,2025-11-06,M365 Business Standard,12.5,30,0.0,375.0,8,52.2,10.0,4,0,1,1,0.133,Low Risk
MS-11865,Enterprise (500+),Financial Services,LATAM,Commercial Partner Org,2026-07-26,M365 E3,36.0,1448,0.0,52128.0,1,69.7,5973.9,3,0,0,0,0.127,Low Risk
MS-11866,SMB (1-50),Retail,North America,Azure Enterprise Group,2025-09-17,M365 E5,57.0,21,0.0,1197.0,10,44.5,100.3,2,0,1,0,0.122,Low Risk
MS-11867,SMB (1-50),Healthcare,North America,Satya Nadella Team,2025-05-30,M365 E5,57.0,42,0.0,2394.0,14,65.4,399.5,1,0,0,0,0.19,Low Risk
MS-11868,SMB (1-50),Healthcare,North America,Satya Nadella Team,2026-01-05,M365 Business Premium,22.0,6,0.0,132.0,6,57.9,169.4,5,1,1,0,0.204,Medium Risk
MS-11869,SMB (1-50),Retail,EMEA,Direct Digital,2026-03-01,M365 Business Standard,12.5,12,0.0,150.0,5,46.0,262.2,1,0,1,0,0.141,Low Risk
MS-11870,SMB (1-50),Financial Services,APAC,Direct Digital,2025-07-28,M365 Business Basic,6.0,10,0.0,60.0,12,82.2,31.7,2,0,1,0,0.025,Low Risk
MS-11871,SMB (1-50),Retail,North America,Commercial Partner Org,2026-04-22,M365 Business Basic,6.0,13,0.15,66.3,3,83.2,114.3,0,1,0,0,0.047,Low Risk
MS-11872,SMB (1-50),Financial Services,EMEA,Commercial Partner Org,2025-02-05,M365 Business Basic,6.0,5,0.0,30.0,17,50.5,64.6,2,1,1,0,0.039,Low Risk
MS-11873,Mid-Market (51-500),Financial Services,APAC,Direct Digital,2025-11-06,M365 Business Basic,6.0,313,0.0,1878.0,8,64.1,16462.4,2,0,1,0,0.042,Low Risk
MS-11874,Mid-Market (51-500),Manufacturing,EMEA,Direct Digital,2025-07-22,M365 E3,36.0,346,0.0,12456.0,12,68.8,132.0,4,1,0,0,0.057,Low Risk
MS-11875,SMB (1-50),Education,EMEA,Direct Digital,2024-12-25,M365 E3,36.0,13,0.0,468.0,19,35.3,97.2,2,0,1,0,0.088,Low Risk
MS-11876,SMB (1-50),Healthcare,EMEA,Azure Enterprise Group,2026-02-02,M365 Business Premium,22.0,18,0.2,316.8,5,42.9,957.3,3,1,1,0,0.029,Low Risk
MS-11877,Mid-Market (51-500),Healthcare,EMEA,Direct Digital,2026-05-12,M365 E5,57.0,222,0.2,10123.2,2,91.2,10073.2,3,0,1,0,0.044,Low Risk
MS-11878,Enterprise (500+),Financial Services,North America,Azure Enterprise Group,2026-05-12,M365 E5,57.0,2289,0.15,110902.05,2,48.8,11030.1,1,0,1,0,0.106,Low Risk
MS-11879,Mid-Market (51-500),Healthcare,EMEA,Azure Enterprise Group,2026-05-19,M365 Business Premium,22.0,81,0.0,1782.0,2,90.6,10.0,1,0,1,0,0.129,Low Risk
MS-11880,SMB (1-50),Technology,EMEA,Direct Digital,2025-11-09,M365 Business Standard,12.5,33,0.15,350.62,8,43.8,349.9,2,0,1,1,0.141,Low Risk
MS-11881,Mid-Market (51-500),Financial Services,APAC,Satya Nadella Team,2026-02-04,M365 Business Basic,6.0,94,0.15,479.4,5,79.9,2275.1,3,0,0,0,0.166,Low Risk
MS-11882,Mid-Market (51-500),Healthcare,EMEA,Satya Nadella Team,2026-03-26,M365 Business Standard,12.5,477,0.0,5962.5,4,62.4,2243.8,1,0,1,0,0.068,Low Risk
MS-11883,SMB (1-50),Technology,APAC,Commercial Partner Org,2025-05-24,M365 Business Basic,6.0,40,0.1,216.0,14,64.9,1306.7,1,0,1,0,0.038,Low Risk
MS-11884,Enterprise (500+),Manufacturing,North America,Direct Digital,2025-10-03,M365 Business Standard,12.5,3349,0.2,33490.0,9,100.0,16256.8,0,0,1,0,0.078,Low Risk
MS-11885,SMB (1-50),Healthcare,EMEA,Commercial Partner Org,2024-12-11,M365 E5,57.0,27,0.0,1539.0,19,45.4,305.2,0,0,1,0,0.074,Low Risk
MS-11886,Enterprise (500+),Technology,North America,Direct Digital,2024-11-02,M365 Business Standard,12.5,1324,0.1,14895.0,20,78.7,20341.4,1,0,1,0,0.021,Low Risk
MS-11887,Mid-Market (51-500),Retail,North America,Commercial Partner Org,2026-07-19,M365 Business Basic,6.0,269,0.1,1452.6,1,78.0,1367.9,0,0,1,0,0.031,Low Risk
MS-11888,Mid-Market (51-500),Education,EMEA,Azure Enterprise Group,2026-01-24,M365 Business Premium,22.0,136,0.0,2992.0,6,100.0,708.6,3,0,1,0,0.033,Low Risk
MS-11889,Mid-Market (51-500),Retail,LATAM,Direct Digital,2025-04-10,M365 Business Premium,22.0,301,0.0,6622.0,15,48.6,2293.1,2,0,1,0,0.086,Low Risk
MS-11890,SMB (1-50),Technology,North America,Satya Nadella Team,2025-11-10,M365 Business Basic,6.0,7,0.0,42.0,8,56.7,151.5,4,0,1,1,0.214,Medium Risk
MS-11891,Mid-Market (51-500),Financial Services,North America,Direct Digital,2025-03-09,M365 Business Basic,6.0,61,0.0,366.0,16,82.7,77.8,1,1,1,0,0.023,Low Risk
MS-11892,Enterprise (500+),Financial Services,APAC,Commercial Partner Org,2026-06-02,M365 E5,57.0,627,0.0,35739.0,1,64.4,7510.9,2,0,1,0,0.035,Low Risk
MS-11893,Mid-Market (51-500),Healthcare,North America,Commercial Partner Org,2025-07-31,M365 Business Basic,6.0,159,0.1,858.6,12,59.7,2158.3,3,1,0,0,0.096,Low Risk
MS-11894,Enterprise (500+),Retail,EMEA,Commercial Partner Org,2026-03-12,M365 E3,36.0,1744,0.1,56505.6,4,85.2,17080.5,2,0,1,0,0.025,Low Risk
MS-11895,Enterprise (500+),Financial Services,EMEA,Commercial Partner Org,2026-04-04,M365 Business Standard,12.5,1446,0.2,14460.0,3,63.2,47654.7,2,0,1,0,0.054,Low Risk
MS-11896,Enterprise (500+),Financial Services,EMEA,Commercial Partner Org,2025-06-28,M365 Business Standard,12.5,2141,0.0,26762.5,13,51.9,23669.5,4,0,1,0,0.076,Low Risk
MS-11897,Mid-Market (51-500),Retail,North America,Commercial Partner Org,2025-08-17,M365 Business Standard,12.5,306,0.0,3825.0,11,81.1,3696.6,2,1,1,0,0.014,Low Risk
MS-11898,Mid-Market (51-500),Manufacturing,North America,Satya Nadella Team,2026-03-24,M365 E3,36.0,295,0.0,10620.0,4,74.8,3241.5,4,1,1,0,0.026,Low Risk
MS-11899,SMB (1-50),Financial Services,APAC,Commercial Partner Org,2024-12-24,M365 E3,36.0,44,0.0,1584.0,19,62.4,675.9,2,0,1,0,0.058,Low Risk
MS-11900,Mid-Market (51-500),Education,EMEA,Satya Nadella Team,2026-02-04,M365 Business Standard,12.5,147,0.0,1837.5,5,61.5,256.7,4,0,1,0,0.114,Low Risk
MS-11901,SMB (1-50),Technology,North America,Direct Digital,2025-09-02,M365 Business Basic,6.0,31,0.0,186.0,10,51.5,835.9,1,1,1,0,0.027,Low Risk
MS-11902,SMB (1-50),Healthcare,APAC,Azure Enterprise Group,2025-05-27,M365 Business Basic,6.0,15,0.1,81.0,14,81.1,10.0,0,1,0,0,0.045,Low Risk
MS-11903,SMB (1-50),Financial Services,North America,Satya Nadella Team,2024-11-25,M365 E3,36.0,43,0.0,1548.0,20,61.5,528.2,3,1,1,0,0.02,Low Risk
MS-11904,Enterprise (500+),Education,EMEA,Direct Digital,2025-09-13,M365 Business Standard,12.5,2410,0.1,27112.5,10,54.1,27640.6,2,0,1,0,0.078,Low Risk
MS-11905,Enterprise (500+),Education,North America,Azure Enterprise Group,2025-01-25,M365 Business Basic,6.0,565,0.2,2712.0,18,44.9,1582.1,1,0,1,0,0.077,Low Risk
MS-11906,Mid-Market (51-500),Financial Services,LATAM,Satya Nadella Team,2024-12-27,M365 Business Standard,12.5,497,0.0,6212.5,19,75.1,247.9,2,0,1,0,0.027,Low Risk
MS-11907,SMB (1-50),Manufacturing,North America,Satya Nadella Team,2025-01-13,M365 Business Standard,12.5,35,0.1,393.75,18,58.8,62.8,5,0,1,0,0.161,Low Risk
MS-11908,Mid-Market (51-500),Technology,North America,Direct Digital,2026-02-09,M365 E3,36.0,163,0.0,5868.0,5,31.8,620.1,1,0,1,0,0.148,Low Risk
MS-11909,Mid-Market (51-500),Healthcare,North America,Commercial Partner Org,2025-03-25,M365 Business Premium,22.0,385,0.1,7623.0,16,46.3,9877.4,4,1,1,0,0.032,Low Risk
MS-11910,SMB (1-50),Financial Services,North America,Satya Nadella Team,2025-04-21,M365 Business Basic,6.0,9,0.1,48.6,15,63.8,209.1,2,0,1,0,0.06,Low Risk
MS-11911,SMB (1-50),Healthcare,APAC,Satya Nadella Team,2024-11-05,M365 Business Basic,6.0,18,0.0,108.0,20,64.3,14.3,2,0,1,0,0.049,Low Risk
MS-11912,SMB (1-50),Retail,LATAM,Direct Digital,2024-09-04,M365 Business Standard,12.5,22,0.1,247.5,22,63.6,90.1,4,0,1,1,0.125,Low Risk
MS-11913,Mid-Market (51-500),Education,North America,Commercial Partner Org,2024-09-03,M365 Business Basic,6.0,276,0.0,1656.0,22,61.1,7290.0,0,0,1,0,0.084,Low Risk
MS-11914,Mid-Market (51-500),Education,North America,Azure Enterprise Group,2025-05-17,M365 E3,36.0,294,0.2,8467.2,14,41.4,952.7,1,0,1,0,0.091,Low Risk
MS-11915,SMB (1-50),Financial Services,EMEA,Commercial Partner Org,2025-07-22,M365 Business Standard,12.5,28,0.0,350.0,12,52.3,1852.3,2,1,1,0,0.023,Low Risk
MS-11916,Enterprise (500+),Financial Services,APAC,Commercial Partner Org,2025-04-28,M365 Business Standard,12.5,1627,0.0,20337.5,15,89.3,5795.6,1,1,0,0,0.035,Low Risk
MS-11917,SMB (1-50),Retail,EMEA,Direct Digital,2026-04-28,M365 Business Standard,12.5,25,0.0,312.5,3,86.7,403.1,2,0,1,0,0.032,Low Risk
MS-11918,SMB (1-50),Manufacturing,North America,Commercial Partner Org,2026-02-17,M365 Business Premium,22.0,37,0.15,691.9,5,78.4,239.6,3,1,1,0,0.02,Low Risk
MS-11919,SMB (1-50),Financial Services,North America,Direct Digital,2025-07-15,M365 Business Premium,22.0,24,0.1,475.2,12,76.8,42.2,5,1,1,0,0.099,Low Risk
MS-11920,SMB (1-50),Education,EMEA,Azure Enterprise Group,2026-04-22,M365 E3,36.0,9,0.2,259.2,3,84.3,31.8,1,1,1,0,0.02,Low Risk
MS-11921,SMB (1-50),Healthcare,North America,Satya Nadella Team,2024-10-21,M365 Business Premium,22.0,28,0.1,554.4,21,47.8,377.8,2,0,0,0,0.255,Medium Risk
MS-11922,SMB (1-50),Technology,EMEA,Satya Nadella Team,2025-12-14,M365 E3,36.0,39,0.0,1404.0,7,68.6,192.4,2,1,1,0,0.019,Low Risk
MS-11923,Mid-Market (51-500),Healthcare,North America,Direct Digital,2024-10-13,M365 Business Premium,22.0,110,0.15,2057.0,21,47.8,1223.2,2,1,0,0,0.111,Low Risk
MS-11924,SMB (1-50),Manufacturing,APAC,Direct Digital,2025-03-23,M365 Business Basic,6.0,32,0.0,192.0,16,48.1,88.4,2,0,1,0,0.082,Low Risk
MS-11925,Mid-Market (51-500),Technology,North America,Commercial Partner Org,2025-08-13,M365 Business Basic,6.0,374,0.0,2244.0,11,74.6,2671.5,1,0,1,0,0.033,Low Risk
MS-11926,Mid-Market (51-500),Healthcare,EMEA,Commercial Partner Org,2024-10-28,M365 E5,57.0,143,0.0,8151.0,21,85.0,1232.0,3,1,0,0,0.045,Low Risk
MS-11927,SMB (1-50),Healthcare,EMEA,Satya Nadella Team,2024-10-29,M365 E5,57.0,46,0.0,2622.0,21,64.5,293.9,0,0,1,0,0.042,Low Risk
MS-11928,Mid-Market (51-500),Retail,EMEA,Satya Nadella Team,2026-07-12,M365 Business Premium,22.0,208,0.0,4576.0,1,97.7,550.5,3,1,1,0,0.019,Low Risk
MS-11929,SMB (1-50),Manufacturing,North America,Satya Nadella Team,2026-07-18,M365 Business Premium,22.0,34,0.0,748.0,1,71.8,252.6,4,0,1,0,0.037,Low Risk
MS-11930,Mid-Market (51-500),Education,EMEA,Direct Digital,2026-01-24,M365 Business Standard,12.5,449,0.0,5612.5,6,54.0,6361.0,2,0,1,0,0.119,Low Risk
MS-11931,Enterprise (500+),Retail,EMEA,Azure Enterprise Group,2025-07-15,M365 Business Standard,12.5,680,0.1,7650.0,12,48.4,27333.7,1,1,1,0,0.029,Low Risk
MS-11932,SMB (1-50),Technology,EMEA,Azure Enterprise Group,2025-11-07,M365 E5,57.0,13,0.0,741.0,8,86.3,243.1,4,0,0,0,0.17,Low Risk
MS-11933,Enterprise (500+),Education,EMEA,Direct Digital,2025-09-07,M365 E3,36.0,3481,0.1,112784.4,10,70.3,7356.3,2,0,1,0,0.084,Low Risk
MS-11934,Mid-Market (51-500),Retail,EMEA,Commercial Partner Org,2025-03-26,M365 Business Standard,12.5,454,0.0,5675.0,16,80.2,1734.7,2,0,1,0,0.025,Low Risk
MS-11935,Enterprise (500+),Manufacturing,APAC,Azure Enterprise Group,2024-12-20,M365 Business Standard,12.5,950,0.2,9500.0,19,20.2,936.0,0,0,1,0,0.08,Low Risk
MS-11936,Mid-Market (51-500),Financial Services,North America,Commercial Partner Org,2024-09-23,M365 Business Standard,12.5,139,0.0,1737.5,22,72.4,243.2,1,1,1,0,0.015,Low Risk
MS-11937,SMB (1-50),Financial Services,APAC,Satya Nadella Team,2025-11-02,M365 Business Standard,12.5,23,0.15,244.38,8,58.8,79.7,1,1,1,0,0.027,Low Risk
MS-11938,Enterprise (500+),Technology,EMEA,Satya Nadella Team,2026-07-16,M365 Business Standard,12.5,2679,0.0,33487.5,1,42.9,7154.6,2,0,1,0,0.111,Low Risk
MS-11939,SMB (1-50),Financial Services,North America,Commercial Partner Org,2024-09-11,M365 Business Premium,22.0,46,0.1,910.8,22,66.9,132.7,1,0,1,0,0.04,Low Risk
MS-11940,SMB (1-50),Retail,North America,Satya Nadella Team,2026-03-26,M365 Business Basic,6.0,41,0.0,246.0,4,87.7,129.1,0,0,1,0,0.029,Low Risk
MS-11941,SMB (1-50),Technology,North America,Direct Digital,2026-01-28,M365 E3,36.0,36,0.0,1296.0,6,100.0,154.5,2,1,1,0,0.019,Low Risk
MS-11942,SMB (1-50),Education,APAC,Commercial Partner Org,2025-01-22,M365 Business Premium,22.0,19,0.2,334.4,18,72.4,30.6,2,0,1,0,0.029,Low Risk
MS-11943,Mid-Market (51-500),Manufacturing,EMEA,Commercial Partner Org,2026-02-03,M365 E3,36.0,489,0.0,17604.0,5,55.2,1910.0,4,0,0,1,0.344,Medium Risk
MS-11944,Mid-Market (51-500),Technology,APAC,Commercial Partner Org,2025-06-21,M365 E3,36.0,163,0.0,5868.0,13,54.1,2280.8,1,1,1,0,0.022,Low Risk
MS-11945,Enterprise (500+),Education,EMEA,Azure Enterprise Group,2025-07-22,M365 Business Premium,22.0,2415,0.2,42504.0,12,85.3,7816.3,0,1,1,0,0.011,Low Risk
MS-11946,SMB (1-50),Technology,North America,Commercial Partner Org,2025-03-12,M365 E3,36.0,10,0.0,360.0,16,50.1,22.6,2,0,1,0,0.082,Low Risk
MS-11947,Enterprise (500+),Healthcare,North America,Commercial Partner Org,2025-06-18,M365 Business Standard,12.5,2368,0.0,29600.0,13,79.2,1991.8,1,1,1,0,0.011,Low Risk
MS-11948,Enterprise (500+),Healthcare,North America,Commercial Partner Org,2026-06-01,M365 E5,57.0,3016,0.1,154720.8,2,73.3,25084.3,1,0,1,0,0.036,Low Risk
MS-11949,SMB (1-50),Technology,North America,Azure Enterprise Group,2025-10-24,M365 Business Basic,6.0,21,0.1,113.4,9,71.3,465.0,3,0,1,0,0.027,Low Risk
MS-11950,SMB (1-50),Financial Services,North America,Satya Nadella Team,2025-12-04,M365 E5,57.0,14,0.1,718.2,7,39.8,10.2,5,1,1,1,0.497,Medium Risk
MS-11951,Mid-Market (51-500),Healthcare,North America,Azure Enterprise Group,2024-10-18,M365 Business Standard,12.5,400,0.2,4000.0,21,61.6,3751.7,0,0,1,0,0.068,Low Risk
MS-11952,Mid-Market (51-500),Manufacturing,EMEA,Direct Digital,2024-12-16,M365 Business Basic,6.0,366,0.0,2196.0,19,41.8,4618.6,4,1,1,0,0.042,Low Risk
MS-11953,Mid-Market (51-500),Education,EMEA,Commercial Partner Org,2025-05-22,M365 Business Standard,12.5,255,0.1,2868.75,14,57.4,2746.7,1,0,1,0,0.082,Low Risk
MS-11954,Mid-Market (51-500),Retail,LATAM,Direct Digital,2025-05-11,M365 Business Premium,22.0,481,0.0,10582.0,14,84.5,12125.0,3,0,1,0,0.029,Low Risk
MS-11955,SMB (1-50),Healthcare,LATAM,Azure Enterprise Group,2026-02-21,M365 Business Basic,6.0,16,0.1,86.4,5,90.2,386.5,6,0,1,0,0.095,Low Risk
MS-11956,SMB (1-50),Technology,EMEA,Satya Nadella Team,2026-02-03,M365 Business Premium,22.0,6,0.0,132.0,5,71.9,10.0,2,1,1,0,0.044,Low Risk
MS-11957,Mid-Market (51-500),Financial Services,North America,Satya Nadella Team,2025-02-05,M365 E3,36.0,451,0.0,16236.0,17,57.7,2423.3,2,0,1,0,0.067,Low Risk
MS-11958,SMB (1-50),Retail,EMEA,Commercial Partner Org,2026-02-08,M365 Business Standard,12.5,25,0.0,312.5,5,96.6,333.4,1,0,1,0,0.031,Low Risk
MS-11959,Mid-Market (51-500),Education,APAC,Satya Nadella Team,2024-09-29,M365 Business Premium,22.0,173,0.1,3425.4,22,57.5,6323.2,1,0,1,0,0.079,Low Risk
MS-11960,Mid-Market (51-500),Education,North America,Azure Enterprise Group,2026-02-20,M365 Business Standard,12.5,486,0.0,6075.0,5,47.6,9524.5,4,0,1,0,0.126,Low Risk
MS-11961,Mid-Market (51-500),Healthcare,North America,Azure Enterprise Group,2025-01-21,M365 Business Standard,12.5,61,0.2,610.0,18,80.5,142.2,3,1,1,0,0.02,Low Risk
MS-11962,Enterprise (500+),Education,APAC,Satya Nadella Team,2026-05-20,M365 Business Premium,22.0,2685,0.1,53163.0,2,76.2,10549.0,1,1,1,0,0.016,Low Risk
MS-11963,SMB (1-50),Education,North America,Commercial Partner Org,2025-04-06,M365 Business Standard,12.5,19,0.0,237.5,15,58.2,328.8,3,0,0,1,0.324,Medium Risk
MS-11964,Mid-Market (51-500),Financial Services,EMEA,Commercial Partner Org,2026-04-16,M365 E5,57.0,494,0.2,22526.4,3,69.8,3780.1,4,0,1,0,0.032,Low Risk
MS-11965,Mid-Market (51-500),Financial Services,EMEA,Azure Enterprise Group,2024-11-06,M365 Business Premium,22.0,360,0.0,7920.0,20,76.0,3423.7,1,1,0,0,0.036,Low Risk
MS-11966,Enterprise (500+),Financial Services,North America,Satya Nadella Team,2025-01-22,M365 E3,36.0,1018,0.1,32983.2,18,71.7,11470.8,1,1,1,0,0.01,Low Risk
MS-11967,Mid-Market (51-500),Technology,North America,Azure Enterprise Group,2025-01-19,M365 Business Premium,22.0,258,0.0,5676.0,18,76.3,337.5,2,0,1,0,0.027,Low Risk
MS-11968,SMB (1-50),Education,North America,Azure Enterprise Group,2025-08-12,M365 E3,36.0,25,0.1,810.0,11,58.9,581.3,2,0,1,0,0.075,Low Risk
MS-11969,Enterprise (500+),Education,North America,Direct Digital,2025-12-09,M365 Business Basic,6.0,1155,0.0,6930.0,7,77.5,27564.2,1,0,1,0,0.023,Low Risk
MS-11970,Mid-Market (51-500),Education,North America,Azure Enterprise Group,2024-12-05,M365 Business Basic,6.0,326,0.1,1760.4,19,68.3,2470.7,1,0,1,0,0.04,Low Risk
MS-11971,SMB (1-50),Manufacturing,APAC,Commercial Partner Org,2025-10-13,M365 Business Standard,12.5,43,0.15,456.88,9,59.5,508.7,1,0,1,0,0.104,Low Risk
MS-11972,Mid-Market (51-500),Financial Services,North America,Satya Nadella Team,2024-12-27,M365 E3,36.0,347,0.0,12492.0,19,63.6,4491.0,4,1,1,0,0.043,Low Risk
MS-11973,Enterprise (500+),Retail,EMEA,Satya Nadella Team,2026-07-29,M365 Business Basic,6.0,1265,0.15,6451.5,1,66.2,3193.5,2,0,1,0,0.032,Low Risk
MS-11974,Mid-Market (51-500),Healthcare,North America,Direct Digital,2025-11-18,M365 E5,57.0,113,0.0,6441.0,8,42.0,162.0,1,1,1,0,0.035,Low Risk
MS-11975,SMB (1-50),Retail,LATAM,Direct Digital,2025-09-15,M365 Business Basic,6.0,17,0.1,91.8,10,56.5,10.0,3,0,1,0,0.122,Low Risk
MS-11976,Mid-Market (51-500),Technology,North America,Commercial Partner Org,2025-06-05,M365 Business Basic,6.0,82,0.0,492.0,13,69.2,2401.4,0,1,1,0,0.022,Low Risk
MS-11977,Mid-Market (51-500),Technology,North America,Direct Digital,2025-08-27,M365 Business Basic,6.0,333,0.0,1998.0,11,43.7,1695.1,1,1,1,0,0.034,Low Risk
MS-11978,Mid-Market (51-500),Education,APAC,Azure Enterprise Group,2025-09-05,M365 Business Premium,22.0,374,0.15,6993.8,10,56.8,402.8,1,0,1,1,0.134,Low Risk
MS-11979,SMB (1-50),Retail,APAC,Azure Enterprise Group,2026-05-15,M365 E5,57.0,48,0.2,2188.8,2,100.0,361.1,4,0,1,0,0.036,Low Risk
MS-11980,SMB (1-50),Education,North America,Commercial Partner Org,2025-03-31,M365 Business Standard,12.5,28,0.0,350.0,16,47.7,26.4,1,0,1,0,0.069,Low Risk
MS-11981,Mid-Market (51-500),Manufacturing,APAC,Satya Nadella Team,2025-05-17,M365 Business Premium,22.0,57,0.0,1254.0,14,61.1,60.9,1,1,1,0,0.033,Low Risk
MS-11982,Mid-Market (51-500),Technology,EMEA,Commercial Partner Org,2026-07-08,M365 Business Basic,6.0,224,0.0,1344.0,1,53.0,1804.1,0,0,1,0,0.126,Low Risk
MS-11983,SMB (1-50),Technology,EMEA,Direct Digital,2024-12-06,M365 Business Premium,22.0,19,0.0,418.0,19,65.9,162.1,1,1,1,0,0.018,Low Risk
MS-11984,SMB (1-50),Retail,North America,Satya Nadella Team,2025-03-29,M365 Business Basic,6.0,14,0.0,84.0,16,53.3,145.8,1,0,1,0,0.089,Low Risk
MS-11985,SMB (1-50),Technology,North America,Satya Nadella Team,2026-03-02,M365 Business Standard,12.5,46,0.0,575.0,5,63.6,589.5,2,1,1,0,0.04,Low Risk
MS-11986,Mid-Market (51-500),Manufacturing,EMEA,Satya Nadella Team,2026-05-05,M365 Business Premium,22.0,302,0.1,5979.6,2,55.1,3998.8,1,0,0,1,0.353,Medium Risk
MS-11987,SMB (1-50),Manufacturing,EMEA,Direct Digital,2024-09-21,M365 Business Premium,22.0,7,0.1,138.6,22,87.0,47.7,4,0,1,0,0.053,Low Risk
MS-11988,SMB (1-50),Manufacturing,North America,Azure Enterprise Group,2025-11-07,M365 Business Basic,6.0,20,0.1,108.0,8,69.5,247.6,1,0,1,0,0.028,Low Risk
MS-11989,SMB (1-50),Healthcare,EMEA,Azure Enterprise Group,2026-05-09,M365 Business Basic,6.0,48,0.0,288.0,2,49.9,209.4,0,0,0,1,0.383,Medium Risk
MS-11990,Mid-Market (51-500),Manufacturing,APAC,Direct Digital,2025-09-06,M365 Business Premium,22.0,67,0.1,1326.6,10,83.1,468.1,2,1,0,0,0.067,Low Risk
MS-11991,SMB (1-50),Manufacturing,North America,Direct Digital,2025-09-28,M365 E3,36.0,29,0.0,1044.0,10,50.8,173.9,2,0,1,0,0.11,Low Risk
MS-11992,SMB (1-50),Healthcare,EMEA,Commercial Partner Org,2026-05-17,M365 E5,57.0,34,0.0,1938.0,2,39.8,162.9,1,1,1,0,0.041,Low Risk
MS-11993,Enterprise (500+),Education,North America,Commercial Partner Org,2025-04-07,M365 E3,36.0,1683,0.0,60588.0,15,67.9,5504.6,1,1,1,0,0.012,Low Risk
MS-11994,SMB (1-50),Financial Services,APAC,Azure Enterprise Group,2026-01-17,M365 E5,57.0,41,0.1,2103.3,6,100.0,40.2,0,1,1,0,0.026,Low Risk
MS-11995,SMB (1-50),Technology,EMEA,Direct Digital,2026-05-25,M365 Business Standard,12.5,17,0.0,212.5,2,35.1,143.8,5,0,1,1,0.462,Medium Risk
MS-11996,Enterprise (500+),Manufacturing,LATAM,Commercial Partner Org,2024-12-05,M365 Business Standard,12.5,1039,0.0,12987.5,19,44.0,9608.5,2,0,1,1,0.078,Low Risk
MS-11997,SMB (1-50),Technology,North America,Direct Digital,2025-11-06,M365 Business Basic,6.0,42,0.0,252.0,8,81.5,206.5,6,0,1,0,0.178,Low Risk
MS-11998,Mid-Market (51-500),Retail,North America,Direct Digital,2025-03-07,M365 Business Standard,12.5,398,0.0,4975.0,16,56.4,17782.1,3,0,1,0,0.081,Low Risk
MS-11999,SMB (1-50),Technology,North America,Azure Enterprise Group,2026-01-14,M365 Business Premium,22.0,13,0.15,243.1,6,79.0,127.0,1,0,1,0,0.025,Low Risk
MS-12000,Mid-Market (51-500),Education,North America,Azure Enterprise Group,2025-09-10,M365 E3,36.0,369,0.0,13284.0,10,52.9,9734.2,1,0,1,0,0.119,Low Risk
MS-12001,SMB (1-50),Healthcare,North America,Direct Digital,2025-11-08,M365 Business Standard,12.5,32,0.1,360.0,8,70.6,324.2,2,0,1,0,0.03,Low Risk
MS-12002,Mid-Market (51-500),Technology,APAC,Satya Nadella Team,2025-10-28,M365 Business Standard,12.5,272,0.2,2720.0,9,99.4,687.5,2,0,1,0,0.029,Low Risk
MS-12003,SMB (1-50),Technology,North America,Satya Nadella Team,2025-01-22,M365 Business Premium,22.0,49,0.0,1078.0,18,46.5,2160.2,2,0,1,0,0.076,Low Risk
MS-12004,SMB (1-50),Technology,North America,Direct Digital,2026-02-22,M365 Business Premium,22.0,26,0.2,457.6,5,86.4,675.7,3,1,0,0,0.053,Low Risk
MS-12005,Mid-Market (51-500),Financial Services,APAC,Azure Enterprise Group,2026-01-12,M365 Business Standard,12.5,186,0.0,2325.0,6,80.2,1422.4,2,1,1,0,0.021,Low Risk
MS-12006,Enterprise (500+),Financial Services,North America,Satya Nadella Team,2024-09-06,M365 E3,36.0,1836,0.15,56181.6,22,41.2,6135.2,0,0,1,0,0.076,Low Risk
MS-12007,SMB (1-50),Retail,APAC,Azure Enterprise Group,2025-07-14,M365 Business Basic,6.0,20,0.0,120.0,12,78.1,60.5,0,1,1,0,0.017,Low Risk
MS-12008,Mid-Market (51-500),Healthcare,North America,Satya Nadella Team,2025-04-18,M365 E5,57.0,370,0.0,21090.0,15,69.3,7281.6,2,0,1,0,0.04,Low Risk
MS-12009,SMB (1-50),Technology,EMEA,Direct Digital,2024-12-31,M365 E5,57.0,9,0.0,513.0,19,69.6,10.0,2,0,1,0,0.072,Low Risk
MS-12010,Mid-Market (51-500),Technology,North America,Commercial Partner Org,2026-01-08,M365 Business Standard,12.5,275,0.1,3093.75,6,74.1,3353.7,3,0,1,0,0.028,Low Risk
MS-12011,SMB (1-50),Technology,North America,Commercial Partner Org,2026-05-10,M365 Business Standard,12.5,27,0.0,337.5,2,61.7,331.1,0,0,1,1,0.112,Low Risk
MS-12012,Mid-Market (51-500),Technology,APAC,Azure Enterprise Group,2025-12-19,M365 Business Premium,22.0,157,0.1,3108.6,7,69.3,379.5,2,0,1,0,0.036,Low Risk
MS-12013,SMB (1-50),Financial Services,North America,Azure Enterprise Group,2026-03-28,M365 Business Standard,12.5,40,0.0,500.0,4,72.3,585.8,1,0,0,1,0.23,Medium Risk
MS-12014,SMB (1-50),Education,EMEA,Satya Nadella Team,2026-01-21,M365 Business Basic,6.0,37,0.0,222.0,6,81.4,542.6,1,1,1,0,0.019,Low Risk
MS-12015,SMB (1-50),Education,North America,Direct Digital,2026-04-15,M365 E5,57.0,45,0.0,2565.0,3,40.5,232.6,2,0,0,1,0.432,Medium Risk
MS-12016,SMB (1-50),Retail,North America,Satya Nadella Team,2025-02-22,M365 Business Standard,12.5,20,0.1,225.0,17,91.2,158.5,1,0,1,0,0.028,Low Risk
MS-12017,Enterprise (500+),Manufacturing,APAC,Direct Digital,2026-02-03,M365 Business Basic,6.0,2487,0.2,11937.6,5,47.2,50000.0,1,0,1,0,0.12,Low Risk
MS-12018,Enterprise (500+),Healthcare,North America,Direct Digital,2026-07-24,M365 Business Premium,22.0,1992,0.15,37250.4,1,81.7,17702.4,3,0,0,1,0.104,Low Risk
MS-12019,Mid-Market (51-500),Education,EMEA,Azure Enterprise Group,2025-05-29,M365 Business Basic,6.0,381,0.0,2286.0,14,69.4,4401.7,0,0,1,0,0.03,Low Risk
MS-12020,SMB (1-50),Technology,LATAM,Commercial Partner Org,2026-07-06,M365 Business Basic,6.0,41,0.0,246.0,1,44.9,261.9,3,0,1,0,0.143,Low Risk
MS-12021,SMB (1-50),Education,EMEA,Commercial Partner Org,2026-03-26,M365 Business Standard,12.5,17,0.1,191.25,4,77.5,33.1,2,1,1,0,0.025,Low Risk
MS-12022,Mid-Market (51-500),Retail,LATAM,Azure Enterprise Group,2025-03-05,M365 Business Standard,12.5,54,0.1,607.5,16,51.0,4049.0,0,0,0,0,0.271,Medium Risk
MS-12023,Enterprise (500+),Manufacturing,North America,Commercial Partner Org,2026-04-10,M365 Business Premium,22.0,1431,0.0,31482.0,3,87.2,13021.5,2,1,0,0,0.034,Low Risk
MS-12024,SMB (1-50),Education,North America,Azure Enterprise Group,2024-12-03,M365 E5,57.0,36,0.15,1744.2,19,55.2,177.2,2,1,1,0,0.02,Low Risk
MS-12025,Mid-Market (51-500),Retail,North America,Satya Nadella Team,2026-04-02,M365 E3,36.0,303,0.0,10908.0,3,41.1,4548.7,4,1,1,0,0.052,Low Risk
MS-12026,Enterprise (500+),Financial Services,EMEA,Direct Digital,2026-01-27,M365 Business Basic,6.0,769,0.1,4152.6,6,95.6,8948.8,3,0,0,0,0.104,Low Risk
MS-12027,Enterprise (500+),Manufacturing,LATAM,Commercial Partner Org,2025-02-25,M365 Business Basic,6.0,2318,0.0,13908.0,17,71.3,7375.4,1,0,1,0,0.024,Low Risk
MS-12028,SMB (1-50),Retail,North America,Commercial Partner Org,2026-06-16,M365 Business Premium,22.0,26,0.0,572.0,1,83.6,653.6,1,0,1,0,0.034,Low Risk
MS-12029,SMB (1-50),Education,EMEA,Satya Nadella Team,2026-03-10,M365 Business Premium,22.0,31,0.0,682.0,4,52.7,27.4,3,1,0,1,0.21,Medium Risk
MS-12030,SMB (1-50),Financial Services,North America,Satya Nadella Team,2026-07-18,M365 E3,36.0,48,0.2,1382.4,1,33.9,536.0,2,1,1,0,0.039,Low Risk
MS-12031,Mid-Market (51-500),Retail,EMEA,Commercial Partner Org,2025-06-22,M365 Business Premium,22.0,132,0.0,2904.0,13,98.2,1029.4,3,0,1,0,0.035,Low Risk
MS-12032,SMB (1-50),Retail,EMEA,Commercial Partner Org,2025-04-19,M365 Business Basic,6.0,24,0.2,115.2,15,67.9,110.3,0,1,1,0,0.018,Low Risk
MS-12033,SMB (1-50),Education,LATAM,Azure Enterprise Group,2025-04-24,M365 Business Standard,12.5,49,0.0,612.5,15,76.8,1029.5,2,1,1,0,0.019,Low Risk
MS-12034,Mid-Market (51-500),Manufacturing,EMEA,Azure Enterprise Group,2024-12-02,M365 E3,36.0,178,0.1,5767.2,19,79.8,2281.1,0,0,1,0,0.028,Low Risk
MS-12035,SMB (1-50),Financial Services,North America,Commercial Partner Org,2025-12-31,M365 E5,57.0,12,0.1,615.6,7,62.0,205.2,2,1,1,0,0.031,Low Risk
MS-12036,SMB (1-50),Technology,North America,Azure Enterprise Group,2024-10-14,M365 Business Basic,6.0,18,0.15,91.8,21,72.1,115.7,5,1,1,0,0.071,Low Risk
MS-12037,Mid-Market (51-500),Healthcare,North America,Satya Nadella Team,2026-02-21,M365 Business Standard,12.5,202,0.1,2272.5,5,96.7,6918.6,1,0,1,0,0.04,Low Risk
MS-12038,Mid-Market (51-500),Manufacturing,North America,Direct Digital,2025-12-19,M365 Business Basic,6.0,413,0.1,2230.2,7,67.4,2094.9,2,0,1,0,0.036,Low Risk
MS-12039,Mid-Market (51-500),Financial Services,North America,Azure Enterprise Group,2024-10-09,M365 Business Standard,12.5,143,0.1,1608.75,21,85.0,1299.4,3,0,1,0,0.03,Low Risk
MS-12040,SMB (1-50),Retail,APAC,Direct Digital,2025-09-20,M365 Business Basic,6.0,25,0.2,120.0,10,32.2,813.8,3,1,1,0,0.027,Low Risk
MS-12041,Mid-Market (51-500),Financial Services,EMEA,Azure Enterprise Group,2025-11-09,M365 E5,57.0,364,0.0,20748.0,8,88.2,379.4,6,1,1,0,0.063,Low Risk
MS-12042,Mid-Market (51-500),Healthcare,EMEA,Commercial Partner Org,2025-06-16,M365 Business Premium,22.0,78,0.0,1716.0,13,40.6,107.8,1,1,1,0,0.026,Low Risk
MS-12043,SMB (1-50),Education,North America,Azure Enterprise Group,2025-05-06,M365 E3,36.0,37,0.1,1198.8,14,86.2,2285.6,4,1,1,0,0.05,Low Risk
MS-12044,Mid-Market (51-500),Healthcare,APAC,Direct Digital,2026-03-16,M365 E5,57.0,479,0.0,27303.0,4,75.0,20428.6,3,1,0,0,0.04,Low Risk
MS-12045,SMB (1-50),Technology,EMEA,Direct Digital,2025-08-25,M365 Business Basic,6.0,24,0.1,129.6,11,66.3,425.4,3,1,1,0,0.019,Low Risk
MS-12046,SMB (1-50),Technology,North America,Commercial Partner Org,2025-11-12,M365 Business Premium,22.0,5,0.0,110.0,8,66.2,39.7,1,0,1,0,0.042,Low Risk
MS-12047,SMB (1-50),Healthcare,EMEA,Direct Digital,2025-03-28,M365 E3,36.0,20,0.0,720.0,16,63.5,169.3,2,0,1,0,0.05,Low Risk
MS-12048,SMB (1-50),Manufacturing,EMEA,Commercial Partner Org,2025-01-02,M365 Business Premium,22.0,49,0.1,970.2,18,53.2,174.8,1,1,1,0,0.021,Low Risk
MS-12049,SMB (1-50),Manufacturing,North America,Commercial Partner Org,2025-10-08,M365 Business Premium,22.0,22,0.0,484.0,9,64.3,149.7,1,1,1,0,0.019,Low Risk
MS-12050,Mid-Market (51-500),Retail,EMEA,Direct Digital,2025-06-11,M365 Business Standard,12.5,79,0.0,987.5,13,100.0,535.1,1,0,1,0,0.037,Low Risk
MS-12051,SMB (1-50),Technology,EMEA,Satya Nadella Team,2026-06-25,M365 Business Premium,22.0,27,0.0,594.0,1,91.4,11.9,0,0,1,1,0.174,Low Risk
MS-12052,Enterprise (500+),Retail,North America,Direct Digital,2026-03-30,M365 Business Standard,12.5,2087,0.0,26087.5,4,52.3,15116.5,2,0,1,0,0.105,Low Risk
MS-12053,Mid-Market (51-500),Technology,LATAM,Direct Digital,2025-04-29,M365 Business Standard,12.5,313,0.15,3325.62,15,72.8,2454.7,2,1,1,0,0.013,Low Risk
MS-12054,SMB (1-50),Healthcare,APAC,Azure Enterprise Group,2025-02-14,M365 Business Basic,6.0,34,0.1,183.6,17,69.7,447.2,2,0,0,1,0.238,Medium Risk
MS-12055,SMB (1-50),Manufacturing,EMEA,Direct Digital,2026-03-15,M365 Business Basic,6.0,17,0.15,86.7,4,65.4,148.2,5,1,1,0,0.136,Low Risk
MS-12056,Mid-Market (51-500),Manufacturing,EMEA,Azure Enterprise Group,2026-07-31,M365 Business Basic,6.0,287,0.1,1549.8,1,50.0,6812.9,2,0,1,0,0.129,Low Risk
MS-12057,Mid-Market (51-500),Healthcare,North America,Azure Enterprise Group,2025-01-26,M365 Business Basic,6.0,188,0.2,902.4,18,76.0,1033.6,3,0,1,0,0.029,Low Risk
MS-12058,SMB (1-50),Retail,EMEA,Direct Digital,2026-05-16,M365 Business Standard,12.5,17,0.0,212.5,2,83.2,107.5,1,0,1,0,0.029,Low Risk
MS-12059,SMB (1-50),Retail,EMEA,Commercial Partner Org,2025-05-23,M365 Business Basic,6.0,36,0.0,216.0,14,53.0,366.1,4,1,1,0,0.026,Low Risk
MS-12060,Mid-Market (51-500),Financial Services,North America,Satya Nadella Team,2026-01-14,M365 Business Basic,6.0,225,0.0,1350.0,6,100.0,611.7,2,0,1,0,0.034,Low Risk
MS-12061,SMB (1-50),Technology,EMEA,Direct Digital,2025-06-06,M365 E3,36.0,7,0.1,226.8,13,95.4,42.0,3,0,1,0,0.04,Low Risk
MS-12062,Enterprise (500+),Retail,APAC,Direct Digital,2025-02-06,M365 E3,36.0,2381,0.0,85716.0,17,77.9,33112.0,1,1,1,0,0.01,Low Risk
MS-12063,Mid-Market (51-500),Healthcare,EMEA,Commercial Partner Org,2024-10-30,M365 E3,36.0,345,0.0,12420.0,21,45.8,2197.1,4,1,0,0,0.166,Low Risk
MS-12064,SMB (1-50),Retail,North America,Azure Enterprise Group,2026-01-12,M365 E5,57.0,36,0.0,2052.0,6,75.2,1024.3,4,0,1,0,0.035,Low Risk
MS-12065,SMB (1-50),Manufacturing,APAC,Commercial Partner Org,2025-07-14,M365 Business Basic,6.0,29,0.0,174.0,12,73.1,332.4,3,0,1,0,0.027,Low Risk
MS-12066,SMB (1-50),Technology,North America,Commercial Partner Org,2026-04-10,M365 Business Basic,6.0,49,0.0,294.0,3,77.2,98.2,2,0,1,0,0.032,Low Risk
MS-12067,Mid-Market (51-500),Education,North America,Azure Enterprise Group,2026-01-01,M365 Business Standard,12.5,406,0.2,4060.0,6,96.6,3256.2,0,0,1,0,0.027,Low Risk
MS-12068,SMB (1-50),Financial Services,North America,Direct Digital,2025-12-09,M365 E5,57.0,41,0.0,2337.0,7,64.8,712.0,4,1,1,0,0.029,Low Risk
MS-12069,SMB (1-50),Technology,North America,Commercial Partner Org,2025-04-16,M365 E3,36.0,27,0.0,972.0,15,100.0,334.0,2,0,1,0,0.031,Low Risk
MS-12070,Mid-Market (51-500),Manufacturing,APAC,Commercial Partner Org,2026-06-28,M365 Business Standard,12.5,308,0.0,3850.0,1,75.3,8002.3,2,1,1,0,0.019,Low Risk
MS-12071,SMB (1-50),Manufacturing,EMEA,Direct Digital,2025-08-22,M365 Business Basic,6.0,38,0.0,228.0,11,62.8,632.1,2,1,1,0,0.021,Low Risk
MS-12072,SMB (1-50),Manufacturing,North America,Direct Digital,2025-12-10,M365 Business Premium,22.0,27,0.1,534.6,7,100.0,20.6,4,1,1,0,0.027,Low Risk
MS-12073,Mid-Market (51-500),Manufacturing,APAC,Satya Nadella Team,2025-04-15,M365 Business Standard,12.5,365,0.0,4562.5,15,82.9,522.8,2,0,1,0,0.03,Low Risk
MS-12074,SMB (1-50),Healthcare,APAC,Commercial Partner Org,2025-02-16,M365 Business Standard,12.5,9,0.0,112.5,17,59.8,113.3,3,0,1,0,0.084,Low Risk
MS-12075,Enterprise (500+),Financial Services,APAC,Satya Nadella Team,2025-06-11,M365 E5,57.0,1410,0.1,72333.0,13,69.5,4608.1,2,1,0,0,0.036,Low Risk
MS-12076,Mid-Market (51-500),Education,North America,Azure Enterprise Group,2025-05-20,M365 Business Premium,22.0,289,0.0,6358.0,14,79.4,3073.8,2,0,1,0,0.026,Low Risk
MS-12077,SMB (1-50),Manufacturing,EMEA,Direct Digital,2025-08-30,M365 E5,57.0,10,0.0,570.0,11,65.3,188.6,5,0,1,0,0.139,Low Risk
MS-12078,SMB (1-50),Manufacturing,LATAM,Direct Digital,2026-02-03,M365 Business Standard,12.5,17,0.0,212.5,5,70.4,175.5,1,1,1,0,0.014,Low Risk
MS-12079,SMB (1-50),Retail,APAC,Satya Nadella Team,2024-12-07,M365 Business Premium,22.0,47,0.0,1034.0,19,53.3,302.9,3,1,1,0,0.024,Low Risk
MS-12080,Mid-Market (51-500),Financial Services,North America,Commercial Partner Org,2024-09-12,M365 E3,36.0,302,0.0,10872.0,22,37.7,3766.1,1,1,1,0,0.021,Low Risk
MS-12081,SMB (1-50),Technology,North America,Azure Enterprise Group,2026-04-06,M365 Business Premium,22.0,30,0.0,660.0,3,69.9,55.8,2,0,1,0,0.032,Low Risk
MS-12082,Enterprise (500+),Financial Services,EMEA,Commercial Partner Org,2025-10-22,M365 Business Premium,22.0,803,0.0,17666.0,9,70.5,12377.3,1,0,1,0,0.027,Low Risk
MS-12083,Mid-Market (51-500),Financial Services,APAC,Commercial Partner Org,2026-01-14,M365 Business Premium,22.0,120,0.0,2640.0,6,77.5,1719.5,2,0,0,0,0.152,Low Risk
MS-12084,SMB (1-50),Education,EMEA,Satya Nadella Team,2025-01-13,M365 E3,36.0,20,0.0,720.0,18,57.6,173.4,3,1,0,0,0.133,Low Risk
MS-12085,Mid-Market (51-500),Financial Services,EMEA,Commercial Partner Org,2025-05-17,M365 Business Basic,6.0,196,0.0,1176.0,14,43.9,768.8,5,0,1,0,0.197,Low Risk
MS-12086,SMB (1-50),Education,North America,Satya Nadella Team,2026-01-30,M365 Business Standard,12.5,17,0.0,212.5,6,50.6,325.9,1,0,1,0,0.117,Low Risk
MS-12087,Mid-Market (51-500),Manufacturing,EMEA,Direct Digital,2025-06-21,M365 Business Standard,12.5,269,0.0,3362.5,13,87.0,2306.3,2,0,1,0,0.029,Low Risk
MS-12088,Mid-Market (51-500),Manufacturing,APAC,Direct Digital,2026-05-04,M365 E5,57.0,99,0.15,4796.55,2,56.0,72.5,1,1,1,0,0.041,Low Risk
MS-12089,SMB (1-50),Healthcare,North America,Direct Digital,2025-11-14,M365 E5,57.0,49,0.0,2793.0,8,60.0,1475.0,4,0,1,0,0.112,Low Risk
MS-12090,SMB (1-50),Education,APAC,Azure Enterprise Group,2025-01-29,M365 Business Basic,6.0,28,0.1,151.2,18,62.4,490.5,2,0,0,0,0.222,Medium Risk
MS-12091,Enterprise (500+),Education,LATAM,Azure Enterprise Group,2025-12-25,M365 Business Basic,6.0,682,0.0,4092.0,7,56.9,7193.8,1,0,1,0,0.113,Low Risk
MS-12092,Mid-Market (51-500),Technology,North America,Commercial Partner Org,2025-05-16,M365 E5,57.0,90,0.0,5130.0,14,55.5,620.1,1,0,0,1,0.308,Medium Risk
MS-12093,Enterprise (500+),Retail,EMEA,Satya Nadella Team,2025-01-27,M365 Business Standard,12.5,2737,0.1,30791.25,18,52.3,50000.0,2,0,0,0,0.208,Medium Risk
MS-12094,SMB (1-50),Financial Services,North America,Commercial Partner Org,2025-01-20,M365 Business Basic,6.0,29,0.0,174.0,18,93.2,519.1,4,1,1,0,0.025,Low Risk
MS-12095,SMB (1-50),Technology,APAC,Direct Digital,2025-05-09,M365 Business Basic,6.0,45,0.0,270.0,14,80.2,413.5,0,0,1,0,0.031,Low Risk
MS-12096,SMB (1-50),Education,EMEA,Commercial Partner Org,2026-06-06,M365 Business Standard,12.5,5,0.15,53.12,1,90.5,63.5,3,1,1,0,0.027,Low Risk
MS-12097,Mid-Market (51-500),Technology,EMEA,Commercial Partner Org,2024-10-17,M365 Business Premium,22.0,340,0.15,6358.0,21,94.1,1344.6,2,1,1,0,0.014,Low Risk
MS-12098,SMB (1-50),Healthcare,APAC,Commercial Partner Org,2025-09-07,M365 Business Standard,12.5,8,0.0,100.0,10,25.7,20.9,3,1,1,0,0.089,Low Risk
MS-12099,SMB (1-50),Retail,North America,Direct Digital,2024-12-03,M365 Business Standard,12.5,32,0.15,340.0,19,74.2,122.6,2,1,1,0,0.026,Low Risk
MS-12100,Mid-Market (51-500),Education,APAC,Satya Nadella Team,2025-08-22,M365 E5,57.0,276,0.1,14158.8,11,57.4,1149.0,4,1,1,0,0.028,Low Risk
MS-12101,Mid-Market (51-500),Education,EMEA,Commercial Partner Org,2026-02-14,M365 Business Basic,6.0,200,0.0,1200.0,5,88.1,3230.6,1,0,1,0,0.033,Low Risk
MS-12102,SMB (1-50),Financial Services,North America,Direct Digital,2026-07-24,M365 Business Basic,6.0,13,0.1,70.2,1,54.7,23.5,0,0,0,1,0.437,Medium Risk
MS-12103,SMB (1-50),Retail,EMEA,Azure Enterprise Group,2025-05-30,M365 E3,36.0,39,0.1,1263.6,14,49.0,703.5,3,1,1,0,0.022,Low Risk
MS-12104,Mid-Market (51-500),Healthcare,APAC,Satya Nadella Team,2025-11-03,M365 E3,36.0,153,0.0,5508.0,8,42.2,1360.6,2,0,1,1,0.135,Low Risk
MS-12105,SMB (1-50),Manufacturing,North America,Direct Digital,2026-06-10,M365 Business Standard,12.5,39,0.15,414.38,1,62.6,227.2,0,0,1,0,0.077,Low Risk
MS-12106,SMB (1-50),Technology,APAC,Commercial Partner Org,2024-11-03,M365 Business Standard,12.5,37,0.0,462.5,20,84.5,158.6,1,0,1,0,0.029,Low Risk
MS-12107,SMB (1-50),Financial Services,APAC,Direct Digital,2025-02-11,M365 Business Standard,12.5,39,0.0,487.5,17,72.6,336.9,1,0,0,1,0.224,Medium Risk
MS-12108,Mid-Market (51-500),Education,North America,Satya Nadella Team,2025-09-24,M365 Business Premium,22.0,222,0.1,4395.6,10,46.4,1017.7,3,0,1,0,0.124,Low Risk
MS-12109,Mid-Market (51-500),Manufacturing,LATAM,Commercial Partner Org,2025-12-13,M365 Business Basic,6.0,56,0.1,302.4,7,100.0,377.1,2,1,0,0,0.062,Low Risk
MS-12110,SMB (1-50),Healthcare,North America,Azure Enterprise Group,2026-03-04,M365 Business Standard,12.5,48,0.1,540.0,4,79.7,773.7,2,0,0,0,0.196,Low Risk
MS-12111,SMB (1-50),Retail,North America,Azure Enterprise Group,2026-02-13,M365 Business Basic,6.0,30,0.0,180.0,5,82.0,354.1,1,0,1,0,0.028,Low Risk
MS-12112,Enterprise (500+),Technology,North America,Azure Enterprise Group,2026-04-09,M365 E3,36.0,2963,0.1,96001.2,3,91.1,49005.3,1,1,1,0,0.017,Low Risk
MS-12113,Enterprise (500+),Financial Services,APAC,Direct Digital,2026-06-15,M365 Business Standard,12.5,1078,0.0,13475.0,1,38.5,16146.5,2,0,1,0,0.138,Low Risk
MS-12114,Mid-Market (51-500),Education,EMEA,Satya Nadella Team,2024-09-17,M365 Business Standard,12.5,307,0.1,3453.75,22,51.6,6217.8,1,0,1,0,0.08,Low Risk
MS-12115,Enterprise (500+),Education,North America,Azure Enterprise Group,2026-04-30,M365 Business Basic,6.0,1526,0.1,8240.4,3,82.8,4124.9,0,1,0,0,0.033,Low Risk
MS-12116,Mid-Market (51-500),Manufacturing,North America,Commercial Partner Org,2025-06-28,M365 Business Basic,6.0,482,0.1,2602.8,13,53.4,30789.5,4,0,1,0,0.101,Low Risk
MS-12117,Mid-Market (51-500),Manufacturing,EMEA,Commercial Partner Org,2024-11-27,M365 Business Premium,22.0,296,0.0,6512.0,20,63.0,2294.0,4,1,1,0,0.026,Low Risk
MS-12118,SMB (1-50),Technology,North America,Commercial Partner Org,2026-03-17,M365 E3,36.0,26,0.1,842.4,4,66.6,395.2,4,1,1,0,0.03,Low Risk
MS-12119,SMB (1-50),Retail,APAC,Direct Digital,2025-05-03,M365 Business Premium,22.0,5,0.0,110.0,14,45.0,67.9,2,0,1,0,0.123,Low Risk
MS-12120,SMB (1-50),Healthcare,APAC,Satya Nadella Team,2025-12-11,M365 Business Premium,22.0,15,0.15,280.5,7,61.5,150.3,2,0,1,1,0.123,Low Risk
MS-12121,Mid-Market (51-500),Retail,EMEA,Satya Nadella Team,2025-11-16,M365 Business Basic,6.0,128,0.0,768.0,8,84.5,8412.0,1,0,1,0,0.035,Low Risk
MS-12122,Enterprise (500+),Retail,LATAM,Azure Enterprise Group,2024-12-22,M365 Business Premium,22.0,3153,0.0,69366.0,19,81.1,9270.8,3,0,1,0,0.059,Low Risk
MS-12123,Mid-Market (51-500),Retail,North America,Satya Nadella Team,2025-11-16,M365 Business Basic,6.0,491,0.0,2946.0,8,88.0,3227.1,3,1,1,0,0.021,Low Risk
MS-12124,SMB (1-50),Technology,LATAM,Commercial Partner Org,2024-09-08,M365 Business Basic,6.0,16,0.1,86.4,22,86.2,26.2,4,1,1,0,0.038,Low Risk
MS-12125,SMB (1-50),Technology,EMEA,Commercial Partner Org,2026-03-03,M365 E3,36.0,7,0.0,252.0,4,75.3,16.9,2,0,1,0,0.039,Low Risk
MS-12126,SMB (1-50),Healthcare,EMEA,Direct Digital,2026-03-13,M365 E3,36.0,22,0.0,792.0,4,73.9,329.5,1,1,1,0,0.02,Low Risk
MS-12127,SMB (1-50),Retail,North America,Commercial Partner Org,2024-12-09,M365 Business Premium,22.0,9,0.1,178.2,19,72.6,10.0,6,0,0,1,0.635,High Risk
MS-12128,Mid-Market (51-500),Technology,APAC,Satya Nadella Team,2025-08-11,M365 E3,36.0,369,0.0,13284.0,11,56.7,9766.6,3,1,1,0,0.023,Low Risk
MS-12129,Enterprise (500+),Healthcare,North America,Commercial Partner Org,2026-07-17,M365 E5,57.0,2576,0.0,146832.0,1,49.5,31001.5,4,0,1,0,0.089,Low Risk
MS-12130,SMB (1-50),Education,North America,Azure Enterprise Group,2025-12-25,M365 Business Basic,6.0,42,0.1,226.8,7,55.6,293.0,0,0,1,0,0.109,Low Risk
MS-12131,SMB (1-50),Healthcare,North America,Direct Digital,2025-08-08,M365 E5,57.0,7,0.0,399.0,11,62.1,33.8,5,1,1,0,0.139,Low Risk
MS-12132,Mid-Market (51-500),Retail,EMEA,Direct Digital,2025-04-22,M365 Business Premium,22.0,265,0.1,5247.0,15,56.2,429.3,2,0,1,0,0.082,Low Risk
MS-12133,SMB (1-50),Financial Services,EMEA,Satya Nadella Team,2025-04-23,M365 E3,36.0,16,0.0,576.0,15,75.4,488.7,1,0,1,0,0.028,Low Risk
MS-12134,Enterprise (500+),Retail,EMEA,Commercial Partner Org,2025-01-04,M365 Business Premium,22.0,2048,0.0,45056.0,18,71.6,30619.6,4,0,1,0,0.035,Low Risk
MS-12135,SMB (1-50),Financial Services,APAC,Commercial Partner Org,2026-07-22,M365 Business Premium,22.0,43,0.0,946.0,1,73.6,211.6,1,0,1,0,0.033,Low Risk
MS-12136,SMB (1-50),Healthcare,North America,Satya Nadella Team,2025-12-21,M365 Business Premium,22.0,30,0.0,660.0,7,74.3,26.5,2,1,1,0,0.02,Low Risk
MS-12137,SMB (1-50),Education,EMEA,Satya Nadella Team,2026-07-17,M365 Business Standard,12.5,5,0.1,56.25,1,89.5,23.6,2,0,1,0,0.039,Low Risk
MS-12138,SMB (1-50),Education,North America,Azure Enterprise Group,2025-09-07,M365 E5,57.0,20,0.1,1026.0,10,67.8,49.0,0,0,1,0,0.032,Low Risk
MS-12139,Mid-Market (51-500),Technology,APAC,Satya Nadella Team,2024-12-29,M365 Business Basic,6.0,145,0.0,870.0,19,86.2,2684.9,3,0,1,0,0.031,Low Risk
MS-12140,SMB (1-50),Education,APAC,Commercial Partner Org,2026-02-24,M365 Business Standard,12.5,9,0.0,112.5,5,77.3,137.3,1,0,1,0,0.027,Low Risk
MS-12141,SMB (1-50),Manufacturing,EMEA,Azure Enterprise Group,2026-03-14,M365 Business Basic,6.0,12,0.15,61.2,4,88.3,99.3,0,1,0,0,0.056,Low Risk
MS-12142,SMB (1-50),Healthcare,EMEA,Direct Digital,2025-02-26,M365 Business Standard,12.5,25,0.1,281.25,17,97.1,651.0,1,1,1,0,0.015,Low Risk
MS-12143,SMB (1-50),Technology,North America,Commercial Partner Org,2024-12-03,M365 Business Basic,6.0,37,0.1,199.8,19,78.4,88.5,0,0,1,0,0.025,Low Risk
MS-12144,SMB (1-50),Education,EMEA,Direct Digital,2026-03-21,M365 Business Basic,6.0,43,0.0,258.0,4,69.9,310.3,0,0,1,0,0.03,Low Risk
MS-12145,Mid-Market (51-500),Healthcare,APAC,Direct Digital,2025-06-29,M365 Business Standard,12.5,269,0.1,3026.25,13,69.8,4002.8,0,0,1,0,0.031,Low Risk
MS-12146,Mid-Market (51-500),Retail,EMEA,Direct Digital,2025-10-23,M365 Business Standard,12.5,385,0.0,4812.5,9,59.5,324.4,1,0,1,0,0.104,Low Risk
MS-12147,Enterprise (500+),Education,North America,Commercial Partner Org,2026-04-09,M365 Business Basic,6.0,1299,0.0,7794.0,3,58.9,7268.6,1,0,1,0,0.104,Low Risk
MS-12148,SMB (1-50),Financial Services,EMEA,Direct Digital,2025-11-26,M365 Business Standard,12.5,26,0.2,260.0,8,84.2,264.5,4,1,0,0,0.048,Low Risk
MS-12149,SMB (1-50),Healthcare,APAC,Commercial Partner Org,2025-10-22,M365 E5,57.0,17,0.0,969.0,9,50.7,93.2,2,0,1,0,0.111,Low Risk
MS-12150,SMB (1-50),Technology,North America,Direct Digital,2024-12-31,M365 Business Basic,6.0,43,0.0,258.0,19,97.1,337.6,2,0,0,0,0.145,Low Risk
MS-12151,SMB (1-50),Retail,North America,Satya Nadella Team,2024-10-27,M365 Business Standard,12.5,15,0.0,187.5,21,65.3,168.6,3,0,1,0,0.039,Low Risk
MS-12152,Mid-Market (51-500),Manufacturing,EMEA,Satya Nadella Team,2025-01-17,M365 Business Basic,6.0,253,0.0,1518.0,18,100.0,1395.0,4,1,0,0,0.072,Low Risk
MS-12153,Mid-Market (51-500),Retail,APAC,Commercial Partner Org,2025-03-18,M365 Business Basic,6.0,347,0.0,2082.0,16,55.5,466.6,5,1,1,1,0.286,Medium Risk
MS-12154,Mid-Market (51-500),Education,North America,Direct Digital,2025-08-27,M365 Business Premium,22.0,83,0.0,1826.0,11,72.5,149.6,0,1,0,0,0.058,Low Risk
MS-12155,SMB (1-50),Financial Services,North America,Direct Digital,2026-06-12,M365 Business Standard,12.5,48,0.1,540.0,1,61.7,431.2,1,0,1,0,0.109,Low Risk
MS-12156,SMB (1-50),Retail,North America,Direct Digital,2025-10-15,M365 Business Standard,12.5,7,0.1,78.75,9,53.7,16.1,2,1,1,0,0.049,Low Risk
MS-12157,Enterprise (500+),Manufacturing,North America,Satya Nadella Team,2026-06-08,M365 Business Basic,6.0,1548,0.1,8359.2,1,87.1,40974.3,0,0,1,0,0.03,Low Risk
MS-12158,SMB (1-50),Technology,EMEA,Direct Digital,2026-02-10,M365 Business Premium,22.0,40,0.0,880.0,5,48.1,862.5,1,1,1,0,0.039,Low Risk
MS-12159,SMB (1-50),Healthcare,EMEA,Direct Digital,2026-05-08,M365 E3,36.0,10,0.0,360.0,2,55.8,51.5,3,1,1,0,0.076,Low Risk
MS-12160,Enterprise (500+),Financial Services,EMEA,Commercial Partner Org,2025-05-01,M365 Business Basic,6.0,2152,0.1,11620.8,15,78.6,45909.4,0,0,1,0,0.025,Low Risk
MS-12161,Mid-Market (51-500),Manufacturing,EMEA,Direct Digital,2024-11-29,M365 Business Basic,6.0,340,0.0,2040.0,20,81.4,3108.3,1,0,0,0,0.195,Low Risk
MS-12162,Mid-Market (51-500),Education,North America,Satya Nadella Team,2026-01-29,M365 Business Basic,6.0,257,0.15,1310.7,6,42.9,534.2,3,1,0,0,0.113,Low Risk
MS-12163,SMB (1-50),Education,APAC,Direct Digital,2024-11-01,M365 Business Premium,22.0,17,0.0,374.0,20,78.5,194.3,2,1,0,0,0.049,Low Risk
MS-12164,SMB (1-50),Education,EMEA,Satya Nadella Team,2025-03-31,M365 Business Basic,6.0,15,0.15,76.5,16,70.3,204.8,1,0,1,0,0.023,Low Risk
MS-12165,SMB (1-50),Financial Services,LATAM,Satya Nadella Team,2025-05-06,M365 Business Standard,12.5,42,0.1,472.5,14,51.5,44.2,1,1,1,0,0.023,Low Risk
MS-12166,Mid-Market (51-500),Retail,EMEA,Azure Enterprise Group,2026-01-10,M365 Business Basic,6.0,391,0.0,2346.0,6,53.8,1771.4,1,0,1,0,0.123,Low Risk
MS-12167,SMB (1-50),Financial Services,North America,Satya Nadella Team,2024-10-26,M365 Business Basic,6.0,19,0.0,114.0,21,31.4,10.0,0,1,1,0,0.048,Low Risk
MS-12168,Mid-Market (51-500),Education,EMEA,Azure Enterprise Group,2025-12-03,M365 Business Basic,6.0,448,0.2,2150.4,7,98.9,2045.2,0,0,0,0,0.118,Low Risk
MS-12169,Mid-Market (51-500),Manufacturing,North America,Azure Enterprise Group,2025-06-16,M365 Business Standard,12.5,302,0.0,3775.0,13,86.3,1480.9,0,1,0,0,0.04,Low Risk
MS-12170,Mid-Market (51-500),Healthcare,EMEA,Direct Digital,2026-02-25,M365 Business Basic,6.0,254,0.0,1524.0,5,44.8,3032.2,2,1,1,0,0.036,Low Risk
MS-12171,SMB (1-50),Healthcare,North America,Azure Enterprise Group,2025-12-14,M365 Business Standard,12.5,17,0.15,180.62,7,82.4,45.3,0,0,0,0,0.134,Low Risk
MS-12172,SMB (1-50),Financial Services,North America,Commercial Partner Org,2025-09-24,M365 Business Premium,22.0,42,0.15,785.4,10,57.7,15.4,2,1,1,0,0.027,Low Risk
MS-12173,Mid-Market (51-500),Education,APAC,Satya Nadella Team,2025-10-26,M365 Business Standard,12.5,424,0.0,5300.0,9,84.5,1929.7,2,0,1,0,0.026,Low Risk
MS-12174,Mid-Market (51-500),Technology,North America,Commercial Partner Org,2026-01-26,M365 Business Premium,22.0,311,0.0,6842.0,6,59.1,6518.0,1,0,0,1,0.372,Medium Risk
MS-12175,Mid-Market (51-500),Financial Services,APAC,Azure Enterprise Group,2026-03-11,M365 Business Premium,22.0,116,0.0,2552.0,4,61.5,709.1,2,1,1,0,0.033,Low Risk
MS-12176,SMB (1-50),Education,North America,Direct Digital,2026-03-13,M365 Business Premium,22.0,21,0.0,462.0,4,62.8,135.1,4,0,1,0,0.101,Low Risk
MS-12177,Mid-Market (51-500),Retail,EMEA,Satya Nadella Team,2024-11-20,M365 E5,57.0,120,0.1,6156.0,20,56.2,911.6,0,0,1,0,0.083,Low Risk
MS-12178,Mid-Market (51-500),Healthcare,EMEA,Commercial Partner Org,2025-11-18,M365 Business Basic,6.0,414,0.0,2484.0,8,93.2,6922.8,2,0,1,0,0.039,Low Risk
MS-12179,SMB (1-50),Healthcare,EMEA,Direct Digital,2025-06-14,M365 Business Basic,6.0,44,0.0,264.0,13,84.2,345.3,2,0,1,0,0.033,Low Risk
MS-12180,Mid-Market (51-500),Healthcare,North America,Azure Enterprise Group,2025-06-11,M365 Business Premium,22.0,79,0.0,1738.0,13,70.0,90.7,1,1,1,0,0.018,Low Risk
MS-12181,Mid-Market (51-500),Technology,North America,Direct Digital,2026-01-04,M365 Business Premium,22.0,306,0.0,6732.0,6,86.4,848.9,6,1,0,1,0.353,Medium Risk
MS-12182,SMB (1-50),Education,North America,Commercial Partner Org,2025-09-23,M365 Business Standard,12.5,18,0.15,191.25,10,38.7,45.0,3,1,0,1,0.231,Medium Risk
MS-12183,SMB (1-50),Education,North America,Direct Digital,2026-03-05,M365 Business Basic,6.0,41,0.1,221.4,4,45.9,348.8,2,0,1,0,0.132,Low Risk
MS-12184,Mid-Market (51-500),Education,EMEA,Commercial Partner Org,2026-04-18,M365 Business Premium,22.0,434,0.15,8115.8,3,76.5,158.3,5,1,1,0,0.056,Low Risk
MS-12185,SMB (1-50),Education,LATAM,Direct Digital,2025-10-13,M365 E5,57.0,38,0.15,1841.1,9,81.2,152.1,1,0,1,0,0.029,Low Risk
MS-12186,Mid-Market (51-500),Technology,APAC,Satya Nadella Team,2025-07-24,M365 Business Standard,12.5,242,0.0,3025.0,12,73.0,2713.6,0,0,1,0,0.027,Low Risk
MS-12187,Mid-Market (51-500),Manufacturing,APAC,Direct Digital,2025-02-23,M365 E5,57.0,403,0.0,22971.0,17,34.1,2118.0,1,0,1,0,0.068,Low Risk
MS-12188,Enterprise (500+),Financial Services,APAC,Satya Nadella Team,2026-02-03,M365 Business Standard,12.5,1851,0.2,18510.0,5,48.9,27321.1,3,0,1,0,0.107,Low Risk
MS-12189,Mid-Market (51-500),Financial Services,EMEA,Commercial Partner Org,2025-09-18,M365 Business Basic,6.0,320,0.15,1632.0,10,75.5,1905.8,0,0,1,0,0.034,Low Risk
MS-12190,SMB (1-50),Education,North America,Satya Nadella Team,2025-05-16,M365 Business Standard,12.5,7,0.1,78.75,14,100.0,325.5,0,0,1,0,0.035,Low Risk
MS-12191,SMB (1-50),Retail,APAC,Direct Digital,2025-08-13,M365 Business Standard,12.5,26,0.1,292.5,11,89.9,1049.1,1,1,0,0,0.044,Low Risk
MS-12192,Mid-Market (51-500),Healthcare,EMEA,Satya Nadella Team,2025-05-30,M365 Business Premium,22.0,376,0.0,8272.0,14,96.4,7258.2,1,0,1,0,0.034,Low Risk
MS-12193,SMB (1-50),Technology,EMEA,Commercial Partner Org,2025-05-19,M365 Business Standard,12.5,20,0.15,212.5,14,74.1,741.0,1,1,1,0,0.014,Low Risk
MS-12194,Mid-Market (51-500),Retail,North America,Direct Digital,2025-10-01,M365 Business Standard,12.5,254,0.15,2698.75,10,74.0,698.4,0,0,1,0,0.028,Low Risk
MS-12195,Mid-Market (51-500),Retail,North America,Satya Nadella Team,2026-07-24,M365 Business Basic,6.0,295,0.0,1770.0,1,49.4,4920.6,1,1,1,0,0.038,Low Risk
MS-12196,SMB (1-50),Education,EMEA,Satya Nadella Team,2025-02-01,M365 Business Standard,12.5,14,0.0,175.0,17,85.1,65.2,1,0,1,0,0.029,Low Risk
MS-12197,SMB (1-50),Technology,APAC,Azure Enterprise Group,2026-02-09,M365 Business Standard,12.5,25,0.0,312.5,5,66.7,387.6,2,1,0,0,0.049,Low Risk
MS-12198,Mid-Market (51-500),Financial Services,EMEA,Satya Nadella Team,2024-11-06,M365 E5,57.0,474,0.1,24316.2,20,80.5,2663.3,2,0,0,0,0.133,Low Risk
MS-12199,Enterprise (500+),Healthcare,North America,Azure Enterprise Group,2026-07-31,M365 Business Standard,12.5,1487,0.0,18587.5,1,68.6,6096.8,2,0,1,0,0.031,Low Risk
MS-12200,SMB (1-50),Financial Services,LATAM,Commercial Partner Org,2025-08-14,M365 E3,36.0,11,0.0,396.0,11,73.0,421.0,1,1,1,0,0.019,Low Risk
MS-12201,Enterprise (500+),Retail,North America,Azure Enterprise Group,2024-11-02,M365 Business Standard,12.5,3119,0.0,38987.5,20,66.4,8817.2,1,1,1,0,0.011,Low Risk
MS-12202,Mid-Market (51-500),Healthcare,North America,Commercial Partner Org,2025-08-22,M365 Business Basic,6.0,293,0.0,1758.0,11,72.0,4996.8,0,1,0,0,0.046,Low Risk
MS-12203,Enterprise (500+),Manufacturing,North America,Satya Nadella Team,2025-06-08,M365 Business Basic,6.0,2411,0.1,13019.4,13,86.0,32488.4,3,0,1,0,0.026,Low Risk
MS-12204,SMB (1-50),Retail,EMEA,Satya Nadella Team,2024-10-11,M365 Business Standard,12.5,18,0.0,225.0,21,45.2,78.1,1,0,1,0,0.079,Low Risk
MS-12205,SMB (1-50),Financial Services,APAC,Azure Enterprise Group,2026-02-22,M365 E5,57.0,14,0.15,678.3,5,41.1,103.0,3,1,1,0,0.071,Low Risk
MS-12206,Mid-Market (51-500),Financial Services,North America,Commercial Partner Org,2025-09-02,M365 Business Premium,22.0,467,0.0,10274.0,10,75.7,864.4,2,1,1,0,0.014,Low Risk
MS-12207,Enterprise (500+),Education,APAC,Satya Nadella Team,2025-06-04,M365 E5,57.0,3478,0.1,178421.4,13,93.9,50000.0,3,0,1,0,0.085,Low Risk
MS-12208,SMB (1-50),Financial Services,North America,Azure Enterprise Group,2025-04-09,M365 E3,36.0,22,0.15,673.2,15,98.5,909.7,2,0,1,0,0.04,Low Risk
MS-12209,Mid-Market (51-500),Technology,APAC,Azure Enterprise Group,2024-10-31,M365 Business Premium,22.0,111,0.1,2197.8,21,46.0,1756.2,1,1,1,0,0.021,Low Risk
MS-12210,Enterprise (500+),Retail,APAC,Azure Enterprise Group,2024-12-12,M365 Business Premium,22.0,2067,0.15,38652.9,19,60.7,46960.5,1,0,1,0,0.053,Low Risk
MS-12211,SMB (1-50),Healthcare,APAC,Satya Nadella Team,2025-03-04,M365 Business Premium,22.0,27,0.0,594.0,16,41.4,27.9,4,0,1,0,0.099,Low Risk
MS-12212,Mid-Market (51-500),Financial Services,North America,Commercial Partner Org,2025-01-25,M365 Business Premium,22.0,458,0.2,8060.8,18,58.1,2662.6,2,1,1,0,0.022,Low Risk
MS-12213,Enterprise (500+),Education,LATAM,Satya Nadella Team,2024-11-14,M365 Business Standard,12.5,3433,0.0,42912.5,20,88.2,16548.0,5,0,0,1,0.518,High Risk
MS-12214,SMB (1-50),Education,EMEA,Direct Digital,2025-12-17,M365 Business Standard,12.5,28,0.2,280.0,7,67.8,279.7,2,1,1,0,0.014,Low Risk
MS-12215,SMB (1-50),Financial Services,North America,Direct Digital,2024-09-01,M365 Business Premium,22.0,35,0.0,770.0,22,61.3,85.1,2,0,0,1,0.357,Medium Risk
MS-12216,Mid-Market (51-500),Technology,APAC,Satya Nadella Team,2025-10-21,M365 Business Basic,6.0,401,0.0,2406.0,9,77.8,3987.7,4,0,1,0,0.043,Low Risk
MS-12217,SMB (1-50),Education,North America,Commercial Partner Org,2025-12-13,M365 Business Standard,12.5,27,0.1,303.75,7,53.7,344.2,6,0,1,1,0.451,Medium Risk
MS-12218,SMB (1-50),Healthcare,APAC,Azure Enterprise Group,2025-08-31,M365 E3,36.0,45,0.1,1458.0,11,96.7,76.7,0,0,1,0,0.031,Low Risk
MS-12219,Enterprise (500+),Retail,North America,Direct Digital,2026-07-06,M365 Business Standard,12.5,1046,0.0,13075.0,1,68.1,1772.9,2,0,1,0,0.032,Low Risk
MS-12220,Mid-Market (51-500),Manufacturing,EMEA,Direct Digital,2024-09-17,M365 Business Premium,22.0,207,0.15,3870.9,22,60.8,89.6,3,0,1,1,0.074,Low Risk
MS-12221,Mid-Market (51-500),Technology,EMEA,Satya Nadella Team,2026-01-23,M365 Business Basic,6.0,137,0.0,822.0,6,78.6,2352.3,3,1,1,0,0.023,Low Risk
MS-12222,Mid-Market (51-500),Education,North America,Direct Digital,2025-11-13,M365 E3,36.0,198,0.0,7128.0,8,84.9,955.1,3,0,1,0,0.029,Low Risk
MS-12223,SMB (1-50),Retail,North America,Direct Digital,2026-02-13,M365 Business Standard,12.5,46,0.15,488.75,5,96.7,141.0,0,0,1,0,0.033,Low Risk
MS-12224,SMB (1-50),Manufacturing,North America,Azure Enterprise Group,2024-10-29,M365 E5,57.0,22,0.0,1254.0,21,64.2,397.5,0,1,1,0,0.017,Low Risk
MS-12225,SMB (1-50),Financial Services,EMEA,Azure Enterprise Group,2024-12-24,M365 E5,57.0,18,0.0,1026.0,19,87.5,33.4,2,1,1,0,0.015,Low Risk
MS-12226,SMB (1-50),Financial Services,North America,Commercial Partner Org,2025-03-22,M365 E5,57.0,32,0.2,1459.2,16,69.8,214.0,2,0,0,1,0.224,Medium Risk
MS-12227,Mid-Market (51-500),Healthcare,EMEA,Direct Digital,2026-02-25,M365 Business Basic,6.0,53,0.1,286.2,5,57.0,868.6,1,1,1,0,0.031,Low Risk
MS-12228,Mid-Market (51-500),Manufacturing,North America,Commercial Partner Org,2025-03-13,M365 Business Standard,12.5,284,0.0,3550.0,16,54.0,2906.8,3,0,0,0,0.22,Medium Risk
MS-12229,SMB (1-50),Financial Services,North America,Commercial Partner Org,2025-12-16,M365 E5,57.0,40,0.0,2280.0,7,48.3,387.6,2,1,1,0,0.037,Low Risk
MS-12230,SMB (1-50),Financial Services,EMEA,Azure Enterprise Group,2024-12-15,M365 E3,36.0,23,0.1,745.2,19,54.6,47.3,1,0,1,0,0.065,Low Risk
MS-12231,SMB (1-50),Education,North America,Azure Enterprise Group,2025-01-04,M365 E5,57.0,17,0.15,823.65,18,88.1,40.7,3,0,1,0,0.031,Low Risk
MS-12232,Mid-Market (51-500),Healthcare,APAC,Satya Nadella Team,2025-10-19,M365 Business Premium,22.0,95,0.1,1881.0,9,80.7,995.9,1,0,0,0,0.168,Low Risk
MS-12233,SMB (1-50),Retail,APAC,Azure Enterprise Group,2026-05-08,M365 Business Standard,12.5,23,0.1,258.75,2,45.7,10.0,0,1,1,0,0.065,Low Risk
MS-12234,SMB (1-50),Financial Services,EMEA,Commercial Partner Org,2026-07-07,M365 Business Basic,6.0,36,0.0,216.0,1,36.6,878.5,1,0,1,0,0.155,Low Risk
MS-12235,Mid-Market (51-500),Technology,EMEA,Direct Digital,2026-01-23,M365 E3,36.0,337,0.0,12132.0,6,48.0,1745.0,4,0,1,0,0.142,Low Risk
MS-12236,SMB (1-50),Technology,APAC,Commercial Partner Org,2026-01-14,M365 Business Premium,22.0,15,0.1,297.0,6,54.0,97.0,1,0,0,0,0.327,Medium Risk
MS-12237,SMB (1-50),Retail,North America,Commercial Partner Org,2024-12-30,M365 Business Basic,6.0,27,0.1,145.8,19,62.5,96.9,2,1,1,0,0.03,Low Risk
MS-12238,Mid-Market (51-500),Manufacturing,North America,Commercial Partner Org,2026-04-30,M365 Business Basic,6.0,184,0.0,1104.0,3,89.1,4621.1,1,1,1,0,0.021,Low Risk
MS-12239,SMB (1-50),Healthcare,North America,Azure Enterprise Group,2025-03-27,M365 Business Premium,22.0,26,0.2,457.6,16,58.1,320.9,4,1,1,0,0.026,Low Risk
MS-12240,Mid-Market (51-500),Education,APAC,Commercial Partner Org,2026-06-23,M365 Business Premium,22.0,78,0.0,1716.0,1,98.2,559.4,0,0,1,0,0.034,Low Risk
MS-12241,SMB (1-50),Technology,North America,Satya Nadella Team,2025-08-16,M365 Business Basic,6.0,22,0.0,132.0,11,37.8,232.4,2,0,1,0,0.094,Low Risk
MS-12242,SMB (1-50),Technology,EMEA,Direct Digital,2025-03-12,M365 Business Basic,6.0,11,0.0,66.0,16,61.7,63.2,2,0,1,0,0.058,Low Risk
MS-12243,SMB (1-50),Retail,LATAM,Azure Enterprise Group,2026-06-16,M365 Business Basic,6.0,37,0.1,199.8,1,82.1,278.2,0,1,1,0,0.019,Low Risk
MS-12244,Enterprise (500+),Manufacturing,APAC,Commercial Partner Org,2025-09-28,M365 Business Basic,6.0,1292,0.0,7752.0,10,83.2,6862.0,1,0,1,0,0.026,Low Risk
MS-12245,Mid-Market (51-500),Manufacturing,EMEA,Satya Nadella Team,2026-01-10,M365 E5,57.0,184,0.2,8390.4,6,62.0,1167.5,0,0,1,0,0.075,Low Risk
MS-12246,Enterprise (500+),Retail,North America,Direct Digital,2025-09-27,M365 Business Premium,22.0,1004,0.2,17670.4,10,86.0,4557.8,0,0,1,0,0.031,Low Risk
MS-12247,Mid-Market (51-500),Technology,APAC,Commercial Partner Org,2026-07-06,M365 Business Premium,22.0,165,0.0,3630.0,1,82.6,160.0,0,0,1,0,0.03,Low Risk
MS-12248,Mid-Market (51-500),Healthcare,EMEA,Direct Digital,2024-12-18,M365 E3,36.0,84,0.0,3024.0,19,55.7,38.4,2,0,1,0,0.071,Low Risk
MS-12249,SMB (1-50),Technology,North America,Azure Enterprise Group,2025-12-14,M365 Business Standard,12.5,48,0.0,600.0,7,73.7,110.2,2,1,1,0,0.024,Low Risk
MS-12250,SMB (1-50),Manufacturing,North America,Azure Enterprise Group,2025-08-16,M365 E3,36.0,23,0.0,828.0,11,80.7,80.0,4,0,1,0,0.039,Low Risk
MS-12251,SMB (1-50),Education,APAC,Satya Nadella Team,2025-01-27,M365 E5,57.0,18,0.0,1026.0,18,57.0,477.7,4,1,0,0,0.14,Low Risk
MS-12252,SMB (1-50),Technology,EMEA,Azure Enterprise Group,2025-05-14,M365 Business Premium,22.0,7,0.15,130.9,14,98.5,79.4,3,0,1,0,0.029,Low Risk
MS-12253,SMB (1-50),Healthcare,APAC,Satya Nadella Team,2025-09-24,M365 Business Standard,12.5,23,0.0,287.5,10,53.0,876.9,0,0,1,0,0.106,Low Risk
MS-12254,SMB (1-50),Financial Services,APAC,Commercial Partner Org,2025-03-18,M365 Business Premium,22.0,37,0.2,651.2,16,70.6,184.3,0,0,1,0,0.026,Low Risk
MS-12255,SMB (1-50),Technology,EMEA,Direct Digital,2025-11-17,M365 E5,57.0,25,0.2,1140.0,8,45.5,154.1,1,1,1,0,0.029,Low Risk
MS-12256,SMB (1-50),Retail,EMEA,Azure Enterprise Group,2025-03-05,M365 Business Basic,6.0,5,0.1,27.0,16,69.9,76.3,0,0,1,0,0.019,Low Risk
MS-12257,SMB (1-50),Financial Services,North America,Direct Digital,2025-08-10,M365 Business Standard,12.5,30,0.0,375.0,11,48.8,310.5,4,1,1,0,0.031,Low Risk
MS-12258,Mid-Market (51-500),Retail,North America,Direct Digital,2026-07-09,M365 E5,57.0,347,0.1,17801.1,1,62.7,3125.2,1,0,1,0,0.065,Low Risk
MS-12259,Enterprise (500+),Retail,North America,Commercial Partner Org,2024-12-17,M365 E5,57.0,1261,0.0,71877.0,19,39.4,12968.0,1,0,0,0,0.265,Medium Risk
MS-12260,SMB (1-50),Retail,APAC,Commercial Partner Org,2026-04-18,M365 Business Standard,12.5,17,0.1,191.25,3,82.4,179.0,1,1,1,0,0.015,Low Risk
MS-12261,SMB (1-50),Technology,EMEA,Azure Enterprise Group,2024-11-19,M365 Business Standard,12.5,10,0.0,125.0,20,74.4,174.2,1,0,1,0,0.023,Low Risk
MS-12262,SMB (1-50),Manufacturing,APAC,Commercial Partner Org,2025-05-11,M365 Business Standard,12.5,47,0.0,587.5,14,87.6,622.0,4,0,1,0,0.04,Low Risk
MS-12263,Enterprise (500+),Financial Services,North America,Direct Digital,2024-09-25,M365 Business Standard,12.5,1797,0.0,22462.5,22,61.7,50000.0,1,0,1,0,0.045,Low Risk
MS-12264,SMB (1-50),Healthcare,EMEA,Satya Nadella Team,2025-06-10,M365 E5,57.0,39,0.0,2223.0,13,88.4,1383.3,4,0,1,0,0.05,Low Risk
MS-12265,Mid-Market (51-500),Manufacturing,EMEA,Satya Nadella Team,2026-03-17,M365 Business Basic,6.0,445,0.1,2403.0,4,68.7,2926.6,2,0,1,0,0.032,Low Risk
MS-12266,SMB (1-50),Technology,EMEA,Satya Nadella Team,2026-05-13,M365 Business Standard,12.5,45,0.1,506.25,2,70.0,19.6,2,0,1,0,0.056,Low Risk
MS-12267,SMB (1-50),Retail,EMEA,Azure Enterprise Group,2025-04-26,M365 E5,57.0,12,0.0,684.0,15,100.0,10.0,6,0,0,0,0.321,Medium Risk
MS-12268,SMB (1-50),Healthcare,North America,Commercial Partner Org,2025-07-13,M365 Business Standard,12.5,7,0.0,87.5,12,59.3,11.0,3,0,0,0,0.355,Medium Risk
MS-12269,SMB (1-50),Financial Services,EMEA,Commercial Partner Org,2025-12-07,M365 E3,36.0,9,0.15,275.4,7,90.1,10.0,2,1,1,0,0.044,Low Risk
MS-12270,Enterprise (500+),Manufacturing,North America,Commercial Partner Org,2026-07-30,M365 Business Standard,12.5,2352,0.1,26460.0,1,76.6,13191.7,2,1,1,0,0.016,Low Risk
MS-12271,SMB (1-50),Education,North America,Commercial Partner Org,2026-04-15,M365 E3,36.0,35,0.1,1134.0,3,57.7,22.8,3,1,0,1,0.213,Medium Risk
MS-12272,Mid-Market (51-500),Manufacturing,EMEA,Direct Digital,2026-05-01,M365 E5,57.0,70,0.1,3591.0,3,44.3,823.7,1,1,1,0,0.042,Low Risk
MS-12273,Mid-Market (51-500),Healthcare,EMEA,Satya Nadella Team,2025-09-17,M365 Business Standard,12.5,462,0.0,5775.0,10,49.4,1169.4,1,0,1,0,0.11,Low Risk
MS-12274,Mid-Market (51-500),Technology,LATAM,Direct Digital,2025-12-09,M365 E3,36.0,429,0.0,15444.0,7,88.4,3714.2,5,1,1,0,0.066,Low Risk
MS-12275,SMB (1-50),Financial Services,EMEA,Azure Enterprise Group,2025-01-28,M365 E5,57.0,41,0.0,2337.0,18,99.2,53.5,0,1,1,0,0.017,Low Risk
MS-12276,SMB (1-50),Healthcare,EMEA,Satya Nadella Team,2025-08-18,M365 E5,57.0,24,0.2,1094.4,11,69.6,506.5,2,0,0,0,0.185,Low Risk
MS-12277,SMB (1-50),Retail,EMEA,Satya Nadella Team,2025-11-16,M365 Business Standard,12.5,6,0.0,75.0,8,70.6,109.0,0,0,1,0,0.024,Low Risk
MS-12278,SMB (1-50),Financial Services,EMEA,Direct Digital,2025-09-30,M365 Business Standard,12.5,11,0.15,116.88,10,82.0,64.5,2,1,1,0,0.016,Low Risk
MS-12279,Mid-Market (51-500),Manufacturing,North America,Azure Enterprise Group,2025-08-31,M365 Business Standard,12.5,407,0.0,5087.5,11,69.3,11792.7,0,0,1,0,0.036,Low Risk
MS-12280,SMB (1-50),Healthcare,North America,Azure Enterprise Group,2024-09-06,M365 Business Standard,12.5,46,0.1,517.5,22,87.8,113.4,2,0,1,0,0.031,Low Risk
MS-12281,Mid-Market (51-500),Manufacturing,North America,Satya Nadella Team,2026-02-16,M365 Business Standard,12.5,461,0.0,5762.5,5,73.2,9303.0,1,1,1,0,0.022,Low Risk
MS-12282,SMB (1-50),Manufacturing,EMEA,Commercial Partner Org,2025-04-08,M365 Business Basic,6.0,11,0.0,66.0,15,70.4,104.2,3,1,1,0,0.016,Low Risk
MS-12283,Enterprise (500+),Manufacturing,North America,Azure Enterprise Group,2024-09-12,M365 Business Premium,22.0,1512,0.0,33264.0,22,55.4,7254.9,1,0,1,0,0.079,Low Risk
MS-12284,SMB (1-50),Technology,North America,Direct Digital,2025-09-20,M365 Business Standard,12.5,22,0.1,247.5,10,51.0,23.3,6,1,1,0,0.194,Low Risk
MS-12285,SMB (1-50),Manufacturing,North America,Azure Enterprise Group,2025-12-02,M365 E3,36.0,47,0.0,1692.0,7,11.1,106.0,1,0,1,0,0.136,Low Risk
MS-12286,Enterprise (500+),Retail,LATAM,Satya Nadella Team,2025-04-13,M365 E3,36.0,618,0.0,22248.0,15,90.2,14733.9,3,0,0,0,0.143,Low Risk
MS-12287,SMB (1-50),Retail,North America,Commercial Partner Org,2025-08-02,M365 Business Standard,12.5,23,0.0,287.5,11,65.4,257.7,5,0,1,0,0.147,Low Risk
MS-12288,Enterprise (500+),Financial Services,EMEA,Azure Enterprise Group,2025-02-14,M365 Business Standard,12.5,1743,0.0,21787.5,17,60.8,5660.3,1,1,1,0,0.015,Low Risk
MS-12289,SMB (1-50),Education,North America,Satya Nadella Team,2025-07-13,M365 E3,36.0,8,0.0,288.0,12,32.9,65.7,0,0,1,0,0.121,Low Risk
MS-12290,SMB (1-50),Manufacturing,EMEA,Azure Enterprise Group,2024-12-25,M365 Business Basic,6.0,17,0.1,91.8,19,56.5,23.3,1,1,1,0,0.022,Low Risk
MS-12291,Mid-Market (51-500),Manufacturing,North America,Commercial Partner Org,2026-01-11,M365 Business Basic,6.0,90,0.0,540.0,6,54.1,112.4,1,0,1,0,0.116,Low Risk
MS-12292,Enterprise (500+),Healthcare,North America,Direct Digital,2025-01-26,M365 E3,36.0,1725,0.0,62100.0,18,53.7,49336.6,2,1,0,0,0.108,Low Risk
MS-12293,SMB (1-50),Technology,EMEA,Satya Nadella Team,2024-10-06,M365 Business Basic,6.0,38,0.0,228.0,21,74.0,279.2,0,0,1,0,0.027,Low Risk
MS-12294,Enterprise (500+),Education,North America,Satya Nadella Team,2025-10-12,M365 E3,36.0,2963,0.0,106668.0,9,70.2,15955.4,2,0,1,0,0.03,Low Risk
MS-12295,Mid-Market (51-500),Financial Services,North America,Commercial Partner Org,2025-09-20,M365 E5,57.0,463,0.1,23751.9,10,43.5,16542.1,1,0,1,0,0.109,Low Risk
MS-12296,Mid-Market (51-500),Education,North America,Satya Nadella Team,2025-10-16,M365 Business Standard,12.5,141,0.0,1762.5,9,44.6,861.5,1,1,1,0,0.031,Low Risk
MS-12297,SMB (1-50),Manufacturing,North America,Commercial Partner Org,2025-07-05,M365 E3,36.0,25,0.2,720.0,12,44.6,123.0,3,0,1,0,0.09,Low Risk
MS-12298,SMB (1-50),Healthcare,North America,Satya Nadella Team,2026-06-04,M365 Business Standard,12.5,34,0.1,382.5,1,100.0,130.1,1,1,1,0,0.021,Low Risk
MS-12299,Enterprise (500+),Technology,North America,Commercial Partner Org,2025-04-28,M365 E3,36.0,3041,0.0,109476.0,15,94.9,30381.5,1,0,1,0,0.029,Low Risk
MS-12300,Enterprise (500+),Financial Services,APAC,Azure Enterprise Group,2025-09-02,M365 E3,36.0,2554,0.2,73555.2,10,52.7,25050.9,1,1,1,0,0.02,Low Risk
MS-12301,SMB (1-50),Education,EMEA,Azure Enterprise Group,2025-07-01,M365 Business Basic,6.0,17,0.15,86.7,13,32.4,10.0,1,1,1,0,0.035,Low Risk
MS-12302,SMB (1-50),Financial Services,EMEA,Azure Enterprise Group,2026-05-10,M365 Business Premium,22.0,22,0.0,484.0,2,70.3,280.2,2,0,1,0,0.031,Low Risk
MS-12303,SMB (1-50),Manufacturing,North America,Satya Nadella Team,2025-02-14,M365 Business Premium,22.0,42,0.0,924.0,17,68.8,782.5,3,1,1,0,0.018,Low Risk
MS-12304,Mid-Market (51-500),Financial Services,LATAM,Commercial Partner Org,2026-03-08,M365 Business Basic,6.0,427,0.0,2562.0,4,73.7,4903.8,3,0,1,0,0.032,Low Risk
MS-12305,SMB (1-50),Healthcare,North America,Commercial Partner Org,2025-06-28,M365 E5,57.0,35,0.0,1995.0,13,81.3,856.5,1,0,1,0,0.031,Low Risk
MS-12306,SMB (1-50),Financial Services,North America,Direct Digital,2025-03-24,M365 Business Standard,12.5,39,0.1,438.75,16,76.1,151.4,1,1,1,0,0.018,Low Risk
MS-12307,SMB (1-50),Retail,EMEA,Azure Enterprise Group,2025-03-14,M365 Business Standard,12.5,46,0.0,575.0,16,47.9,117.7,1,1,1,0,0.023,Low Risk
MS-12308,Mid-Market (51-500),Healthcare,North America,Direct Digital,2025-02-18,M365 Business Basic,6.0,381,0.15,1943.1,17,73.3,5463.3,2,0,0,1,0.217,Medium Risk
MS-12309,SMB (1-50),Education,North America,Azure Enterprise Group,2026-05-09,M365 Business Premium,22.0,14,0.0,308.0,2,83.4,35.1,1,0,1,0,0.036,Low Risk
MS-12310,SMB (1-50),Technology,EMEA,Direct Digital,2025-10-07,M365 E3,36.0,13,0.1,421.2,9,55.0,14.9,2,0,1,0,0.107,Low Risk
MS-12311,Mid-Market (51-500),Technology,APAC,Azure Enterprise Group,2024-10-09,M365 Business Premium,22.0,421,0.0,9262.0,21,73.4,513.3,3,1,1,0,0.014,Low Risk
MS-12312,Mid-Market (51-500),Manufacturing,EMEA,Commercial Partner Org,2026-06-08,M365 E3,36.0,461,0.1,14936.4,1,58.0,8091.7,6,0,1,0,0.284,Medium Risk
MS-12313,SMB (1-50),Manufacturing,EMEA,Azure Enterprise Group,2025-05-10,M365 Business Premium,22.0,44,0.1,871.2,14,100.0,15.4,0,0,0,0,0.117,Low Risk
MS-12314,SMB (1-50),Retail,LATAM,Satya Nadella Team,2026-07-14,M365 Business Basic,6.0,28,0.1,151.2,1,44.1,114.8,1,1,1,0,0.047,Low Risk
MS-12315,Mid-Market (51-500),Education,North America,Azure Enterprise Group,2025-06-10,M365 Business Standard,12.5,173,0.1,1946.25,13,88.8,287.2,1,0,1,0,0.034,Low Risk
MS-12316,Mid-Market (51-500),Technology,North America,Azure Enterprise Group,2025-03-26,M365 Business Basic,6.0,208,0.0,1248.0,16,37.9,3509.7,1,0,1,0,0.082,Low Risk
MS-12317,Mid-Market (51-500),Technology,North America,Commercial Partner Org,2026-01-13,M365 Business Basic,6.0,373,0.0,2238.0,6,100.0,3133.9,1,0,1,0,0.036,Low Risk
MS-12318,Enterprise (500+),Technology,North America,Satya Nadella Team,2025-01-21,M365 Business Basic,6.0,833,0.0,4998.0,18,47.5,2299.4,1,0,1,0,0.08,Low Risk
MS-12319,Mid-Market (51-500),Technology,North America,Commercial Partner Org,2024-09-19,M365 E5,57.0,365,0.1,18724.5,22,71.4,6079.2,4,1,0,0,0.037,Low Risk
MS-12320,Mid-Market (51-500),Financial Services,APAC,Direct Digital,2026-03-30,M365 E5,57.0,104,0.0,5928.0,4,38.7,1731.9,1,1,0,0,0.184,Low Risk
MS-12321,SMB (1-50),Education,EMEA,Direct Digital,2026-07-19,M365 Business Basic,6.0,46,0.0,276.0,1,43.7,408.6,3,1,1,0,0.048,Low Risk
MS-12322,SMB (1-50),Healthcare,EMEA,Satya Nadella Team,2024-09-20,M365 Business Standard,12.5,37,0.15,393.12,22,84.2,143.3,2,0,1,0,0.028,Low Risk
MS-12323,SMB (1-50),Healthcare,North America,Direct Digital,2025-11-22,M365 Business Basic,6.0,32,0.0,192.0,8,86.5,338.9,2,0,1,0,0.029,Low Risk
MS-12324,SMB (1-50),Retail,APAC,Satya Nadella Team,2025-04-14,M365 E3,36.0,5,0.0,180.0,15,72.3,162.7,1,0,1,0,0.024,Low Risk
MS-12325,Mid-Market (51-500),Financial Services,LATAM,Azure Enterprise Group,2024-12-10,M365 Business Standard,12.5,159,0.1,1788.75,19,81.3,101.2,2,0,0,0,0.155,Low Risk
MS-12326,SMB (1-50),Technology,APAC,Direct Digital,2025-06-21,M365 Business Premium,22.0,39,0.2,686.4,13,86.8,145.3,0,0,1,0,0.028,Low Risk
MS-12327,Mid-Market (51-500),Technology,North America,Azure Enterprise Group,2026-03-04,M365 Business Standard,12.5,216,0.0,2700.0,4,55.7,869.4,0,1,1,0,0.038,Low Risk
MS-12328,SMB (1-50),Manufacturing,EMEA,Commercial Partner Org,2024-11-04,M365 Business Premium,22.0,10,0.15,187.0,20,42.8,119.9,2,0,1,0,0.102,Low Risk
MS-12329,SMB (1-50),Manufacturing,North America,Direct Digital,2026-01-12,M365 Business Standard,12.5,11,0.0,137.5,6,67.8,139.0,2,0,1,0,0.035,Low Risk
MS-12330,Enterprise (500+),Retail,North America,Commercial Partner Org,2024-11-15,M365 Business Basic,6.0,1531,0.0,9186.0,20,57.6,4245.2,2,1,1,0,0.019,Low Risk
MS-12331,SMB (1-50),Technology,North America,Commercial Partner Org,2026-05-28,M365 Business Basic,6.0,41,0.0,246.0,2,75.0,119.8,2,1,1,0,0.02,Low Risk
MS-12332,SMB (1-50),Retail,EMEA,Satya Nadella Team,2025-01-03,M365 Business Standard,12.5,20,0.1,225.0,18,77.9,632.2,0,1,1,0,0.016,Low Risk
MS-12333,SMB (1-50),Financial Services,EMEA,Commercial Partner Org,2024-09-27,M365 E5,57.0,38,0.2,1732.8,22,55.7,643.8,2,1,0,0,0.173,Low Risk
MS-12334,Enterprise (500+),Healthcare,North America,Satya Nadella Team,2026-05-08,M365 Business Standard,12.5,597,0.0,7462.5,2,80.7,19501.8,2,0,1,0,0.03,Low Risk
MS-12335,SMB (1-50),Technology,North America,Satya Nadella Team,2025-06-03,M365 Business Basic,6.0,39,0.1,210.6,13,79.8,828.3,1,1,1,0,0.018,Low Risk
MS-12336,Mid-Market (51-500),Education,EMEA,Satya Nadella Team,2026-03-26,M365 E5,57.0,333,0.0,18981.0,4,81.0,2055.4,2,0,1,0,0.027,Low Risk
MS-12337,SMB (1-50),Financial Services,North America,Satya Nadella Team,2026-07-12,M365 Business Basic,6.0,27,0.15,137.7,1,60.7,42.1,3,0,0,0,0.196,Low Risk
MS-12338,Mid-Market (51-500),Technology,North America,Satya Nadella Team,2024-11-22,M365 Business Basic,6.0,267,0.0,1602.0,20,82.0,3181.7,4,0,1,0,0.039,Low Risk
MS-12339,SMB (1-50),Education,North America,Azure Enterprise Group,2025-12-30,M365 E3,36.0,39,0.1,1263.6,7,77.4,203.0,0,0,1,0,0.029,Low Risk
MS-12340,Mid-Market (51-500),Manufacturing,APAC,Satya Nadella Team,2025-12-07,M365 Business Premium,22.0,400,0.0,8800.0,7,79.5,2659.7,5,0,1,0,0.091,Low Risk
MS-12341,Mid-Market (51-500),Retail,North America,Direct Digital,2024-09-06,M365 Business Standard,12.5,177,0.2,1770.0,22,98.2,1178.6,2,1,1,0,0.017,Low Risk
MS-12342,Mid-Market (51-500),Manufacturing,North America,Satya Nadella Team,2026-07-08,M365 E3,36.0,241,0.0,8676.0,1,73.9,7973.3,2,1,1,0,0.019,Low Risk
MS-12343,Mid-Market (51-500),Healthcare,North America,Azure Enterprise Group,2025-09-03,M365 Business Premium,22.0,316,0.0,6952.0,10,57.1,270.6,2,0,1,1,0.109,Low Risk
MS-12344,Mid-Market (51-500),Manufacturing,LATAM,Direct Digital,2025-12-15,M365 Business Basic,6.0,437,0.1,2359.8,7,48.0,1125.2,1,1,0,0,0.15,Low Risk
MS-12345,Mid-Market (51-500),Technology,EMEA,Direct Digital,2025-11-23,M365 Business Premium,22.0,110,0.15,2057.0,8,88.3,1236.0,3,0,1,0,0.032,Low Risk
MS-12346,SMB (1-50),Education,EMEA,Azure Enterprise Group,2026-07-21,M365 Business Premium,22.0,13,0.2,228.8,1,74.4,335.7,1,0,1,0,0.025,Low Risk
MS-12347,Mid-Market (51-500),Manufacturing,North America,Direct Digital,2025-09-05,M365 E5,57.0,429,0.0,24453.0,10,98.1,12871.7,2,0,1,0,0.034,Low Risk
MS-12348,SMB (1-50),Technology,EMEA,Azure Enterprise Group,2025-08-06,M365 E5,57.0,16,0.0,912.0,11,31.5,157.1,0,0,1,0,0.098,Low Risk
MS-12349,SMB (1-50),Healthcare,North America,Commercial Partner Org,2026-06-30,M365 Business Standard,12.5,21,0.15,223.12,1,84.4,10.0,1,0,1,0,0.082,Low Risk
MS-12350,SMB (1-50),Education,EMEA,Commercial Partner Org,2025-06-05,M365 Business Premium,22.0,36,0.0,792.0,13,63.3,194.7,3,0,1,0,0.055,Low Risk
MS-12351,SMB (1-50),Manufacturing,APAC,Satya Nadella Team,2025-08-06,M365 Business Basic,6.0,27,0.1,145.8,11,61.6,813.6,1,1,1,0,0.024,Low Risk
MS-12352,SMB (1-50),Retail,EMEA,Satya Nadella Team,2026-05-07,M365 Business Basic,6.0,19,0.0,114.0,2,54.2,158.0,1,0,0,0,0.332,Medium Risk
MS-12353,Mid-Market (51-500),Retail,APAC,Satya Nadella Team,2024-11-19,M365 Business Standard,12.5,222,0.1,2497.5,20,84.2,3454.9,1,1,1,0,0.015,Low Risk
MS-12354,SMB (1-50),Education,EMEA,Satya Nadella Team,2026-04-26,M365 Business Premium,22.0,42,0.0,924.0,3,79.0,158.1,1,0,1,0,0.032,Low Risk
MS-12355,SMB (1-50),Retail,North America,Azure Enterprise Group,2024-11-06,M365 Business Premium,22.0,9,0.1,178.2,20,47.4,10.0,3,0,1,0,0.09,Low Risk
MS-12356,Mid-Market (51-500),Manufacturing,APAC,Commercial Partner Org,2025-04-03,M365 Business Standard,12.5,66,0.1,742.5,15,71.0,684.0,2,1,1,0,0.018,Low Risk
MS-12357,SMB (1-50),Manufacturing,North America,Azure Enterprise Group,2025-10-21,M365 E3,36.0,22,0.1,712.8,9,80.7,475.6,4,0,1,0,0.036,Low Risk
MS-12358,Mid-Market (51-500),Education,EMEA,Direct Digital,2025-01-23,M365 E3,36.0,380,0.1,12312.0,18,71.2,21123.8,1,1,1,0,0.013,Low Risk
MS-12359,Mid-Market (51-500),Manufacturing,North America,Direct Digital,2026-03-06,M365 Business Premium,22.0,418,0.1,8276.4,4,87.9,9404.4,0,0,1,0,0.033,Low Risk
MS-12360,Enterprise (500+),Technology,North America,Direct Digital,2025-06-13,M365 Business Basic,6.0,2536,0.1,13694.4,13,62.8,24571.5,4,0,1,0,0.063,Low Risk
MS-12361,Mid-Market (51-500),Healthcare,North America,Direct Digital,2026-03-25,M365 E3,36.0,226,0.1,7322.4,4,27.4,2544.8,1,0,1,1,0.188,Low Risk
MS-12362,SMB (1-50),Retail,North America,Direct Digital,2026-02-22,M365 E5,57.0,19,0.1,974.7,5,71.4,396.3,4,0,1,0,0.036,Low Risk
MS-12363,SMB (1-50),Technology,EMEA,Commercial Partner Org,2024-10-17,M365 Business Basic,6.0,49,0.15,249.9,21,71.3,11.8,2,0,1,0,0.087,Low Risk
MS-12364,SMB (1-50),Education,EMEA,Azure Enterprise Group,2025-04-25,M365 Business Standard,12.5,24,0.0,300.0,15,73.6,872.4,1,1,1,0,0.015,Low Risk
MS-12365,Enterprise (500+),Retail,North America,Direct Digital,2024-12-26,M365 E5,57.0,1291,0.1,66228.3,19,87.9,11737.1,3,1,1,0,0.011,Low Risk
MS-12366,SMB (1-50),Technology,North America,Satya Nadella Team,2025-01-29,M365 Business Premium,22.0,30,0.2,528.0,18,32.9,1093.6,1,1,1,0,0.022,Low Risk
MS-12367,SMB (1-50),Manufacturing,EMEA,Commercial Partner Org,2024-11-22,M365 Business Standard,12.5,45,0.0,562.5,20,63.7,780.9,3,1,1,0,0.025,Low Risk
MS-12368,SMB (1-50),Education,North America,Satya Nadella Team,2024-10-27,M365 Business Basic,6.0,27,0.1,145.8,21,51.4,53.5,4,0,1,0,0.079,Low Risk
MS-12369,Mid-Market (51-500),Education,EMEA,Commercial Partner Org,2025-09-20,M365 Business Premium,22.0,284,0.0,6248.0,10,46.3,615.6,4,0,0,0,0.313,Medium Risk
MS-12370,SMB (1-50),Retail,EMEA,Commercial Partner Org,2025-04-08,M365 Business Standard,12.5,8,0.0,100.0,15,66.7,41.9,1,0,0,1,0.219,Medium Risk
MS-12371,Enterprise (500+),Manufacturing,APAC,Satya Nadella Team,2025-06-12,M365 Business Basic,6.0,2189,0.0,13134.0,13,80.6,8051.4,1,1,1,0,0.011,Low Risk
MS-12372,SMB (1-50),Retail,EMEA,Satya Nadella Team,2025-11-08,M365 Business Standard,12.5,26,0.15,276.25,8,73.4,180.5,4,0,1,0,0.035,Low Risk
MS-12373,SMB (1-50),Financial Services,North America,Direct Digital,2025-07-17,M365 Business Basic,6.0,7,0.0,42.0,12,55.6,77.8,0,1,1,0,0.078,Low Risk
MS-12374,SMB (1-50),Technology,EMEA,Satya Nadella Team,2026-05-04,M365 Business Premium,22.0,23,0.0,506.0,2,65.4,158.3,2,0,0,1,0.197,Low Risk
MS-12375,Mid-Market (51-500),Financial Services,North America,Azure Enterprise Group,2025-04-30,M365 E5,57.0,374,0.0,21318.0,15,84.7,260.6,1,0,0,0,0.157,Low Risk
MS-12376,Enterprise (500+),Technology,North America,Commercial Partner Org,2025-12-09,M365 Business Standard,12.5,957,0.0,11962.5,7,80.3,42657.0,0,0,1,0,0.025,Low Risk
MS-12377,SMB (1-50),Healthcare,APAC,Commercial Partner Org,2025-03-22,M365 Business Premium,22.0,33,0.1,653.4,16,58.1,219.2,4,1,1,0,0.024,Low Risk
MS-12378,SMB (1-50),Education,North America,Direct Digital,2026-03-03,M365 Business Standard,12.5,41,0.0,512.5,4,56.9,936.9,0,0,1,0,0.112,Low Risk
MS-12379,Mid-Market (51-500),Retail,APAC,Commercial Partner Org,2025-11-19,M365 Business Basic,6.0,294,0.2,1411.2,8,37.1,271.1,2,0,1,0,0.143,Low Risk
MS-12380,SMB (1-50),Healthcare,APAC,Satya Nadella Team,2026-06-02,M365 E5,57.0,42,0.0,2394.0,1,60.3,837.2,2,1,1,0,0.03,Low Risk
MS-12381,SMB (1-50),Healthcare,APAC,Commercial Partner Org,2025-01-13,M365 Business Basic,6.0,28,0.0,168.0,18,36.8,64.0,0,0,1,0,0.09,Low Risk
MS-12382,SMB (1-50),Education,APAC,Commercial Partner Org,2026-03-30,M365 Business Basic,6.0,12,0.0,72.0,4,100.0,163.8,5,0,1,0,0.112,Low Risk
MS-12383,SMB (1-50),Education,North America,Satya Nadella Team,2026-02-23,M365 Business Standard,12.5,38,0.2,380.0,5,52.6,494.4,2,1,1,0,0.031,Low Risk
MS-12384,SMB (1-50),Technology,North America,Satya Nadella Team,2025-12-31,M365 Business Premium,22.0,30,0.0,660.0,7,88.0,866.1,3,1,1,0,0.02,Low Risk
MS-12385,SMB (1-50),Financial Services,EMEA,Commercial Partner Org,2026-03-26,M365 Business Standard,12.5,32,0.1,360.0,4,100.0,148.5,3,1,1,0,0.019,Low Risk
MS-12386,SMB (1-50),Manufacturing,North America,Azure Enterprise Group,2025-12-30,M365 Business Basic,6.0,32,0.1,172.8,7,71.9,44.3,2,1,1,0,0.017,Low Risk
MS-12387,Mid-Market (51-500),Technology,EMEA,Satya Nadella Team,2026-03-20,M365 E3,36.0,175,0.0,6300.0,4,66.2,4198.5,3,1,1,0,0.022,Low Risk
MS-12388,SMB (1-50),Manufacturing,EMEA,Azure Enterprise Group,2026-06-23,M365 Business Standard,12.5,7,0.0,87.5,1,44.2,33.8,4,1,1,0,0.073,Low Risk
MS-12389,Mid-Market (51-500),Healthcare,EMEA,Azure Enterprise Group,2025-10-10,M365 Business Basic,6.0,301,0.0,1806.0,9,58.9,956.0,1,1,1,0,0.028,Low Risk
MS-12390,SMB (1-50),Manufacturing,North America,Direct Digital,2026-03-24,M365 Business Standard,12.5,42,0.1,472.5,4,96.9,335.6,2,0,1,0,0.033,Low Risk
MS-12391,Mid-Market (51-500),Financial Services,North America,Azure Enterprise Group,2025-11-07,M365 Business Basic,6.0,485,0.0,2910.0,8,74.3,919.5,1,1,1,0,0.018,Low Risk
MS-12392,SMB (1-50),Technology,North America,Direct Digital,2026-03-02,M365 Business Standard,12.5,22,0.0,275.0,5,68.5,93.0,2,1,1,0,0.017,Low Risk
MS-12393,Mid-Market (51-500),Education,North America,Azure Enterprise Group,2026-06-19,M365 Business Premium,22.0,276,0.1,5464.8,1,91.6,1611.6,1,1,0,0,0.054,Low Risk
MS-12394,SMB (1-50),Financial Services,APAC,Direct Digital,2025-05-08,M365 E3,36.0,35,0.2,1008.0,14,80.5,136.4,3,0,1,0,0.028,Low Risk
MS-12395,Enterprise (500+),Financial Services,North America,Satya Nadella Team,2024-11-19,M365 Business Basic,6.0,871,0.1,4703.4,20,65.3,6253.5,1,0,1,0,0.033,Low Risk
MS-12396,SMB (1-50),Technology,North America,Commercial Partner Org,2024-09-15,M365 Business Basic,6.0,9,0.0,54.0,22,71.9,52.4,3,0,1,0,0.027,Low Risk
MS-12397,SMB (1-50),Education,North America,Commercial Partner Org,2024-10-10,M365 Business Basic,6.0,48,0.0,288.0,21,54.2,858.1,0,0,1,0,0.069,Low Risk
MS-12398,Enterprise (500+),Financial Services,EMEA,Direct Digital,2024-11-20,M365 Business Basic,6.0,598,0.0,3588.0,20,57.9,17983.3,3,1,1,0,0.026,Low Risk
MS-12399,Mid-Market (51-500),Education,EMEA,Satya Nadella Team,2026-01-23,M365 Business Basic,6.0,245,0.0,1470.0,6,64.3,312.8,2,0,1,0,0.04,Low Risk
MS-12400,SMB (1-50),Retail,North America,Direct Digital,2025-07-04,M365 Business Standard,12.5,47,0.0,587.5,12,78.0,977.6,2,1,1,0,0.02,Low Risk
MS-12401,Enterprise (500+),Retail,North America,Direct Digital,2025-10-02,M365 Business Basic,6.0,2449,0.1,13224.6,9,45.5,50000.0,1,0,1,0,0.105,Low Risk
MS-12402,SMB (1-50),Retail,North America,Satya Nadella Team,2026-07-10,M365 Business Premium,22.0,18,0.1,356.4,1,69.4,250.6,3,1,1,0,0.018,Low Risk
MS-12403,SMB (1-50),Manufacturing,North America,Azure Enterprise Group,2025-03-23,M365 Business Standard,12.5,48,0.15,510.0,16,61.0,3244.2,1,0,1,0,0.068,Low Risk
MS-12404,Enterprise (500+),Financial Services,EMEA,Azure Enterprise Group,2025-03-30,M365 Business Basic,6.0,3438,0.0,20628.0,16,51.8,16833.8,3,1,1,0,0.05,Low Risk
MS-12405,SMB (1-50),Technology,EMEA,Satya Nadella Team,2025-10-04,M365 Business Standard,12.5,11,0.0,137.5,9,61.1,234.1,0,0,1,0,0.119,Low Risk
MS-12406,Enterprise (500+),Technology,North America,Direct Digital,2025-09-08,M365 Business Basic,6.0,2956,0.0,17736.0,10,26.2,39726.7,3,1,1,0,0.021,Low Risk
MS-12407,SMB (1-50),Manufacturing,North America,Commercial Partner Org,2025-09-24,M365 Business Premium,22.0,37,0.15,691.9,10,54.4,173.5,3,0,1,0,0.111,Low Risk
MS-12408,Mid-Market (51-500),Technology,LATAM,Direct Digital,2025-05-16,M365 Business Standard,12.5,88,0.1,990.0,14,48.2,1288.0,0,1,1,0,0.021,Low Risk
MS-12409,Mid-Market (51-500),Retail,EMEA,Azure Enterprise Group,2024-12-24,M365 Business Basic,6.0,320,0.0,1920.0,19,63.0,2736.3,1,0,1,0,0.065,Low Risk
MS-12410,Enterprise (500+),Financial Services,EMEA,Satya Nadella Team,2025-07-31,M365 Business Standard,12.5,3246,0.0,40575.0,12,27.0,8158.7,0,1,1,0,0.018,Low Risk
MS-12411,Mid-Market (51-500),Technology,North America,Satya Nadella Team,2025-08-15,M365 Business Basic,6.0,161,0.0,966.0,11,71.4,369.0,1,0,1,0,0.031,Low Risk
MS-12412,SMB (1-50),Technology,EMEA,Satya Nadella Team,2025-04-21,M365 E3,36.0,13,0.2,374.4,15,84.4,194.9,3,0,1,0,0.026,Low Risk
MS-12413,Mid-Market (51-500),Healthcare,North America,Azure Enterprise Group,2026-01-22,M365 E5,57.0,460,0.0,26220.0,6,65.9,6869.9,4,0,0,0,0.146,Low Risk
MS-12414,SMB (1-50),Healthcare,EMEA,Direct Digital,2025-11-23,M365 Business Basic,6.0,13,0.0,78.0,8,77.0,118.0,2,0,0,0,0.176,Low Risk
MS-12415,Mid-Market (51-500),Healthcare,LATAM,Satya Nadella Team,2024-11-16,M365 Business Premium,22.0,104,0.0,2288.0,20,58.8,868.6,0,0,1,0,0.069,Low Risk
MS-12416,Enterprise (500+),Financial Services,North America,Commercial Partner Org,2026-05-01,M365 Business Standard,12.5,1309,0.0,16362.5,3,40.0,3118.0,3,1,1,0,0.033,Low Risk
MS-12417,SMB (1-50),Retail,North America,Satya Nadella Team,2024-12-07,M365 Business Basic,6.0,31,0.2,148.8,19,68.0,208.6,1,1,1,0,0.02,Low Risk
MS-12418,Mid-Market (51-500),Education,North America,Direct Digital,2026-03-22,M365 Business Basic,6.0,325,0.0,1950.0,4,80.2,7999.0,2,0,1,0,0.046,Low Risk
MS-12419,SMB (1-50),Retail,North America,Azure Enterprise Group,2026-05-23,M365 E3,36.0,30,0.0,1080.0,2,44.2,694.5,2,0,1,0,0.148,Low Risk
MS-12420,SMB (1-50),Retail,North America,Commercial Partner Org,2025-12-06,M365 Business Standard,12.5,14,0.0,175.0,7,59.6,181.7,2,1,1,0,0.038,Low Risk
MS-12421,SMB (1-50),Financial Services,North America,Commercial Partner Org,2026-01-13,M365 E5,57.0,21,0.0,1197.0,6,63.6,1495.8,0,0,1,0,0.117,Low Risk
MS-12422,Mid-Market (51-500),Financial Services,APAC,Satya Nadella Team,2026-05-24,M365 Business Standard,12.5,437,0.1,4916.25,2,100.0,11728.7,1,1,1,0,0.021,Low Risk
MS-12423,SMB (1-50),Healthcare,EMEA,Direct Digital,2024-10-08,M365 Business Basic,6.0,28,0.0,168.0,21,72.0,52.7,1,1,1,0,0.014,Low Risk
MS-12424,Mid-Market (51-500),Technology,North America,Satya Nadella Team,2026-07-29,M365 E3,36.0,382,0.1,12376.8,1,33.7,2335.0,1,0,1,0,0.144,Low Risk
MS-12425,SMB (1-50),Manufacturing,APAC,Commercial Partner Org,2025-08-24,M365 E5,57.0,12,0.1,615.6,11,29.2,20.4,1,0,0,0,0.44,Medium Risk
MS-12426,Mid-Market (51-500),Manufacturing,North America,Satya Nadella Team,2025-04-30,M365 E3,36.0,232,0.0,8352.0,15,81.1,1747.0,4,0,1,0,0.036,Low Risk
MS-12427,SMB (1-50),Education,LATAM,Direct Digital,2024-10-21,M365 Business Premium,22.0,30,0.1,594.0,21,100.0,539.2,2,1,0,0,0.129,Low Risk
MS-12428,Mid-Market (51-500),Technology,North America,Azure Enterprise Group,2025-10-30,M365 Business Standard,12.5,479,0.0,5987.5,9,62.9,973.4,2,0,1,0,0.065,Low Risk
MS-12429,SMB (1-50),Education,APAC,Commercial Partner Org,2025-01-05,M365 Business Basic,6.0,31,0.0,186.0,18,61.9,790.0,3,0,1,0,0.059,Low Risk
MS-12430,Mid-Market (51-500),Healthcare,EMEA,Direct Digital,2024-12-12,M365 Business Basic,6.0,282,0.0,1692.0,19,75.8,2848.6,2,0,1,0,0.029,Low Risk
MS-12431,SMB (1-50),Education,APAC,Satya Nadella Team,2025-12-21,M365 Business Standard,12.5,32,0.0,400.0,7,53.6,530.7,4,1,1,0,0.036,Low Risk
MS-12432,Mid-Market (51-500),Technology,LATAM,Commercial Partner Org,2025-04-17,M365 E5,57.0,405,0.0,23085.0,15,22.2,224.6,4,0,1,0,0.079,Low Risk
MS-12433,SMB (1-50),Technology,North America,Satya Nadella Team,2025-11-10,M365 Business Premium,22.0,43,0.0,946.0,8,86.7,50.8,0,1,1,1,0.036,Low Risk
MS-12434,Mid-Market (51-500),Manufacturing,LATAM,Satya Nadella Team,2025-09-20,M365 E3,36.0,458,0.1,14839.2,10,57.0,5330.3,2,0,1,1,0.139,Low Risk
MS-12435,SMB (1-50),Healthcare,North America,Azure Enterprise Group,2024-11-24,M365 Business Standard,12.5,13,0.0,162.5,20,86.9,284.1,2,0,1,0,0.025,Low Risk
MS-12436,Mid-Market (51-500),Financial Services,North America,Satya Nadella Team,2025-08-25,M365 Business Premium,22.0,196,0.1,3880.8,11,54.3,4869.6,1,0,1,0,0.089,Low Risk
MS-12437,SMB (1-50),Education,North America,Satya Nadella Team,2024-09-27,M365 E3,36.0,27,0.15,826.2,22,70.2,377.8,0,0,1,0,0.026,Low Risk
MS-12438,SMB (1-50),Manufacturing,EMEA,Direct Digital,2024-11-11,M365 Business Standard,12.5,37,0.0,462.5,20,83.4,99.6,0,1,1,0,0.021,Low Risk
MS-12439,SMB (1-50),Education,North America,Satya Nadella Team,2024-12-04,M365 Business Standard,12.5,23,0.0,287.5,19,87.3,59.9,3,0,1,0,0.027,Low Risk
MS-12440,SMB (1-50),Education,EMEA,Azure Enterprise Group,2026-04-11,M365 Business Premium,22.0,17,0.0,374.0,3,72.2,434.9,0,0,1,0,0.029,Low Risk
MS-12441,SMB (1-50),Financial Services,EMEA,Satya Nadella Team,2025-10-31,M365 Business Premium,22.0,18,0.0,396.0,9,71.3,26.0,1,0,0,0,0.162,Low Risk
MS-12442,Enterprise (500+),Healthcare,APAC,Satya Nadella Team,2024-09-06,M365 E5,57.0,2010,0.1,103113.0,22,79.2,27945.1,2,1,1,0,0.01,Low Risk
MS-12443,Enterprise (500+),Technology,APAC,Satya Nadella Team,2024-11-29,M365 Business Standard,12.5,3312,0.0,41400.0,20,76.4,30305.3,2,0,1,0,0.055,Low Risk
MS-12444,Mid-Market (51-500),Retail,North America,Commercial Partner Org,2026-04-15,M365 Business Basic,6.0,157,0.0,942.0,3,44.8,1030.9,1,0,1,1,0.146,Low Risk
MS-12445,SMB (1-50),Education,North America,Azure Enterprise Group,2025-04-10,M365 Business Standard,12.5,37,0.1,416.25,15,45.1,257.7,2,1,1,0,0.023,Low Risk
MS-12446,SMB (1-50),Retail,North America,Commercial Partner Org,2026-04-18,M365 Business Basic,6.0,9,0.1,48.6,3,30.0,313.7,0,0,1,0,0.172,Low Risk
MS-12447,Mid-Market (51-500),Healthcare,North America,Azure Enterprise Group,2026-04-17,M365 Business Premium,22.0,387,0.0,8514.0,3,81.8,9178.7,1,0,1,0,0.031,Low Risk
MS-12448,SMB (1-50),Retail,North America,Azure Enterprise Group,2025-01-30,M365 Business Basic,6.0,18,0.0,108.0,18,60.9,432.5,1,0,1,0,0.068,Low Risk
MS-12449,Enterprise (500+),Education,North America,Direct Digital,2026-03-11,M365 E5,57.0,1701,0.0,96957.0,4,82.8,10653.4,5,1,1,0,0.071,Low Risk
MS-12450,SMB (1-50),Financial Services,North America,Commercial Partner Org,2025-03-31,M365 E3,36.0,30,0.0,1080.0,16,75.3,40.7,2,0,1,0,0.028,Low Risk
MS-12451,Enterprise (500+),Retail,LATAM,Azure Enterprise Group,2026-04-06,M365 Business Basic,6.0,1635,0.0,9810.0,3,50.0,50000.0,2,1,1,0,0.037,Low Risk
MS-12452,SMB (1-50),Healthcare,EMEA,Azure Enterprise Group,2025-05-21,M365 Business Basic,6.0,34,0.1,183.6,14,65.8,64.1,4,0,0,0,0.196,Low Risk
MS-12453,Mid-Market (51-500),Healthcare,North America,Direct Digital,2025-09-17,M365 Business Standard,12.5,118,0.1,1327.5,10,59.8,1026.3,2,0,0,0,0.287,Medium Risk
MS-12454,SMB (1-50),Financial Services,EMEA,Commercial Partner Org,2026-03-24,M365 E3,36.0,30,0.1,972.0,4,57.0,110.7,0,1,1,0,0.035,Low Risk
MS-12455,Enterprise (500+),Retail,North America,Satya Nadella Team,2024-10-27,M365 Business Basic,6.0,3213,0.1,17350.2,21,84.5,27562.4,1,1,1,0,0.014,Low Risk
MS-12456,SMB (1-50),Retail,North America,Direct Digital,2025-10-31,M365 Business Basic,6.0,49,0.0,294.0,9,100.0,213.9,1,1,1,0,0.023,Low Risk
MS-12457,Mid-Market (51-500),Technology,EMEA,Azure Enterprise Group,2026-05-16,M365 Business Standard,12.5,235,0.0,2937.5,2,88.1,6406.8,1,0,1,0,0.034,Low Risk
MS-12458,Mid-Market (51-500),Manufacturing,EMEA,Commercial Partner Org,2025-01-20,M365 Business Premium,22.0,339,0.0,7458.0,18,67.5,14045.8,0,1,1,0,0.02,Low Risk
MS-12459,SMB (1-50),Healthcare,North America,Azure Enterprise Group,2026-03-22,M365 Business Basic,6.0,28,0.15,142.8,4,90.7,177.3,2,0,1,0,0.029,Low Risk
MS-12460,SMB (1-50),Technology,LATAM,Direct Digital,2026-02-06,M365 Business Premium,22.0,8,0.1,158.4,5,98.8,10.0,2,0,1,0,0.065,Low Risk
MS-12461,SMB (1-50),Healthcare,APAC,Direct Digital,2024-09-15,M365 E5,57.0,45,0.0,2565.0,22,42.9,587.9,2,0,1,0,0.087,Low Risk
MS-12462,SMB (1-50),Technology,EMEA,Commercial Partner Org,2024-09-08,M365 Business Basic,6.0,7,0.0,42.0,22,90.0,39.7,1,1,1,0,0.016,Low Risk
MS-12463,SMB (1-50),Manufacturing,EMEA,Direct Digital,2025-04-19,M365 Business Standard,12.5,47,0.1,528.75,15,81.9,2406.3,4,1,1,1,0.074,Low Risk
MS-12464,SMB (1-50),Technology,EMEA,Direct Digital,2025-03-05,M365 Business Basic,6.0,34,0.1,183.6,16,89.4,38.2,2,1,1,0,0.019,Low Risk
MS-12465,SMB (1-50),Healthcare,North America,Satya Nadella Team,2024-10-23,M365 Business Basic,6.0,20,0.1,108.0,21,82.6,30.4,6,0,0,0,0.238,Medium Risk
MS-12466,Mid-Market (51-500),Retail,North America,Azure Enterprise Group,2025-01-15,M365 Business Basic,6.0,400,0.0,2400.0,18,63.9,5769.8,2,0,1,0,0.039,Low Risk
MS-12467,Mid-Market (51-500),Healthcare,North America,Satya Nadella Team,2025-02-21,M365 Business Standard,12.5,110,0.0,1375.0,17,100.0,1876.4,1,0,1,0,0.035,Low Risk
MS-12468,SMB (1-50),Education,EMEA,Satya Nadella Team,2025-04-07,M365 E3,36.0,26,0.0,936.0,15,74.1,198.7,0,1,1,0,0.015,Low Risk
MS-12469,Enterprise (500+),Financial Services,EMEA,Commercial Partner Org,2025-05-21,M365 Business Premium,22.0,1846,0.15,34520.2,14,60.2,7193.0,0,1,1,0,0.016,Low Risk
MS-12470,Enterprise (500+),Financial Services,North America,Direct Digital,2025-05-13,M365 Business Basic,6.0,1337,0.2,6417.6,14,77.1,5948.9,3,0,0,0,0.135,Low Risk
MS-12471,Mid-Market (51-500),Education,LATAM,Azure Enterprise Group,2025-05-28,M365 Business Basic,6.0,469,0.0,2814.0,14,85.5,2321.3,1,1,1,0,0.015,Low Risk
MS-12472,SMB (1-50),Financial Services,APAC,Azure Enterprise Group,2026-04-10,M365 Business Premium,22.0,45,0.1,891.0,3,69.7,137.8,2,1,1,0,0.023,Low Risk
MS-12473,SMB (1-50),Financial Services,EMEA,Azure Enterprise Group,2025-04-12,M365 Business Basic,6.0,45,0.0,270.0,15,75.1,1026.8,2,1,1,0,0.022,Low Risk
MS-12474,Mid-Market (51-500),Manufacturing,EMEA,Direct Digital,2026-04-27,M365 Business Standard,12.5,330,0.0,4125.0,3,69.6,266.5,1,0,1,0,0.029,Low Risk
MS-12475,Mid-Market (51-500),Retail,APAC,Azure Enterprise Group,2025-01-12,M365 Business Standard,12.5,249,0.0,3112.5,18,56.1,1562.8,1,0,0,0,0.246,Medium Risk
MS-12476,SMB (1-50),Retail,North America,Azure Enterprise Group,2025-02-10,M365 E5,57.0,48,0.1,2462.4,17,53.2,793.0,4,1,0,0,0.135,Low Risk
MS-12477,Mid-Market (51-500),Healthcare,APAC,Direct Digital,2024-11-12,M365 Business Basic,6.0,233,0.0,1398.0,20,42.7,10.7,3,0,1,0,0.106,Low Risk
MS-12478,SMB (1-50),Education,North America,Commercial Partner Org,2026-02-25,M365 Business Premium,22.0,27,0.1,534.6,5,95.3,681.7,0,0,0,0,0.126,Low Risk
MS-12479,SMB (1-50),Technology,APAC,Azure Enterprise Group,2026-05-24,M365 Business Basic,6.0,12,0.0,72.0,2,64.0,176.4,5,0,1,0,0.148,Low Risk
MS-12480,Mid-Market (51-500),Healthcare,North America,Direct Digital,2025-12-28,M365 Business Premium,22.0,321,0.15,6002.7,7,6.3,293.5,5,0,1,0,0.246,Medium Risk
MS-12481,Mid-Market (51-500),Healthcare,APAC,Satya Nadella Team,2026-07-03,M365 Business Premium,22.0,55,0.15,1028.5,1,75.1,1487.5,0,0,1,0,0.03,Low Risk
MS-12482,SMB (1-50),Healthcare,LATAM,Direct Digital,2025-05-13,M365 E3,36.0,42,0.15,1285.2,14,74.8,336.7,2,0,1,0,0.029,Low Risk
MS-12483,Mid-Market (51-500),Healthcare,North America,Satya Nadella Team,2026-05-11,M365 Business Standard,12.5,438,0.0,5475.0,2,34.4,5551.6,1,0,1,0,0.142,Low Risk
MS-12484,Enterprise (500+),Retail,EMEA,Direct Digital,2025-03-17,M365 Business Standard,12.5,2677,0.1,30116.25,16,53.0,50000.0,2,0,1,0,0.072,Low Risk
MS-12485,Mid-Market (51-500),Technology,LATAM,Azure Enterprise Group,2025-11-01,M365 Business Basic,6.0,103,0.1,556.2,8,52.2,2632.7,3,0,1,0,0.117,Low Risk
MS-12486,Mid-Market (51-500),Healthcare,EMEA,Commercial Partner Org,2026-01-06,M365 Business Basic,6.0,268,0.0,1608.0,6,54.6,1690.0,2,0,1,0,0.118,Low Risk
MS-12487,SMB (1-50),Retail,APAC,Commercial Partner Org,2026-05-25,M365 Business Standard,12.5,9,0.0,112.5,2,89.8,29.3,4,0,1,0,0.054,Low Risk
MS-12488,SMB (1-50),Healthcare,EMEA,Azure Enterprise Group,2024-11-21,M365 E3,36.0,24,0.2,691.2,20,65.3,85.7,1,1,1,0,0.017,Low Risk
MS-12489,SMB (1-50),Financial Services,North America,Satya Nadella Team,2025-07-05,M365 Business Standard,12.5,16,0.1,180.0,12,60.3,278.8,0,0,1,0,0.072,Low Risk
MS-12490,Mid-Market (51-500),Healthcare,North America,Direct Digital,2026-07-31,M365 Business Premium,22.0,264,0.0,5808.0,1,88.2,8398.9,0,0,1,0,0.033,Low Risk
MS-12491,Mid-Market (51-500),Education,North America,Azure Enterprise Group,2025-09-09,M365 Business Standard,12.5,154,0.0,1925.0,10,76.9,138.5,1,0,1,0,0.03,Low Risk
MS-12492,SMB (1-50),Education,APAC,Direct Digital,2026-03-18,M365 Business Standard,12.5,41,0.0,512.5,4,36.7,10.0,4,0,1,0,0.191,Low Risk
MS-12493,SMB (1-50),Healthcare,North America,Azure Enterprise Group,2025-12-03,M365 Business Standard,12.5,42,0.0,525.0,7,56.9,872.5,2,1,1,0,0.033,Low Risk
MS-12494,SMB (1-50),Manufacturing,EMEA,Azure Enterprise Group,2026-01-14,M365 Business Basic,6.0,40,0.2,192.0,6,73.8,234.6,2,0,1,0,0.025,Low Risk
MS-12495,SMB (1-50),Financial Services,EMEA,Direct Digital,2025-08-23,M365 Business Standard,12.5,33,0.0,412.5,11,51.2,128.1,3,1,1,0,0.025,Low Risk
MS-12496,Enterprise (500+),Technology,EMEA,Commercial Partner Org,2025-06-23,M365 E3,36.0,3108,0.0,111888.0,13,100.0,7784.3,4,1,1,0,0.037,Low Risk
MS-12497,Mid-Market (51-500),Healthcare,APAC,Commercial Partner Org,2026-04-03,M365 Business Standard,12.5,239,0.0,2987.5,3,70.0,1220.0,1,0,1,0,0.029,Low Risk
MS-12498,SMB (1-50),Technology,LATAM,Satya Nadella Team,2025-06-27,M365 Business Premium,22.0,25,0.15,467.5,13,54.4,1067.0,0,1,1,0,0.024,Low Risk
MS-12499,Mid-Market (51-500),Financial Services,North America,Direct Digital,2026-06-08,M365 E3,36.0,374,0.2,10771.2,1,47.8,16945.5,3,0,1,1,0.191,Low Risk
MS-12500,Mid-Market (51-500),Healthcare,APAC,Satya Nadella Team,2025-08-09,M365 Business Standard,12.5,361,0.0,4512.5,11,84.7,1744.7,1,0,1,0,0.028,Low Risk
MS-12501,Mid-Market (51-500),Manufacturing,APAC,Azure Enterprise Group,2024-12-29,M365 E3,36.0,149,0.1,4827.6,19,56.3,5928.4,4,1,1,0,0.037,Low Risk
MS-12502,SMB (1-50),Retail,EMEA,Satya Nadella Team,2026-03-23,M365 Business Standard,12.5,24,0.2,240.0,4,74.8,102.7,0,1,1,0,0.015,Low Risk
MS-12503,SMB (1-50),Manufacturing,LATAM,Azure Enterprise Group,2025-03-05,M365 Business Standard,12.5,40,0.0,500.0,16,47.3,925.2,3,0,1,0,0.074,Low Risk
MS-12504,SMB (1-50),Manufacturing,North America,Direct Digital,2026-04-07,M365 Business Basic,6.0,17,0.0,102.0,3,69.3,48.6,2,1,0,0,0.074,Low Risk
MS-12505,Mid-Market (51-500),Retail,North America,Direct Digital,2025-02-05,M365 Business Basic,6.0,306,0.0,1836.0,17,56.6,6431.5,3,0,1,0,0.08,Low Risk
MS-12506,Mid-Market (51-500),Retail,APAC,Direct Digital,2025-04-16,M365 Business Premium,22.0,281,0.0,6182.0,15,62.3,1472.0,1,1,1,0,0.014,Low Risk
MS-12507,Mid-Market (51-500),Education,North America,Direct Digital,2025-07-05,M365 E3,36.0,220,0.0,7920.0,12,53.7,575.0,3,0,1,0,0.095,Low Risk
MS-12508,SMB (1-50),Retail,APAC,Satya Nadella Team,2025-04-22,M365 Business Basic,6.0,23,0.1,124.2,15,86.5,753.5,2,1,0,0,0.04,Low Risk
MS-12509,SMB (1-50),Healthcare,APAC,Azure Enterprise Group,2024-09-11,M365 Business Basic,6.0,27,0.2,129.6,22,59.2,78.1,2,0,1,0,0.066,Low Risk
MS-12510,SMB (1-50),Technology,North America,Commercial Partner Org,2025-02-22,M365 Business Standard,12.5,35,0.1,393.75,17,65.4,2019.3,1,0,1,0,0.038,Low Risk
MS-12511,Enterprise (500+),Education,APAC,Direct Digital,2026-06-05,M365 Business Premium,22.0,797,0.0,17534.0,1,66.3,1099.2,1,0,1,0,0.034,Low Risk
MS-12512,SMB (1-50),Education,North America,Direct Digital,2024-09-02,M365 Business Standard,12.5,41,0.0,512.5,22,97.0,10.0,1,0,1,0,0.064,Low Risk
MS-12513,SMB (1-50),Technology,EMEA,Azure Enterprise Group,2025-03-01,M365 Business Standard,12.5,7,0.0,87.5,17,84.0,171.9,1,1,1,0,0.016,Low Risk
MS-12514,Enterprise (500+),Education,EMEA,Commercial Partner Org,2025-08-16,M365 Business Premium,22.0,2757,0.0,60654.0,11,82.2,29224.8,1,1,1,0,0.01,Low Risk
MS-12515,Mid-Market (51-500),Retail,APAC,Direct Digital,2026-06-01,M365 Business Standard,12.5,149,0.0,1862.5,2,39.6,979.0,1,1,1,0,0.041,Low Risk
MS-12516,Mid-Market (51-500),Manufacturing,North America,Commercial Partner Org,2025-09-17,M365 E5,57.0,270,0.0,15390.0,10,56.2,277.1,1,0,1,0,0.104,Low Risk
MS-12517,SMB (1-50),Financial Services,EMEA,Direct Digital,2025-06-24,M365 Business Standard,12.5,19,0.0,237.5,13,89.4,195.0,2,0,1,0,0.028,Low Risk
MS-12518,Mid-Market (51-500),Retail,EMEA,Satya Nadella Team,2025-03-16,M365 E5,57.0,294,0.0,16758.0,16,46.9,1765.5,2,0,1,0,0.077,Low Risk
MS-12519,SMB (1-50),Manufacturing,EMEA,Satya Nadella Team,2025-06-13,M365 Business Basic,6.0,7,0.0,42.0,13,69.5,55.5,0,0,1,0,0.024,Low Risk
MS-12520,Mid-Market (51-500),Manufacturing,EMEA,Commercial Partner Org,2026-03-10,M365 Business Basic,6.0,491,0.1,2651.4,4,48.8,5864.4,1,0,1,1,0.13,Low Risk
MS-12521,SMB (1-50),Education,North America,Azure Enterprise Group,2026-02-04,M365 E3,36.0,20,0.1,648.0,5,50.6,245.2,1,0,1,0,0.117,Low Risk
MS-12522,SMB (1-50),Healthcare,North America,Azure Enterprise Group,2025-04-13,M365 Business Premium,22.0,49,0.1,970.2,15,98.3,1901.6,0,0,0,0,0.146,Low Risk
MS-12523,Mid-Market (51-500),Healthcare,North America,Satya Nadella Team,2025-06-13,M365 E3,36.0,200,0.0,7200.0,13,80.9,2554.5,3,0,0,0,0.153,Low Risk
MS-12524,Mid-Market (51-500),Education,APAC,Azure Enterprise Group,2025-07-28,M365 Business Standard,12.5,417,0.0,5212.5,12,85.7,2074.7,1,1,1,0,0.014,Low Risk
MS-12525,Mid-Market (51-500),Education,North America,Azure Enterprise Group,2026-03-15,M365 E5,57.0,205,0.0,11685.0,4,82.1,983.8,4,1,1,0,0.021,Low Risk
MS-12526,SMB (1-50),Technology,North America,Azure Enterprise Group,2025-02-10,M365 Business Basic,6.0,43,0.0,258.0,17,65.5,334.6,4,0,1,1,0.06,Low Risk
MS-12527,SMB (1-50),Technology,LATAM,Commercial Partner Org,2025-03-12,M365 Business Basic,6.0,37,0.0,222.0,16,55.6,133.3,2,0,1,0,0.072,Low Risk
MS-12528,Mid-Market (51-500),Financial Services,North America,Commercial Partner Org,2025-01-23,M365 Business Standard,12.5,163,0.0,2037.5,18,60.8,923.8,4,1,1,0,0.023,Low Risk
MS-12529,Mid-Market (51-500),Financial Services,LATAM,Azure Enterprise Group,2026-07-03,M365 E3,36.0,483,0.1,15649.2,1,64.5,10698.7,1,0,1,0,0.039,Low Risk
MS-12530,Enterprise (500+),Financial Services,EMEA,Satya Nadella Team,2026-07-24,M365 Business Premium,22.0,2162,0.1,42807.6,1,100.0,50000.0,4,0,0,0,0.079,Low Risk
MS-12531,Mid-Market (51-500),Financial Services,APAC,Azure Enterprise Group,2026-02-20,M365 Business Standard,12.5,74,0.0,925.0,5,43.9,877.6,0,1,1,1,0.052,Low Risk
MS-12532,SMB (1-50),Manufacturing,North America,Direct Digital,2026-05-05,M365 Business Standard,12.5,24,0.0,300.0,2,58.0,251.8,3,0,0,0,0.291,Medium Risk
MS-12533,Enterprise (500+),Manufacturing,North America,Satya Nadella Team,2026-05-16,M365 Business Basic,6.0,1649,0.0,9894.0,2,51.6,11022.8,2,0,0,0,0.334,Medium Risk
MS-12534,SMB (1-50),Technology,EMEA,Commercial Partner Org,2025-05-28,M365 Business Standard,12.5,32,0.0,400.0,14,87.0,388.0,2,1,1,0,0.019,Low Risk
MS-12535,SMB (1-50),Healthcare,APAC,Direct Digital,2024-10-21,M365 Business Standard,12.5,19,0.0,237.5,21,100.0,374.0,2,0,1,0,0.03,Low Risk
MS-12536,SMB (1-50),Education,EMEA,Azure Enterprise Group,2026-02-09,M365 Business Premium,22.0,42,0.0,924.0,5,73.6,674.8,2,0,1,0,0.033,Low Risk
MS-12537,SMB (1-50),Healthcare,North America,Azure Enterprise Group,2025-01-06,M365 Business Premium,22.0,17,0.1,336.6,18,75.0,10.0,1,0,1,0,0.071,Low Risk
MS-12538,Mid-Market (51-500),Retail,APAC,Satya Nadella Team,2026-06-14,M365 E5,57.0,104,0.15,5038.8,1,69.6,1639.3,1,0,1,0,0.03,Low Risk
MS-12539,Mid-Market (51-500),Manufacturing,APAC,Satya Nadella Team,2024-10-16,M365 Business Basic,6.0,387,0.0,2322.0,21,75.9,5910.8,0,1,1,0,0.017,Low Risk
MS-12540,Mid-Market (51-500),Financial Services,EMEA,Azure Enterprise Group,2025-04-22,M365 Business Standard,12.5,158,0.0,1975.0,15,81.9,197.6,2,0,1,0,0.031,Low Risk
MS-12541,SMB (1-50),Financial Services,APAC,Azure Enterprise Group,2025-11-22,M365 Business Standard,12.5,46,0.1,517.5,8,75.7,89.9,2,1,0,0,0.049,Low Risk
MS-12542,SMB (1-50),Retail,APAC,Satya Nadella Team,2026-04-07,M365 Business Premium,22.0,28,0.0,616.0,3,77.0,521.0,0,1,1,0,0.023,Low Risk
MS-12543,SMB (1-50),Healthcare,EMEA,Direct Digital,2025-11-17,M365 Business Standard,12.5,31,0.15,329.38,8,82.0,304.6,2,0,0,1,0.16,Low Risk
MS-12544,Mid-Market (51-500),Financial Services,North America,Commercial Partner Org,2026-01-16,M365 E5,57.0,387,0.0,22059.0,6,36.0,8005.7,0,0,1,0,0.112,Low Risk
MS-12545,SMB (1-50),Healthcare,EMEA,Satya Nadella Team,2026-04-30,M365 Business Premium,22.0,30,0.1,594.0,3,68.0,73.5,3,0,1,0,0.037,Low Risk
MS-12546,Mid-Market (51-500),Education,North America,Direct Digital,2025-06-12,M365 Business Basic,6.0,268,0.0,1608.0,13,73.5,100.0,3,0,1,0,0.03,Low Risk
MS-12547,SMB (1-50),Retail,North America,Azure Enterprise Group,2025-01-10,M365 Business Basic,6.0,12,0.1,64.8,18,75.5,25.4,0,0,1,0,0.021,Low Risk
MS-12548,SMB (1-50),Healthcare,North America,Commercial Partner Org,2025-12-20,M365 E3,36.0,48,0.0,1728.0,7,64.9,347.1,2,1,1,0,0.025,Low Risk
MS-12549,Mid-Market (51-500),Education,North America,Direct Digital,2026-02-26,M365 Business Premium,22.0,438,0.0,9636.0,5,70.9,3893.9,2,0,1,0,0.028,Low Risk
MS-12550,Mid-Market (51-500),Healthcare,North America,Commercial Partner Org,2025-08-22,M365 Business Basic,6.0,228,0.2,1094.4,11,55.0,5334.7,1,1,1,0,0.02,Low Risk
MS-12551,SMB (1-50),Healthcare,North America,Commercial Partner Org,2024-10-07,M365 Business Basic,6.0,37,0.1,199.8,21,36.1,559.2,1,0,0,0,0.282,Medium Risk
MS-12552,Mid-Market (51-500),Financial Services,APAC,Commercial Partner Org,2026-05-31,M365 Business Premium,22.0,455,0.2,8008.0,2,85.7,25361.8,1,1,0,0,0.05,Low Risk
MS-12553,Enterprise (500+),Technology,LATAM,Direct Digital,2025-01-16,M365 Business Premium,22.0,714,0.0,15708.0,18,47.6,702.5,1,0,1,0,0.066,Low Risk
MS-12554,Enterprise (500+),Manufacturing,North America,Direct Digital,2025-10-27,M365 Business Basic,6.0,1212,0.1,6544.8,9,65.1,2029.1,1,1,1,0,0.017,Low Risk
MS-12555,Mid-Market (51-500),Healthcare,LATAM,Azure Enterprise Group,2025-11-19,M365 Business Standard,12.5,96,0.0,1200.0,8,54.5,101.5,2,0,1,0,0.116,Low Risk
MS-12556,Mid-Market (51-500),Healthcare,EMEA,Commercial Partner Org,2026-05-05,M365 Business Standard,12.5,145,0.0,1812.5,2,96.6,1345.3,2,0,1,0,0.035,Low Risk
MS-12557,SMB (1-50),Healthcare,North America,Satya Nadella Team,2025-04-30,M365 E5,57.0,17,0.1,872.1,15,66.6,63.3,2,1,1,0,0.021,Low Risk
MS-12558,Mid-Market (51-500),Technology,North America,Satya Nadella Team,2025-05-03,M365 Business Basic,6.0,94,0.0,564.0,14,62.4,1298.2,5,0,1,1,0.195,Low Risk
MS-12559,SMB (1-50),Education,EMEA,Satya Nadella Team,2026-02-21,M365 Business Premium,22.0,6,0.0,132.0,5,81.5,10.2,0,1,1,0,0.06,Low Risk
MS-12560,Enterprise (500+),Retail,APAC,Direct Digital,2025-03-28,M365 Business Standard,12.5,2561,0.0,32012.5,16,100.0,3347.1,3,0,1,0,0.036,Low Risk
MS-12561,SMB (1-50),Financial Services,EMEA,Azure Enterprise Group,2025-12-01,M365 Business Basic,6.0,40,0.0,240.0,7,75.3,295.9,1,0,1,0,0.029,Low Risk
MS-12562,SMB (1-50),Technology,North America,Direct Digital,2024-12-08,M365 Business Standard,12.5,29,0.0,362.5,19,61.2,164.1,1,0,0,1,0.317,Medium Risk
MS-12563,Mid-Market (51-500),Education,North America,Commercial Partner Org,2026-01-15,M365 Business Basic,6.0,63,0.1,340.2,6,80.5,1335.9,0,0,1,0,0.031,Low Risk
MS-12564,SMB (1-50),Healthcare,North America,Satya Nadella Team,2025-01-15,M365 Business Premium,22.0,16,0.0,352.0,18,39.7,348.9,2,1,0,0,0.165,Low Risk
MS-12565,SMB (1-50),Education,North America,Direct Digital,2025-03-06,M365 Business Premium,22.0,23,0.1,455.4,16,68.8,34.5,0,1,1,0,0.022,Low Risk
MS-12566,Mid-Market (51-500),Technology,North America,Satya Nadella Team,2024-10-06,M365 Business Basic,6.0,178,0.0,1068.0,21,100.0,3573.6,4,0,1,0,0.046,Low Risk
MS-12567,Mid-Market (51-500),Technology,North America,Direct Digital,2026-05-23,M365 Business Basic,6.0,89,0.0,534.0,2,70.8,887.0,1,0,1,0,0.035,Low Risk
MS-12568,Mid-Market (51-500),Technology,APAC,Satya Nadella Team,2026-07-02,M365 E3,36.0,207,0.1,6706.8,1,69.9,1739.5,2,0,0,0,0.139,Low Risk
MS-12569,SMB (1-50),Retail,APAC,Commercial Partner Org,2025-12-23,M365 Business Standard,12.5,47,0.1,528.75,7,68.4,56.2,4,0,1,0,0.045,Low Risk
MS-12570,Mid-Market (51-500),Manufacturing,North America,Satya Nadella Team,2026-07-13,M365 Business Standard,12.5,235,0.0,2937.5,1,60.9,3794.7,2,0,0,0,0.273,Medium Risk
MS-12571,SMB (1-50),Financial Services,APAC,Commercial Partner Org,2024-10-25,M365 Business Standard,12.5,7,0.1,78.75,21,73.7,10.0,1,0,1,0,0.049,Low Risk
MS-12572,SMB (1-50),Retail,North America,Commercial Partner Org,2025-12-15,M365 E5,57.0,30,0.1,1539.0,7,82.0,117.1,2,0,1,0,0.029,Low Risk
MS-12573,Mid-Market (51-500),Retail,EMEA,Direct Digital,2024-11-23,M365 Business Standard,12.5,444,0.2,4440.0,20,62.0,534.4,0,1,1,0,0.035,Low Risk
MS-12574,Mid-Market (51-500),Manufacturing,North America,Direct Digital,2024-09-06,M365 Business Premium,22.0,236,0.1,4672.8,22,23.2,2142.9,0,1,1,0,0.056,Low Risk
MS-12575,SMB (1-50),Retail,EMEA,Direct Digital,2025-08-29,M365 Business Basic,6.0,8,0.1,43.2,11,76.4,99.5,3,0,0,0,0.235,Medium Risk
MS-12576,Mid-Market (51-500),Technology,LATAM,Commercial Partner Org,2026-06-26,M365 Business Basic,6.0,124,0.15,632.4,1,100.0,3296.0,0,0,1,0,0.033,Low Risk
MS-12577,SMB (1-50),Technology,EMEA,Azure Enterprise Group,2025-02-17,M365 Business Standard,12.5,28,0.0,350.0,17,61.2,444.8,1,1,1,0,0.02,Low Risk
MS-12578,SMB (1-50),Education,North America,Azure Enterprise Group,2025-05-07,M365 Business Standard,12.5,44,0.1,495.0,14,41.5,1714.3,0,1,1,0,0.024,Low Risk
MS-12579,SMB (1-50),Healthcare,EMEA,Commercial Partner Org,2026-06-24,M365 Business Premium,22.0,10,0.0,220.0,1,80.2,171.7,3,1,1,0,0.018,Low Risk
MS-12580,Enterprise (500+),Retail,North America,Commercial Partner Org,2025-03-29,M365 Business Premium,22.0,632,0.15,11818.4,16,99.4,2684.2,0,1,1,0,0.013,Low Risk
MS-12581,Mid-Market (51-500),Healthcare,APAC,Direct Digital,2025-05-02,M365 Business Standard,12.5,222,0.0,2775.0,15,77.5,2113.0,2,0,1,0,0.027,Low Risk
MS-12582,Mid-Market (51-500),Financial Services,EMEA,Direct Digital,2025-01-19,M365 Business Premium,22.0,236,0.1,4672.8,18,99.0,1734.3,1,1,1,0,0.014,Low Risk
MS-12583,Mid-Market (51-500),Technology,North America,Direct Digital,2026-05-25,M365 Business Basic,6.0,82,0.0,492.0,2,82.3,821.3,2,1,1,0,0.027,Low Risk
MS-12584,Mid-Market (51-500),Education,EMEA,Azure Enterprise Group,2025-02-27,M365 Business Basic,6.0,113,0.1,610.2,17,80.7,1151.0,3,0,1,0,0.03,Low Risk
MS-12585,SMB (1-50),Financial Services,EMEA,Azure Enterprise Group,2026-05-30,M365 E3,36.0,9,0.0,324.0,2,58.7,130.8,2,0,1,1,0.15,Low Risk
MS-12586,SMB (1-50),Education,North America,Commercial Partner Org,2024-09-17,M365 Business Premium,22.0,41,0.1,811.8,22,73.1,42.7,1,0,1,0,0.027,Low Risk
MS-12587,SMB (1-50),Manufacturing,EMEA,Azure Enterprise Group,2024-09-16,M365 Business Premium,22.0,16,0.0,352.0,22,67.5,263.7,4,0,1,0,0.05,Low Risk
MS-12588,Mid-Market (51-500),Technology,North America,Direct Digital,2025-09-20,M365 Business Standard,12.5,239,0.0,2987.5,10,66.9,445.1,1,0,1,0,0.037,Low Risk
MS-12589,Enterprise (500+),Financial Services,EMEA,Direct Digital,2025-08-07,M365 Business Standard,12.5,1531,0.0,19137.5,11,63.4,487.9,1,0,1,0,0.045,Low Risk
MS-12590,SMB (1-50),Manufacturing,APAC,Direct Digital,2024-10-16,M365 Business Basic,6.0,43,0.0,258.0,21,72.1,377.6,4,0,0,1,0.217,Medium Risk
MS-12591,SMB (1-50),Financial Services,APAC,Direct Digital,2026-01-17,M365 E3,36.0,28,0.0,1008.0,6,44.7,292.7,1,0,0,0,0.349,Medium Risk
MS-12592,SMB (1-50),Education,EMEA,Direct Digital,2025-01-21,M365 Business Premium,22.0,15,0.0,330.0,18,82.6,10.0,1,0,1,0,0.049,Low Risk
MS-12593,Mid-Market (51-500),Manufacturing,EMEA,Satya Nadella Team,2025-06-12,M365 Business Basic,6.0,396,0.0,2376.0,13,52.2,3442.2,0,1,1,0,0.031,Low Risk
MS-12594,SMB (1-50),Manufacturing,North America,Commercial Partner Org,2025-08-21,M365 E3,36.0,39,0.15,1193.4,11,63.5,357.9,1,0,1,0,0.063,Low Risk
MS-12595,SMB (1-50),Technology,APAC,Commercial Partner Org,2026-02-07,M365 Business Standard,12.5,44,0.0,550.0,5,74.0,28.5,3,0,1,0,0.04,Low Risk
MS-12596,Mid-Market (51-500),Healthcare,North America,Azure Enterprise Group,2026-03-11,M365 E3,36.0,213,0.1,6901.2,4,51.3,3178.0,0,0,1,0,0.119,Low Risk
MS-12597,Mid-Market (51-500),Education,EMEA,Direct Digital,2024-10-17,M365 Business Basic,6.0,103,0.0,618.0,21,32.6,291.8,3,0,1,0,0.088,Low Risk
MS-12598,SMB (1-50),Education,North America,Satya Nadella Team,2026-02-10,M365 Business Basic,6.0,27,0.15,137.7,5,61.1,512.6,1,1,1,0,0.029,Low Risk
MS-12599,SMB (1-50),Manufacturing,North America,Direct Digital,2024-12-16,M365 Business Basic,6.0,24,0.1,129.6,19,42.2,107.2,3,1,1,0,0.026,Low Risk
MS-12600,Mid-Market (51-500),Manufacturing,EMEA,Direct Digital,2024-09-03,M365 Business Basic,6.0,261,0.1,1409.4,22,80.8,2035.4,2,0,1,0,0.03,Low Risk
MS-12601,SMB (1-50),Technology,North America,Azure Enterprise Group,2026-05-09,M365 E3,36.0,15,0.0,540.0,2,47.2,400.4,0,0,0,0,0.339,Medium Risk
MS-12602,Enterprise (500+),Healthcare,EMEA,Satya Nadella Team,2024-12-04,M365 Business Premium,22.0,974,0.15,18213.8,19,94.7,19177.9,0,1,1,0,0.015,Low Risk
MS-12603,Mid-Market (51-500),Education,North America,Satya Nadella Team,2025-01-11,M365 Business Premium,22.0,440,0.0,9680.0,18,67.9,8039.5,0,0,0,0,0.178,Low Risk
MS-12604,SMB (1-50),Retail,North America,Commercial Partner Org,2025-03-20,M365 E3,36.0,43,0.1,1393.2,16,69.1,90.2,0,1,1,0,0.02,Low Risk
MS-12605,SMB (1-50),Retail,EMEA,Direct Digital,2025-05-12,M365 Business Basic,6.0,17,0.1,91.8,14,32.3,10.1,2,1,1,0,0.032,Low Risk
MS-12606,SMB (1-50),Healthcare,North America,Satya Nadella Team,2025-03-02,M365 E5,57.0,46,0.2,2097.6,17,70.6,513.8,2,0,0,1,0.175,Low Risk
MS-12607,SMB (1-50),Financial Services,North America,Commercial Partner Org,2025-01-28,M365 E5,57.0,7,0.0,399.0,18,66.6,44.4,0,0,1,0,0.033,Low Risk
MS-12608,Enterprise (500+),Technology,EMEA,Satya Nadella Team,2026-03-03,M365 Business Standard,12.5,2841,0.0,35512.5,4,44.6,50000.0,0,0,0,1,0.395,Medium Risk
MS-12609,Mid-Market (51-500),Healthcare,North America,Direct Digital,2026-01-03,M365 Business Basic,6.0,221,0.0,1326.0,6,69.6,1140.8,3,0,1,0,0.033,Low Risk
MS-12610,SMB (1-50),Retail,APAC,Commercial Partner Org,2026-01-18,M365 Business Premium,22.0,17,0.15,317.9,6,60.8,107.8,3,0,0,0,0.243,Medium Risk
MS-12611,SMB (1-50),Manufacturing,North America,Satya Nadella Team,2025-10-18,M365 Business Standard,12.5,41,0.0,512.5,9,64.1,367.3,2,0,1,0,0.039,Low Risk
MS-12612,SMB (1-50),Retail,North America,Azure Enterprise Group,2026-01-21,M365 E3,36.0,29,0.0,1044.0,6,68.5,553.9,2,1,1,0,0.019,Low Risk
MS-12613,SMB (1-50),Manufacturing,EMEA,Satya Nadella Team,2026-06-13,M365 Business Basic,6.0,27,0.0,162.0,1,59.5,101.2,2,0,1,0,0.109,Low Risk
MS-12614,Mid-Market (51-500),Technology,North America,Direct Digital,2026-05-05,M365 Business Standard,12.5,352,0.0,4400.0,2,72.4,12014.0,3,0,1,0,0.034,Low Risk
MS-12615,SMB (1-50),Manufacturing,North America,Azure Enterprise Group,2025-10-09,M365 Business Standard,12.5,9,0.0,112.5,9,66.4,83.8,3,0,1,0,0.044,Low Risk
MS-12616,Enterprise (500+),Healthcare,North America,Satya Nadella Team,2025-04-24,M365 Business Basic,6.0,684,0.15,3488.4,15,76.5,15092.1,1,1,1,0,0.013,Low Risk
MS-12617,SMB (1-50),Manufacturing,North America,Satya Nadella Team,2026-04-19,M365 Business Standard,12.5,34,0.0,425.0,3,58.5,304.3,4,0,1,0,0.117,Low Risk
MS-12618,Mid-Market (51-500),Financial Services,APAC,Commercial Partner Org,2026-02-27,M365 Business Basic,6.0,352,0.0,2112.0,5,48.8,6244.7,0,1,1,0,0.045,Low Risk
MS-12619,Enterprise (500+),Healthcare,North America,Direct Digital,2026-05-26,M365 Business Standard,12.5,1092,0.0,13650.0,2,55.2,691.8,2,0,1,0,0.113,Low Risk
MS-12620,SMB (1-50),Technology,APAC,Satya Nadella Team,2026-02-24,M365 E3,36.0,46,0.1,1490.4,5,94.0,886.2,1,0,0,1,0.122,Low Risk
MS-12621,SMB (1-50),Healthcare,APAC,Satya Nadella Team,2025-11-08,M365 Business Standard,12.5,9,0.1,101.25,8,85.2,80.2,3,0,1,0,0.028,Low Risk
MS-12622,SMB (1-50),Financial Services,North America,Satya Nadella Team,2026-02-28,M365 E3,36.0,27,0.1,874.8,5,89.8,193.4,2,0,1,0,0.032,Low Risk
MS-12623,SMB (1-50),Technology,APAC,Direct Digital,2026-06-07,M365 Business Basic,6.0,5,0.1,27.0,1,91.1,10.0,2,0,1,0,0.073,Low Risk
MS-12624,Enterprise (500+),Retail,North America,Azure Enterprise Group,2025-03-27,M365 Business Premium,22.0,1982,0.2,34883.2,16,59.6,32182.2,2,0,1,0,0.057,Low Risk
MS-12625,Enterprise (500+),Financial Services,LATAM,Direct Digital,2025-01-18,M365 E5,57.0,729,0.0,41553.0,18,73.3,1230.0,0,1,1,0,0.012,Low Risk
MS-12626,Enterprise (500+),Technology,North America,Commercial Partner Org,2026-04-11,M365 Business Standard,12.5,2097,0.15,22280.62,3,69.4,5374.7,1,0,0,0,0.139,Low Risk
MS-12627,Mid-Market (51-500),Manufacturing,EMEA,Commercial Partner Org,2026-04-10,M365 E5,57.0,103,0.0,5871.0,3,79.9,167.1,2,0,1,0,0.03,Low Risk
MS-12628,SMB (1-50),Healthcare,EMEA,Direct Digital,2025-07-04,M365 Business Standard,12.5,23,0.0,287.5,12,62.8,10.0,2,0,1,0,0.094,Low Risk
MS-12629,Enterprise (500+),Technology,North America,Satya Nadella Team,2026-03-24,M365 Business Standard,12.5,2125,0.0,26562.5,4,69.7,27653.6,2,1,1,0,0.015,Low Risk
MS-12630,Enterprise (500+),Healthcare,EMEA,Satya Nadella Team,2024-12-07,M365 E3,36.0,3495,0.0,125820.0,19,69.3,13247.5,1,1,0,0,0.06,Low Risk
MS-12631,SMB (1-50),Manufacturing,EMEA,Azure Enterprise Group,2025-01-03,M365 Business Basic,6.0,14,0.0,84.0,18,77.6,27.2,2,1,0,0,0.048,Low Risk
MS-12632,SMB (1-50),Technology,North America,Direct Digital,2025-08-15,M365 Business Basic,6.0,20,0.15,102.0,11,79.8,92.5,3,0,0,0,0.19,Low Risk
MS-12633,Mid-Market (51-500),Retail,North America,Direct Digital,2025-01-12,M365 Business Premium,22.0,214,0.0,4708.0,18,69.7,1775.3,1,1,1,0,0.013,Low Risk
MS-12634,SMB (1-50),Financial Services,EMEA,Satya Nadella Team,2025-04-14,M365 E3,36.0,24,0.1,777.6,15,70.2,201.6,1,0,1,0,0.026,Low Risk
MS-12635,SMB (1-50),Technology,EMEA,Commercial Partner Org,2026-03-03,M365 E3,36.0,7,0.15,214.2,4,72.1,38.4,1,0,1,0,0.034,Low Risk
MS-12636,Enterprise (500+),Manufacturing,LATAM,Commercial Partner Org,2026-06-12,M365 Business Basic,6.0,2571,0.0,15426.0,1,97.6,21073.9,2,0,1,0,0.033,Low Risk
MS-12637,Enterprise (500+),Technology,APAC,Azure Enterprise Group,2026-03-22,M365 E5,57.0,2841,0.0,161937.0,4,36.9,19005.1,3,1,1,0,0.106,Low Risk
MS-12638,SMB (1-50),Healthcare,LATAM,Azure Enterprise Group,2025-08-05,M365 Business Premium,22.0,25,0.1,495.0,11,50.5,518.9,5,1,0,0,0.225,Medium Risk
MS-12639,SMB (1-50),Education,EMEA,Commercial Partner Org,2025-07-19,M365 E5,57.0,40,0.0,2280.0,12,80.1,14.4,1,1,1,0,0.024,Low Risk
MS-12640,Mid-Market (51-500),Technology,North America,Direct Digital,2024-11-26,M365 Business Standard,12.5,230,0.1,2587.5,20,72.9,5589.5,1,0,1,0,0.036,Low Risk
MS-12641,Mid-Market (51-500),Retail,North America,Azure Enterprise Group,2024-12-04,M365 Business Premium,22.0,460,0.0,10120.0,19,72.7,1543.4,2,0,1,0,0.026,Low Risk
MS-12642,SMB (1-50),Technology,APAC,Satya Nadella Team,2025-03-15,M365 E3,36.0,38,0.0,1368.0,16,80.0,583.4,3,1,1,0,0.015,Low Risk
MS-12643,Mid-Market (51-500),Financial Services,EMEA,Direct Digital,2025-03-11,M365 Business Standard,12.5,238,0.1,2677.5,16,71.9,1483.0,4,0,1,0,0.046,Low Risk
MS-12644,Enterprise (500+),Technology,North America,Satya Nadella Team,2026-06-18,M365 E5,57.0,785,0.2,35796.0,1,57.9,3283.9,2,1,0,0,0.101,Low Risk
MS-12645,Enterprise (500+),Education,North America,Azure Enterprise Group,2026-02-04,M365 Business Standard,12.5,1686,0.0,21075.0,5,79.3,19329.9,0,1,1,0,0.023,Low Risk
MS-12646,SMB (1-50),Healthcare,LATAM,Commercial Partner Org,2026-06-23,M365 Business Standard,12.5,31,0.1,348.75,1,68.4,544.9,2,1,1,0,0.032,Low Risk
MS-12647,SMB (1-50),Technology,EMEA,Azure Enterprise Group,2026-06-14,M365 E5,57.0,6,0.0,342.0,1,59.9,43.0,1,0,1,0,0.126,Low Risk
MS-12648,Enterprise (500+),Retail,North America,Commercial Partner Org,2024-09-13,M365 E5,57.0,1636,0.15,79264.2,22,80.4,12336.7,1,0,1,0,0.044,Low Risk
MS-12649,SMB (1-50),Manufacturing,EMEA,Direct Digital,2025-05-12,M365 Business Standard,12.5,21,0.0,262.5,14,79.7,15.3,1,1,1,0,0.019,Low Risk
MS-12650,Mid-Market (51-500),Technology,North America,Azure Enterprise Group,2024-11-20,M365 Business Basic,6.0,383,0.2,1838.4,20,71.9,11843.7,3,1,1,0,0.035,Low Risk
MS-12651,SMB (1-50),Technology,North America,Azure Enterprise Group,2025-09-08,M365 E3,36.0,42,0.0,1512.0,10,98.9,945.8,1,0,1,0,0.034,Low Risk
MS-12652,SMB (1-50),Financial Services,North America,Azure Enterprise Group,2025-09-29,M365 E5,57.0,44,0.2,2006.4,10,91.9,268.0,4,1,1,0,0.03,Low Risk
MS-12653,SMB (1-50),Retail,North America,Direct Digital,2025-10-23,M365 Business Premium,22.0,23,0.15,430.1,9,86.0,399.6,0,1,0,0,0.047,Low Risk
MS-12654,SMB (1-50),Education,APAC,Satya Nadella Team,2024-10-29,M365 Business Premium,22.0,23,0.15,430.1,21,100.0,103.7,3,0,1,0,0.028,Low Risk
MS-12655,Enterprise (500+),Manufacturing,North America,Satya Nadella Team,2025-01-06,M365 E3,36.0,2405,0.15,73593.0,18,65.4,37832.5,3,1,1,0,0.013,Low Risk
MS-12656,SMB (1-50),Healthcare,APAC,Commercial Partner Org,2026-02-23,M365 Business Basic,6.0,9,0.15,45.9,5,59.6,78.5,0,0,0,0,0.358,Medium Risk
MS-12657,Enterprise (500+),Technology,APAC,Azure Enterprise Group,2025-07-30,M365 E5,57.0,2474,0.15,119865.3,12,83.5,18335.5,4,1,1,0,0.043,Low Risk
MS-12658,Enterprise (500+),Education,North America,Satya Nadella Team,2025-06-09,M365 Business Standard,12.5,1472,0.15,15640.0,13,63.5,1027.7,2,1,0,0,0.078,Low Risk
MS-12659,SMB (1-50),Manufacturing,EMEA,Direct Digital,2026-04-03,M365 Business Premium,22.0,31,0.0,682.0,3,68.2,1251.6,4,0,0,0,0.219,Medium Risk
MS-12660,Mid-Market (51-500),Healthcare,EMEA,Azure Enterprise Group,2025-03-26,M365 Business Standard,12.5,466,0.2,4660.0,16,50.3,10158.0,4,0,1,0,0.083,Low Risk
MS-12661,SMB (1-50),Education,APAC,Commercial Partner Org,2025-05-30,M365 Business Standard,12.5,44,0.0,550.0,14,78.9,832.6,0,0,1,0,0.032,Low Risk
MS-12662,Mid-Market (51-500),Retail,North America,Satya Nadella Team,2025-07-06,M365 Business Premium,22.0,247,0.1,4890.6,12,41.5,1078.1,3,0,1,0,0.093,Low Risk
MS-12663,Mid-Market (51-500),Retail,EMEA,Direct Digital,2025-10-08,M365 E5,57.0,278,0.1,14261.4,9,66.3,1140.6,1,0,0,0,0.147,Low Risk
MS-12664,SMB (1-50),Manufacturing,EMEA,Direct Digital,2025-02-22,M365 Business Premium,22.0,9,0.15,168.3,17,67.7,92.0,2,0,1,0,0.03,Low Risk
MS-12665,SMB (1-50),Healthcare,North America,Commercial Partner Org,2025-04-06,M365 E3,36.0,28,0.1,907.2,15,60.2,629.1,5,0,1,0,0.151,Low Risk
MS-12666,Mid-Market (51-500),Retail,North America,Satya Nadella Team,2026-07-04,M365 Business Basic,6.0,249,0.0,1494.0,1,36.4,8150.3,0,0,1,0,0.143,Low Risk
MS-12667,Enterprise (500+),Manufacturing,EMEA,Azure Enterprise Group,2025-07-23,M365 E3,36.0,1581,0.1,51224.4,12,36.2,5942.9,2,0,1,1,0.079,Low Risk
MS-12668,SMB (1-50),Retail,EMEA,Direct Digital,2025-05-11,M365 Business Standard,12.5,44,0.0,550.0,14,54.6,493.7,2,0,1,1,0.081,Low Risk
MS-12669,Mid-Market (51-500),Retail,North America,Commercial Partner Org,2025-11-28,M365 Business Basic,6.0,336,0.0,2016.0,8,77.7,5189.2,2,0,1,0,0.037,Low Risk
MS-12670,SMB (1-50),Education,EMEA,Direct Digital,2025-03-08,M365 Business Basic,6.0,17,0.15,86.7,16,73.2,52.4,0,1,1,0,0.015,Low Risk
MS-12671,Mid-Market (51-500),Education,North America,Direct Digital,2025-11-17,M365 Business Premium,22.0,458,0.15,8564.6,8,67.7,2876.3,3,1,1,0,0.018,Low Risk
MS-12672,SMB (1-50),Retail,EMEA,Satya Nadella Team,2025-01-08,M365 E5,57.0,49,0.15,2374.05,18,52.1,122.1,0,0,0,0,0.278,Medium Risk
MS-12673,Mid-Market (51-500),Financial Services,North America,Satya Nadella Team,2025-12-29,M365 Business Premium,22.0,85,0.1,1683.0,7,74.1,1224.3,4,1,1,0,0.026,Low Risk
MS-12674,SMB (1-50),Education,APAC,Azure Enterprise Group,2024-09-03,M365 Business Standard,12.5,47,0.0,587.5,22,35.6,1124.3,3,0,1,0,0.085,Low Risk
MS-12675,Mid-Market (51-500),Healthcare,North America,Direct Digital,2025-08-17,M365 Business Basic,6.0,446,0.0,2676.0,11,24.9,11238.8,1,0,1,0,0.089,Low Risk
MS-12676,Mid-Market (51-500),Manufacturing,North America,Commercial Partner Org,2026-03-09,M365 Business Standard,12.5,262,0.0,3275.0,4,63.6,3486.5,0,0,1,0,0.102,Low Risk
MS-12677,Mid-Market (51-500),Manufacturing,North America,Direct Digital,2025-01-11,M365 Business Basic,6.0,96,0.0,576.0,18,58.2,491.2,2,1,0,0,0.127,Low Risk
MS-12678,Mid-Market (51-500),Healthcare,North America,Commercial Partner Org,2026-07-22,M365 Business Standard,12.5,432,0.0,5400.0,1,86.2,5608.4,4,0,1,0,0.034,Low Risk
MS-12679,Mid-Market (51-500),Healthcare,EMEA,Direct Digital,2026-01-07,M365 Business Premium,22.0,298,0.15,5572.6,6,70.8,7141.5,2,1,1,0,0.017,Low Risk
MS-12680,Enterprise (500+),Healthcare,North America,Commercial Partner Org,2025-05-24,M365 E5,57.0,600,0.0,34200.0,14,97.7,7078.4,3,0,1,0,0.034,Low Risk
MS-12681,Mid-Market (51-500),Healthcare,APAC,Direct Digital,2024-09-24,M365 Business Standard,12.5,135,0.1,1518.75,22,58.1,862.7,1,1,1,0,0.02,Low Risk
MS-12682,Enterprise (500+),Technology,North America,Direct Digital,2026-02-16,M365 Business Basic,6.0,3352,0.0,20112.0,5,76.8,50000.0,1,0,1,0,0.063,Low Risk
MS-12683,Mid-Market (51-500),Manufacturing,North America,Azure Enterprise Group,2024-09-03,M365 E3,36.0,281,0.1,9104.4,22,63.5,6080.1,1,0,1,0,0.054,Low Risk
MS-12684,Mid-Market (51-500),Technology,North America,Satya Nadella Team,2026-07-02,M365 Business Premium,22.0,117,0.0,2574.0,1,92.9,3005.6,1,0,1,0,0.04,Low Risk
MS-12685,SMB (1-50),Retail,North America,Satya Nadella Team,2025-11-01,M365 E3,36.0,45,0.2,1296.0,8,64.3,1260.9,1,0,1,0,0.036,Low Risk
MS-12686,Mid-Market (51-500),Retail,North America,Commercial Partner Org,2024-09-04,M365 Business Basic,6.0,139,0.0,834.0,22,83.4,834.9,2,0,1,0,0.031,Low Risk
MS-12687,SMB (1-50),Manufacturing,North America,Direct Digital,2026-05-12,M365 Business Standard,12.5,37,0.1,416.25,2,48.6,871.8,3,0,0,1,0.303,Medium Risk
MS-12688,Enterprise (500+),Retail,EMEA,Direct Digital,2026-01-16,M365 E5,57.0,1234,0.1,63304.2,6,60.5,12509.6,4,0,1,0,0.093,Low Risk
MS-12689,Mid-Market (51-500),Healthcare,North America,Satya Nadella Team,2025-04-20,M365 Business Basic,6.0,102,0.1,550.8,15,66.5,47.6,1,0,1,0,0.038,Low Risk
MS-12690,Enterprise (500+),Technology,EMEA,Commercial Partner Org,2024-11-11,M365 Business Premium,22.0,2307,0.0,50754.0,20,90.7,27965.0,2,0,1,0,0.026,Low Risk
MS-12691,SMB (1-50),Healthcare,EMEA,Azure Enterprise Group,2024-11-27,M365 Business Basic,6.0,41,0.2,196.8,20,28.5,312.9,2,0,1,0,0.122,Low Risk
MS-12692,SMB (1-50),Retail,North America,Azure Enterprise Group,2026-02-10,M365 Business Standard,12.5,10,0.15,106.25,5,62.0,38.6,3,0,0,0,0.196,Low Risk
MS-12693,Enterprise (500+),Education,EMEA,Azure Enterprise Group,2026-04-26,M365 E3,36.0,2254,0.15,68972.4,3,61.4,50000.0,0,0,0,0,0.186,Low Risk
MS-12694,SMB (1-50),Technology,LATAM,Direct Digital,2025-11-24,M365 Business Standard,12.5,44,0.0,550.0,8,30.6,29.9,1,0,1,0,0.141,Low Risk
MS-12695,SMB (1-50),Healthcare,EMEA,Commercial Partner Org,2025-11-13,M365 E3,36.0,19,0.1,615.6,8,59.6,665.0,2,0,1,0,0.106,Low Risk
MS-12696,Enterprise (500+),Manufacturing,EMEA,Satya Nadella Team,2026-02-14,M365 Business Standard,12.5,1525,0.1,17156.25,5,40.3,3174.7,3,1,1,0,0.03,Low Risk
MS-12697,Mid-Market (51-500),Healthcare,North America,Direct Digital,2025-11-09,M365 E5,57.0,186,0.0,10602.0,8,26.0,1056.2,3,1,1,0,0.037,Low Risk
MS-12698,SMB (1-50),Education,APAC,Direct Digital,2024-11-23,M365 Business Standard,12.5,16,0.1,180.0,20,63.3,103.7,1,0,1,0,0.06,Low Risk
MS-12699,Enterprise (500+),Retail,APAC,Azure Enterprise Group,2025-08-05,M365 Business Basic,6.0,1614,0.1,8715.6,11,62.7,25432.5,2,0,1,0,0.05,Low Risk
MS-12700,SMB (1-50),Technology,EMEA,Commercial Partner Org,2025-01-04,M365 Business Standard,12.5,20,0.0,250.0,18,63.6,58.3,2,0,0,0,0.188,Low Risk
MS-12701,Enterprise (500+),Manufacturing,LATAM,Commercial Partner Org,2026-03-17,M365 Business Premium,22.0,2280,0.0,50160.0,4,72.6,50000.0,3,0,1,0,0.025,Low Risk
MS-12702,SMB (1-50),Technology,North America,Azure Enterprise Group,2024-09-18,M365 E3,36.0,15,0.1,486.0,22,52.2,248.8,0,0,1,0,0.074,Low Risk
MS-12703,Mid-Market (51-500),Manufacturing,North America,Azure Enterprise Group,2026-05-22,M365 Business Standard,12.5,196,0.15,2082.5,2,100.0,3670.1,0,1,1,0,0.021,Low Risk
MS-12704,SMB (1-50),Technology,APAC,Azure Enterprise Group,2026-05-29,M365 Business Premium,22.0,26,0.2,457.6,2,67.4,35.1,2,1,0,0,0.046,Low Risk
MS-12705,Mid-Market (51-500),Retail,APAC,Direct Digital,2026-02-22,M365 E3,36.0,274,0.15,8384.4,5,91.2,2126.9,2,0,1,0,0.031,Low Risk
MS-12706,SMB (1-50),Manufacturing,North America,Direct Digital,2025-08-11,M365 E3,36.0,19,0.0,684.0,11,37.8,663.8,2,0,1,0,0.096,Low Risk
MS-12707,Mid-Market (51-500),Financial Services,North America,Direct Digital,2025-12-12,M365 Business Premium,22.0,51,0.0,1122.0,7,53.0,192.7,2,1,1,0,0.035,Low Risk
MS-12708,SMB (1-50),Technology,North America,Satya Nadella Team,2025-01-19,M365 E3,36.0,14,0.0,504.0,18,80.4,26.4,2,0,1,0,0.03,Low Risk
MS-12709,SMB (1-50),Technology,North America,Satya Nadella Team,2024-09-06,M365 Business Premium,22.0,32,0.0,704.0,22,63.9,255.1,3,0,1,0,0.043,Low Risk
MS-12710,Mid-Market (51-500),Healthcare,APAC,Commercial Partner Org,2026-07-01,M365 Business Basic,6.0,76,0.0,456.0,1,48.7,2430.4,1,0,1,0,0.128,Low Risk
MS-12711,SMB (1-50),Manufacturing,EMEA,Azure Enterprise Group,2026-05-11,M365 Business Basic,6.0,21,0.0,126.0,2,34.9,168.1,1,0,0,0,0.362,Medium Risk
MS-12712,SMB (1-50),Education,North America,Azure Enterprise Group,2026-05-24,M365 E5,57.0,40,0.0,2280.0,2,81.2,249.1,2,0,1,0,0.031,Low Risk
MS-12713,SMB (1-50),Financial Services,North America,Direct Digital,2026-06-11,M365 Business Basic,6.0,26,0.1,140.4,1,79.7,327.8,2,1,1,0,0.018,Low Risk
MS-12714,SMB (1-50),Retail,North America,Satya Nadella Team,2026-02-23,M365 Business Standard,12.5,27,0.0,337.5,5,72.4,895.1,1,1,0,0,0.054,Low Risk
MS-12715,SMB (1-50),Healthcare,North America,Azure Enterprise Group,2026-07-10,M365 E5,57.0,33,0.0,1881.0,1,59.1,19.9,5,1,0,1,0.666,High Risk
MS-12716,SMB (1-50),Financial Services,EMEA,Commercial Partner Org,2024-11-04,M365 Business Basic,6.0,26,0.0,156.0,20,48.0,52.0,0,0,1,0,0.066,Low Risk
MS-12717,SMB (1-50),Manufacturing,LATAM,Azure Enterprise Group,2024-10-26,M365 E3,36.0,15,0.0,540.0,21,67.0,25.6,2,1,1,0,0.02,Low Risk
MS-12718,Mid-Market (51-500),Financial Services,APAC,Direct Digital,2024-12-05,M365 E3,36.0,298,0.1,9655.2,19,44.3,319.0,1,0,1,0,0.084,Low Risk
MS-12719,Mid-Market (51-500),Technology,North America,Direct Digital,2025-04-03,M365 E5,57.0,178,0.0,10146.0,15,54.5,768.3,1,0,1,0,0.086,Low Risk
MS-12720,SMB (1-50),Technology,APAC,Satya Nadella Team,2024-10-28,M365 Business Standard,12.5,33,0.0,412.5,21,90.7,103.1,1,1,0,1,0.161,Low Risk
MS-12721,Enterprise (500+),Healthcare,APAC,Commercial Partner Org,2026-01-05,M365 Business Standard,12.5,637,0.1,7166.25,6,34.7,6081.6,3,0,1,0,0.125,Low Risk
MS-12722,Enterprise (500+),Manufacturing,APAC,Commercial Partner Org,2025-10-10,M365 E5,57.0,2767,0.0,157719.0,9,80.2,13163.4,2,1,1,0,0.025,Low Risk
MS-12723,SMB (1-50),Manufacturing,EMEA,Azure Enterprise Group,2025-03-03,M365 Business Basic,6.0,18,0.1,97.2,16,94.9,112.2,2,1,1,0,0.013,Low Risk
MS-12724,SMB (1-50),Financial Services,North America,Commercial Partner Org,2025-06-09,M365 Business Standard,12.5,22,0.0,275.0,13,82.7,751.1,0,0,1,0,0.028,Low Risk
MS-12725,Enterprise (500+),Healthcare,North America,Azure Enterprise Group,2025-02-10,M365 Business Premium,22.0,2680,0.0,58960.0,17,75.2,5441.3,1,1,1,0,0.01,Low Risk
MS-12726,SMB (1-50),Manufacturing,North America,Azure Enterprise Group,2024-11-28,M365 Business Standard,12.5,41,0.0,512.5,20,59.7,242.0,1,0,1,0,0.066,Low Risk
MS-12727,SMB (1-50),Education,North America,Satya Nadella Team,2024-12-06,M365 E5,57.0,38,0.0,2166.0,19,56.4,135.5,2,0,1,0,0.071,Low Risk
MS-12728,SMB (1-50),Education,North America,Commercial Partner Org,2026-04-10,M365 Business Premium,22.0,49,0.0,1078.0,3,27.5,468.4,2,1,1,0,0.051,Low Risk
MS-12729,Mid-Market (51-500),Technology,EMEA,Direct Digital,2024-11-27,M365 Business Basic,6.0,142,0.0,852.0,20,68.7,2271.6,1,1,1,0,0.017,Low Risk
MS-12730,SMB (1-50),Financial Services,EMEA,Azure Enterprise Group,2026-01-31,M365 Business Basic,6.0,36,0.0,216.0,5,60.8,733.6,1,0,1,0,0.117,Low Risk
MS-12731,Mid-Market (51-500),Retail,EMEA,Azure Enterprise Group,2026-06-30,M365 Business Basic,6.0,259,0.1,1398.6,1,55.4,2250.9,3,0,1,0,0.118,Low Risk
MS-12732,Mid-Market (51-500),Technology,North America,Azure Enterprise Group,2024-11-02,M365 Business Basic,6.0,392,0.0,2352.0,20,67.6,9080.8,0,1,1,0,0.019,Low Risk
MS-12733,Mid-Market (51-500),Healthcare,LATAM,Commercial Partner Org,2026-02-23,M365 Business Premium,22.0,389,0.0,8558.0,5,69.1,7176.9,0,0,1,1,0.044,Low Risk
MS-12734,Enterprise (500+),Manufacturing,LATAM,Commercial Partner Org,2025-03-10,M365 Business Basic,6.0,1428,0.2,6854.4,16,56.6,2926.7,2,0,0,0,0.233,Medium Risk
MS-12735,SMB (1-50),Technology,APAC,Commercial Partner Org,2025-06-05,M365 Business Standard,12.5,8,0.0,100.0,13,97.0,27.0,1,1,1,0,0.018,Low Risk
MS-12736,Mid-Market (51-500),Retail,LATAM,Azure Enterprise Group,2026-02-21,M365 E5,57.0,226,0.0,12882.0,5,81.2,3020.9,4,1,1,0,0.028,Low Risk
MS-12737,SMB (1-50),Retail,EMEA,Direct Digital,2024-11-24,M365 Business Premium,22.0,36,0.15,673.2,20,84.1,1590.1,2,1,1,0,0.017,Low Risk
MS-12738,SMB (1-50),Education,LATAM,Direct Digital,2025-08-01,M365 Business Standard,12.5,33,0.0,412.5,12,66.1,186.8,1,0,1,0,0.038,Low Risk
MS-12739,SMB (1-50),Healthcare,North America,Commercial Partner Org,2025-11-15,M365 E5,57.0,44,0.15,2131.8,8,77.2,137.9,3,0,1,0,0.03,Low Risk
MS-12740,SMB (1-50),Technology,North America,Direct Digital,2026-06-12,M365 Business Basic,6.0,44,0.0,264.0,1,51.9,1073.7,3,0,1,0,0.123,Low Risk
MS-12741,SMB (1-50),Financial Services,North America,Azure Enterprise Group,2025-02-19,M365 E5,57.0,49,0.0,2793.0,17,80.0,130.9,3,1,1,0,0.016,Low Risk
MS-12742,SMB (1-50),Technology,North America,Commercial Partner Org,2025-08-05,M365 Business Premium,22.0,14,0.0,308.0,11,64.3,200.8,2,0,1,0,0.035,Low Risk
MS-12743,SMB (1-50),Education,North America,Commercial Partner Org,2026-06-30,M365 Business Premium,22.0,17,0.1,336.6,1,49.6,10.0,2,0,0,0,0.322,Medium Risk
MS-12744,Mid-Market (51-500),Retail,EMEA,Azure Enterprise Group,2025-04-17,M365 E3,36.0,454,0.0,16344.0,15,67.6,104.4,1,0,0,0,0.154,Low Risk
MS-12745,SMB (1-50),Healthcare,APAC,Commercial Partner Org,2025-02-26,M365 Business Standard,12.5,21,0.0,262.5,17,62.7,151.4,0,0,1,0,0.052,Low Risk
MS-12746,Mid-Market (51-500),Healthcare,EMEA,Azure Enterprise Group,2025-05-05,M365 E3,36.0,197,0.2,5673.6,14,100.0,2526.4,2,0,1,0,0.035,Low Risk
MS-12747,SMB (1-50),Financial Services,North America,Commercial Partner Org,2026-07-06,M365 E3,36.0,6,0.0,216.0,1,75.8,11.1,3,0,1,0,0.076,Low Risk
MS-12748,SMB (1-50),Healthcare,APAC,Direct Digital,2026-07-07,M365 Business Standard,12.5,21,0.1,236.25,1,96.4,363.7,2,0,1,0,0.03,Low Risk
MS-12749,SMB (1-50),Education,EMEA,Commercial Partner Org,2025-07-14,M365 Business Standard,12.5,48,0.1,540.0,12,88.4,79.4,5,1,1,0,0.088,Low Risk
MS-12750,SMB (1-50),Education,North America,Commercial Partner Org,2025-06-13,M365 E3,36.0,30,0.0,1080.0,13,68.7,274.7,1,0,1,0,0.032,Low Risk
MS-12751,Mid-Market (51-500),Education,EMEA,Commercial Partner Org,2024-11-15,M365 Business Standard,12.5,483,0.1,5433.75,20,60.0,2136.4,0,0,1,0,0.069,Low Risk
MS-12752,SMB (1-50),Healthcare,North America,Satya Nadella Team,2025-11-26,M365 E3,36.0,41,0.2,1180.8,8,36.7,686.5,0,1,1,0,0.029,Low Risk
MS-12753,Enterprise (500+),Healthcare,North America,Direct Digital,2025-03-23,M365 Business Premium,22.0,2174,0.1,43045.2,16,52.3,42529.6,3,1,1,0,0.033,Low Risk
MS-12754,Enterprise (500+),Education,APAC,Azure Enterprise Group,2025-10-29,M365 Business Premium,22.0,819,0.0,18018.0,9,79.9,672.0,2,0,1,0,0.027,Low Risk
MS-12755,SMB (1-50),Healthcare,North America,Satya Nadella Team,2025-03-12,M365 Business Basic,6.0,13,0.0,78.0,16,62.6,33.4,4,1,1,0,0.033,Low Risk
MS-12756,Mid-Market (51-500),Healthcare,EMEA,Direct Digital,2025-06-20,M365 Business Standard,12.5,259,0.0,3237.5,13,74.8,6935.8,0,0,1,0,0.031,Low Risk
MS-12757,SMB (1-50),Retail,APAC,Commercial Partner Org,2025-10-18,M365 Business Standard,12.5,26,0.1,292.5,9,31.5,167.6,2,1,1,0,0.03,Low Risk
MS-12758,Mid-Market (51-500),Technology,EMEA,Commercial Partner Org,2025-11-13,M365 Business Premium,22.0,125,0.0,2750.0,8,76.2,971.5,1,1,1,0,0.018,Low Risk
MS-12759,Mid-Market (51-500),Manufacturing,North America,Azure Enterprise Group,2025-06-28,M365 Business Premium,22.0,233,0.0,5126.0,13,87.7,514.3,4,0,1,0,0.036,Low Risk
MS-12760,SMB (1-50),Healthcare,North America,Azure Enterprise Group,2025-05-18,M365 Business Premium,22.0,24,0.0,528.0,14,36.0,1519.9,1,0,1,0,0.088,Low Risk
MS-12761,SMB (1-50),Manufacturing,North America,Direct Digital,2025-03-11,M365 Business Premium,22.0,9,0.0,198.0,16,74.7,277.0,1,1,1,0,0.017,Low Risk
MS-12762,SMB (1-50),Manufacturing,EMEA,Direct Digital,2025-05-29,M365 E3,36.0,43,0.1,1393.2,14,92.2,10.0,2,1,1,0,0.052,Low Risk
MS-12763,SMB (1-50),Retail,North America,Azure Enterprise Group,2026-05-09,M365 Business Standard,12.5,48,0.1,540.0,2,98.2,460.9,2,1,1,0,0.028,Low Risk
MS-12764,Mid-Market (51-500),Healthcare,North America,Direct Digital,2025-11-06,M365 Business Premium,22.0,295,0.0,6490.0,8,58.9,7284.7,3,0,1,0,0.112,Low Risk
MS-12765,SMB (1-50),Education,LATAM,Azure Enterprise Group,2026-07-28,M365 Business Basic,6.0,43,0.0,258.0,1,82.0,290.5,1,1,1,0,0.031,Low Risk
MS-12766,SMB (1-50),Manufacturing,EMEA,Commercial Partner Org,2025-04-05,M365 Business Standard,12.5,14,0.15,148.75,15,93.7,96.5,2,0,1,0,0.026,Low Risk
MS-12767,SMB (1-50),Healthcare,North America,Azure Enterprise Group,2024-11-30,M365 Business Standard,12.5,44,0.15,467.5,20,75.2,251.8,4,0,1,0,0.039,Low Risk
MS-12768,Mid-Market (51-500),Financial Services,EMEA,Satya Nadella Team,2025-03-17,M365 Business Standard,12.5,488,0.15,5185.0,16,91.1,171.3,1,0,0,0,0.113,Low Risk
MS-12769,SMB (1-50),Education,EMEA,Azure Enterprise Group,2025-10-04,M365 Business Standard,12.5,41,0.0,512.5,9,67.4,768.5,1,0,1,0,0.036,Low Risk
MS-12770,Mid-Market (51-500),Financial Services,North America,Azure Enterprise Group,2024-10-09,M365 Business Basic,6.0,454,0.0,2724.0,21,75.1,3324.6,1,0,1,0,0.027,Low Risk
MS-12771,Mid-Market (51-500),Financial Services,North America,Satya Nadella Team,2025-12-15,M365 Business Standard,12.5,276,0.0,3450.0,7,56.8,2508.2,1,0,1,1,0.116,Low Risk
MS-12772,Mid-Market (51-500),Manufacturing,APAC,Satya Nadella Team,2024-11-18,M365 E5,57.0,316,0.15,15310.2,20,65.0,1119.7,5,0,1,0,0.096,Low Risk
MS-12773,Mid-Market (51-500),Financial Services,EMEA,Satya Nadella Team,2024-12-03,M365 Business Standard,12.5,292,0.0,3650.0,19,75.8,5371.7,0,0,1,0,0.031,Low Risk
MS-12774,SMB (1-50),Retail,EMEA,Satya Nadella Team,2026-07-16,M365 Business Premium,22.0,15,0.15,280.5,1,55.5,284.2,3,0,1,0,0.125,Low Risk
MS-12775,SMB (1-50),Retail,North America,Azure Enterprise Group,2024-10-13,M365 Business Standard,12.5,17,0.0,212.5,21,64.0,164.2,0,0,1,0,0.037,Low Risk
MS-12776,Mid-Market (51-500),Manufacturing,North America,Direct Digital,2025-01-10,M365 Business Standard,12.5,471,0.0,5887.5,18,81.7,13282.0,1,1,1,0,0.013,Low Risk
MS-12777,Enterprise (500+),Healthcare,North America,Satya Nadella Team,2024-11-16,M365 Business Basic,6.0,2461,0.0,14766.0,20,100.0,3637.4,2,0,1,0,0.031,Low Risk
MS-12778,Mid-Market (51-500),Technology,North America,Commercial Partner Org,2025-04-20,M365 Business Basic,6.0,176,0.0,1056.0,15,31.1,3262.4,6,1,1,0,0.15,Low Risk
MS-12779,SMB (1-50),Healthcare,North America,Azure Enterprise Group,2024-10-09,M365 E3,36.0,9,0.15,275.4,21,100.0,88.3,3,0,1,0,0.03,Low Risk
MS-12780,SMB (1-50),Healthcare,North America,Direct Digital,2026-03-20,M365 Business Standard,12.5,47,0.0,587.5,4,63.3,148.2,1,1,1,0,0.039,Low Risk
MS-12781,Enterprise (500+),Healthcare,APAC,Commercial Partner Org,2025-01-29,M365 Business Basic,6.0,1856,0.0,11136.0,18,85.4,3160.7,0,0,1,0,0.029,Low Risk
MS-12782,SMB (1-50),Healthcare,LATAM,Azure Enterprise Group,2025-10-24,M365 Business Standard,12.5,36,0.0,450.0,9,88.9,154.7,1,0,1,0,0.031,Low Risk
MS-12783,SMB (1-50),Education,APAC,Azure Enterprise Group,2025-03-05,M365 Business Premium,22.0,6,0.0,132.0,16,96.2,139.7,3,0,1,0,0.03,Low Risk
MS-12784,SMB (1-50),Technology,APAC,Commercial Partner Org,2025-07-15,M365 Business Premium,22.0,25,0.0,550.0,12,54.9,464.8,2,0,1,0,0.078,Low Risk
MS-12785,Enterprise (500+),Education,North America,Satya Nadella Team,2025-12-08,M365 Business Standard,12.5,1161,0.0,14512.5,7,63.9,14433.7,2,1,1,0,0.016,Low Risk
MS-12786,SMB (1-50),Financial Services,LATAM,Satya Nadella Team,2025-11-06,M365 Business Standard,12.5,28,0.0,350.0,8,67.0,31.8,1,1,1,0,0.02,Low Risk
MS-12787,SMB (1-50),Healthcare,North America,Commercial Partner Org,2025-01-13,M365 Business Standard,12.5,28,0.0,350.0,18,61.6,1040.7,1,1,1,0,0.02,Low Risk
MS-12788,Mid-Market (51-500),Retail,LATAM,Direct Digital,2026-01-16,M365 Business Basic,6.0,83,0.2,398.4,6,91.7,363.0,2,1,0,0,0.05,Low Risk
MS-12789,SMB (1-50),Manufacturing,LATAM,Satya Nadella Team,2026-07-17,M365 Business Standard,12.5,41,0.0,512.5,1,66.6,459.5,1,0,1,0,0.04,Low Risk
MS-12790,Enterprise (500+),Manufacturing,EMEA,Azure Enterprise Group,2025-05-27,M365 Business Premium,22.0,2259,0.1,44728.2,14,38.9,44052.4,1,0,1,0,0.072,Low Risk
MS-12791,Mid-Market (51-500),Education,LATAM,Azure Enterprise Group,2025-11-11,M365 Business Premium,22.0,461,0.1,9127.8,8,56.6,788.6,4,1,1,0,0.042,Low Risk
MS-12792,SMB (1-50),Education,EMEA,Direct Digital,2026-05-20,M365 Business Premium,22.0,10,0.15,187.0,2,39.6,126.7,2,1,1,0,0.057,Low Risk
MS-12793,Enterprise (500+),Retail,North America,Azure Enterprise Group,2026-01-11,M365 Business Premium,22.0,860,0.0,18920.0,6,63.9,338.8,1,1,1,0,0.018,Low Risk
MS-12794,Enterprise (500+),Healthcare,North America,Satya Nadella Team,2026-03-05,M365 Business Standard,12.5,2468,0.0,30850.0,4,80.1,3179.3,0,1,1,0,0.018,Low Risk
MS-12795,SMB (1-50),Technology,EMEA,Direct Digital,2025-08-06,M365 Business Standard,12.5,33,0.0,412.5,11,56.2,508.6,0,1,0,0,0.126,Low Risk
MS-12796,SMB (1-50),Financial Services,North America,Satya Nadella Team,2025-04-30,M365 Business Standard,12.5,40,0.0,500.0,15,60.7,80.9,3,1,1,0,0.023,Low Risk
MS-12797,Mid-Market (51-500),Manufacturing,EMEA,Direct Digital,2025-04-09,M365 Business Premium,22.0,385,0.0,8470.0,15,63.1,2707.8,0,0,1,0,0.065,Low Risk
MS-12798,SMB (1-50),Financial Services,LATAM,Commercial Partner Org,2026-06-20,M365 Business Basic,6.0,32,0.0,192.0,1,70.5,109.6,3,0,1,0,0.031,Low Risk
MS-12799,Enterprise (500+),Technology,North America,Azure Enterprise Group,2026-07-08,M365 E5,57.0,1056,0.1,54172.8,1,77.3,6929.7,2,1,1,0,0.016,Low Risk
MS-12800,Enterprise (500+),Education,APAC,Direct Digital,2025-08-27,M365 Business Standard,12.5,1734,0.0,21675.0,11,82.5,1672.2,1,0,1,0,0.023,Low Risk
MS-12801,SMB (1-50),Manufacturing,APAC,Commercial Partner Org,2025-03-09,M365 Business Standard,12.5,14,0.15,148.75,16,100.0,236.2,0,0,1,0,0.026,Low Risk
MS-12802,Enterprise (500+),Financial Services,LATAM,Satya Nadella Team,2025-10-18,M365 Business Premium,22.0,2036,0.0,44792.0,9,70.2,2011.7,3,0,1,0,0.028,Low Risk
MS-12803,SMB (1-50),Education,LATAM,Commercial Partner Org,2025-07-26,M365 Business Basic,6.0,8,0.1,43.2,12,81.2,174.7,1,0,1,0,0.03,Low Risk
MS-12804,Mid-Market (51-500),Technology,EMEA,Satya Nadella Team,2025-04-10,M365 Business Standard,12.5,323,0.1,3633.75,15,39.4,4211.3,0,1,1,0,0.021,Low Risk
MS-12805,SMB (1-50),Financial Services,LATAM,Direct Digital,2026-07-18,M365 Business Standard,12.5,30,0.0,375.0,1,61.2,194.0,4,0,1,0,0.123,Low Risk
MS-12806,Enterprise (500+),Healthcare,APAC,Direct Digital,2024-12-01,M365 Business Basic,6.0,1410,0.15,7191.0,20,63.1,34069.3,2,1,0,0,0.057,Low Risk
MS-12807,Mid-Market (51-500),Education,North America,Azure Enterprise Group,2025-11-14,M365 E3,36.0,106,0.0,3816.0,8,49.7,262.0,1,0,1,0,0.12,Low Risk
MS-12808,Mid-Market (51-500),Technology,EMEA,Azure Enterprise Group,2024-12-15,M365 E3,36.0,399,0.2,11491.2,19,58.4,1471.3,1,1,0,1,0.227,Medium Risk
MS-12809,Enterprise (500+),Financial Services,EMEA,Direct Digital,2025-05-03,M365 Business Basic,6.0,1480,0.0,8880.0,14,66.1,2619.3,0,0,1,0,0.038,Low Risk
MS-12810,Mid-Market (51-500),Healthcare,North America,Satya Nadella Team,2025-07-02,M365 Business Standard,12.5,59,0.1,663.75,12,58.9,340.2,0,0,1,0,0.077,Low Risk
MS-12811,SMB (1-50),Healthcare,EMEA,Satya Nadella Team,2026-03-09,M365 Business Basic,6.0,42,0.0,252.0,4,100.0,2178.5,1,0,1,0,0.033,Low Risk
MS-12812,Enterprise (500+),Technology,EMEA,Direct Digital,2026-04-21,M365 E3,36.0,2498,0.0,89928.0,3,77.2,5263.1,0,0,1,0,0.028,Low Risk
MS-12813,Mid-Market (51-500),Retail,North America,Satya Nadella Team,2024-12-06,M365 Business Standard,12.5,343,0.0,4287.5,19,100.0,7317.1,0,0,1,0,0.038,Low Risk
MS-12814,Enterprise (500+),Manufacturing,EMEA,Direct Digital,2025-12-21,M365 Business Standard,12.5,1038,0.0,12975.0,7,94.9,13143.7,1,0,1,0,0.04,Low Risk
MS-12815,Enterprise (500+),Technology,APAC,Azure Enterprise Group,2025-05-24,M365 Business Standard,12.5,2189,0.0,27362.5,14,56.5,418.7,2,0,0,0,0.256,Medium Risk
MS-12816,SMB (1-50),Healthcare,EMEA,Satya Nadella Team,2026-03-29,M365 Business Standard,12.5,48,0.1,540.0,4,68.7,1669.5,4,0,0,1,0.215,Medium Risk
MS-12817,SMB (1-50),Healthcare,North America,Azure Enterprise Group,2024-12-12,M365 Business Premium,22.0,16,0.15,299.2,19,60.2,680.4,2,0,1,0,0.066,Low Risk
MS-12818,SMB (1-50),Technology,North America,Commercial Partner Org,2025-05-12,M365 Business Premium,22.0,10,0.0,220.0,14,65.1,310.7,3,0,1,0,0.036,Low Risk
MS-12819,Mid-Market (51-500),Retail,North America,Azure Enterprise Group,2025-11-29,M365 Business Standard,12.5,222,0.0,2775.0,8,50.4,1855.8,1,0,1,0,0.127,Low Risk
MS-12820,SMB (1-50),Manufacturing,APAC,Commercial Partner Org,2026-01-26,M365 Business Premium,22.0,12,0.0,264.0,6,60.1,35.8,0,0,1,1,0.137,Low Risk
MS-12821,Mid-Market (51-500),Financial Services,North America,Azure Enterprise Group,2026-06-28,M365 Business Standard,12.5,141,0.1,1586.25,1,74.5,839.9,1,0,1,0,0.033,Low Risk
MS-12822,SMB (1-50),Technology,EMEA,Azure Enterprise Group,2026-01-06,M365 Business Basic,6.0,25,0.0,150.0,6,74.0,285.7,3,1,1,0,0.014,Low Risk
MS-12823,SMB (1-50),Manufacturing,North America,Satya Nadella Team,2025-05-19,M365 Business Basic,6.0,12,0.15,61.2,14,72.6,68.6,0,0,1,0,0.021,Low Risk
MS-12824,SMB (1-50),Manufacturing,North America,Azure Enterprise Group,2024-10-05,M365 Business Standard,12.5,32,0.1,360.0,21,66.9,472.9,2,0,1,0,0.041,Low Risk
MS-12825,SMB (1-50),Education,APAC,Direct Digital,2025-09-16,M365 Business Premium,22.0,34,0.1,673.2,10,83.5,647.7,2,1,1,0,0.019,Low Risk
MS-12826,Mid-Market (51-500),Healthcare,EMEA,Satya Nadella Team,2025-10-02,M365 E5,57.0,459,0.1,23546.7,9,63.4,1294.1,1,1,0,1,0.097,Low Risk
MS-12827,SMB (1-50),Financial Services,North America,Satya Nadella Team,2024-09-27,M365 Business Basic,6.0,15,0.2,72.0,22,93.0,93.4,2,1,1,0,0.016,Low Risk
MS-12828,SMB (1-50),Technology,North America,Satya Nadella Team,2025-07-03,M365 Business Standard,12.5,24,0.2,240.0,12,34.7,911.2,3,0,1,0,0.1,Low Risk
MS-12829,SMB (1-50),Healthcare,North America,Azure Enterprise Group,2026-07-31,M365 Business Basic,6.0,20,0.1,108.0,1,79.8,69.0,4,1,1,0,0.028,Low Risk
MS-12830,Mid-Market (51-500),Education,EMEA,Satya Nadella Team,2026-07-03,M365 E3,36.0,63,0.0,2268.0,1,76.8,321.6,1,0,1,0,0.033,Low Risk
MS-12831,Mid-Market (51-500),Education,EMEA,Commercial Partner Org,2026-04-04,M365 E3,36.0,490,0.0,17640.0,3,55.9,213.5,3,1,1,0,0.035,Low Risk
MS-12832,SMB (1-50),Healthcare,North America,Commercial Partner Org,2025-02-12,M365 Business Basic,6.0,13,0.0,78.0,17,61.6,63.0,2,0,0,0,0.24,Medium Risk
MS-12833,Mid-Market (51-500),Retail,North America,Azure Enterprise Group,2025-05-16,M365 Business Premium,22.0,168,0.0,3696.0,14,76.4,934.4,1,0,1,0,0.029,Low Risk
MS-12834,SMB (1-50),Manufacturing,North America,Satya Nadella Team,2024-12-11,M365 Business Premium,22.0,44,0.1,871.2,19,84.5,55.5,0,0,1,0,0.027,Low Risk
MS-12835,SMB (1-50),Technology,APAC,Direct Digital,2025-11-29,M365 Business Basic,6.0,44,0.2,211.2,8,36.5,10.0,1,1,1,0,0.035,Low Risk
MS-12836,Mid-Market (51-500),Technology,LATAM,Direct Digital,2025-03-12,M365 Business Standard,12.5,358,0.0,4475.0,16,79.3,3680.0,0,1,1,0,0.016,Low Risk
MS-12837,SMB (1-50),Technology,North America,Commercial Partner Org,2025-06-26,M365 Business Premium,22.0,20,0.0,440.0,13,59.8,86.1,2,0,0,0,0.332,Medium Risk
MS-12838,Mid-Market (51-500),Healthcare,APAC,Azure Enterprise Group,2024-09-21,M365 Business Basic,6.0,145,0.0,870.0,22,88.3,31.3,3,0,1,0,0.033,Low Risk
MS-12839,SMB (1-50),Retail,North America,Azure Enterprise Group,2024-10-15,M365 Business Standard,12.5,19,0.15,201.88,21,34.9,448.2,1,0,1,1,0.106,Low Risk
MS-12840,Enterprise (500+),Financial Services,North America,Azure Enterprise Group,2025-12-24,M365 Business Basic,6.0,3129,0.0,18774.0,7,100.0,32969.2,1,1,1,0,0.028,Low Risk
MS-12841,SMB (1-50),Education,APAC,Azure Enterprise Group,2026-01-09,M365 Business Standard,12.5,27,0.0,337.5,6,52.0,60.8,1,0,1,0,0.112,Low Risk
MS-12842,Mid-Market (51-500),Healthcare,APAC,Azure Enterprise Group,2026-07-15,M365 E3,36.0,218,0.0,7848.0,1,93.7,5243.3,2,1,1,0,0.019,Low Risk
MS-12843,Enterprise (500+),Financial Services,LATAM,Satya Nadella Team,2026-07-22,M365 Business Standard,12.5,1851,0.15,19666.88,1,66.8,6496.5,2,0,1,0,0.034,Low Risk
MS-12844,SMB (1-50),Education,EMEA,Satya Nadella Team,2025-04-11,M365 Business Basic,6.0,47,0.0,282.0,15,53.3,145.5,1,1,1,0,0.022,Low Risk
MS-12845,SMB (1-50),Education,North America,Satya Nadella Team,2025-06-26,M365 Business Basic,6.0,41,0.1,221.4,13,72.8,1107.2,2,1,1,0,0.018,Low Risk
MS-12846,SMB (1-50),Retail,APAC,Direct Digital,2025-12-25,M365 Business Premium,22.0,17,0.0,374.0,7,86.5,40.3,4,0,1,0,0.04,Low Risk
MS-12847,Mid-Market (51-500),Manufacturing,North America,Satya Nadella Team,2024-09-24,M365 Business Standard,12.5,66,0.1,742.5,22,40.1,1672.6,1,0,0,0,0.319,Medium Risk
MS-12848,SMB (1-50),Technology,EMEA,Azure Enterprise Group,2025-08-04,M365 Business Premium,22.0,41,0.0,902.0,11,80.6,799.2,3,1,1,0,0.018,Low Risk
MS-12849,SMB (1-50),Financial Services,North America,Azure Enterprise Group,2024-11-23,M365 Business Basic,6.0,44,0.15,224.4,20,67.8,195.8,0,1,1,0,0.02,Low Risk
MS-12850,Mid-Market (51-500),Healthcare,EMEA,Direct Digital,2024-10-30,M365 E3,36.0,148,0.1,4795.2,21,78.4,62.2,1,0,1,0,0.029,Low Risk
MS-12851,SMB (1-50),Financial Services,North America,Direct Digital,2025-06-15,M365 E3,36.0,33,0.0,1188.0,13,68.2,34.1,0,0,1,0,0.034,Low Risk
MS-12852,Mid-Market (51-500),Manufacturing,North America,Commercial Partner Org,2026-05-27,M365 E3,36.0,289,0.0,10404.0,2,57.7,402.3,3,0,0,0,0.294,Medium Risk
MS-12853,SMB (1-50),Technology,APAC,Direct Digital,2026-01-30,M365 Business Standard,12.5,15,0.0,187.5,6,48.0,398.6,1,1,1,0,0.055,Low Risk
MS-12854,SMB (1-50),Financial Services,North America,Commercial Partner Org,2025-02-01,M365 Business Premium,22.0,32,0.0,704.0,17,80.1,198.7,2,0,0,0,0.183,Low Risk
MS-12855,Mid-Market (51-500),Manufacturing,EMEA,Satya Nadella Team,2025-06-08,M365 Business Standard,12.5,72,0.1,810.0,13,80.0,28.6,1,0,0,0,0.145,Low Risk
MS-12856,Mid-Market (51-500),Healthcare,North America,Azure Enterprise Group,2025-11-08,M365 E3,36.0,358,0.2,10310.4,8,79.9,3493.4,2,0,1,0,0.024,Low Risk
MS-12857,SMB (1-50),Retail,North America,Commercial Partner Org,2025-08-08,M365 Business Basic,6.0,29,0.1,156.6,11,75.7,81.1,1,1,1,0,0.016,Low Risk
MS-12858,SMB (1-50),Education,North America,Commercial Partner Org,2024-11-25,M365 E3,36.0,37,0.0,1332.0,20,85.0,119.0,2,0,0,0,0.169,Low Risk
MS-12859,SMB (1-50),Healthcare,North America,Commercial Partner Org,2026-04-10,M365 Business Standard,12.5,21,0.1,236.25,3,93.3,44.2,3,0,1,0,0.028,Low Risk
MS-12860,SMB (1-50),Technology,APAC,Direct Digital,2025-03-10,M365 E3,36.0,37,0.15,1132.2,16,34.2,637.4,1,0,1,0,0.084,Low Risk
MS-12861,SMB (1-50),Education,North America,Direct Digital,2025-05-10,M365 Business Premium,22.0,29,0.2,510.4,14,25.8,10.0,1,1,1,0,0.05,Low Risk
MS-12862,SMB (1-50),Healthcare,LATAM,Direct Digital,2024-11-07,M365 Business Standard,12.5,37,0.0,462.5,20,98.9,256.6,3,0,1,0,0.031,Low Risk
MS-12863,Mid-Market (51-500),Healthcare,EMEA,Commercial Partner Org,2025-01-24,M365 E5,57.0,208,0.0,11856.0,18,43.9,226.8,1,0,0,0,0.323,Medium Risk
MS-12864,Mid-Market (51-500),Healthcare,North America,Satya Nadella Team,2026-05-27,M365 Business Standard,12.5,260,0.0,3250.0,2,48.4,2507.9,1,0,1,0,0.13,Low Risk
MS-12865,SMB (1-50),Healthcare,EMEA,Azure Enterprise Group,2026-03-08,M365 E5,57.0,29,0.0,1653.0,4,62.8,147.8,2,0,1,1,0.096,Low Risk
MS-12866,SMB (1-50),Education,EMEA,Direct Digital,2026-06-24,M365 E3,36.0,8,0.0,288.0,1,38.2,10.0,2,0,1,0,0.171,Low Risk
MS-12867,SMB (1-50),Technology,APAC,Satya Nadella Team,2026-03-28,M365 E5,57.0,13,0.0,741.0,4,61.1,96.4,1,1,1,0,0.057,Low Risk
MS-12868,Mid-Market (51-500),Manufacturing,North America,Direct Digital,2025-05-13,M365 Business Basic,6.0,279,0.0,1674.0,14,50.9,2830.2,5,0,1,0,0.177,Low Risk
MS-12869,Enterprise (500+),Financial Services,North America,Direct Digital,2025-01-09,M365 Business Standard,12.5,625,0.0,7812.5,18,63.8,2134.2,1,0,0,0,0.185,Low Risk
MS-12870,Mid-Market (51-500),Retail,APAC,Commercial Partner Org,2025-09-12,M365 Business Premium,22.0,73,0.0,1606.0,10,73.0,1270.5,0,1,1,0,0.018,Low Risk
MS-12871,Mid-Market (51-500),Financial Services,LATAM,Commercial Partner Org,2026-02-14,M365 E5,57.0,156,0.15,7558.2,5,61.8,868.0,2,0,1,0,0.091,Low Risk
MS-12872,Mid-Market (51-500),Financial Services,APAC,Direct Digital,2025-03-18,M365 Business Basic,6.0,141,0.0,846.0,16,60.9,2341.2,1,1,1,0,0.018,Low Risk
MS-12873,SMB (1-50),Retail,North America,Azure Enterprise Group,2025-04-09,M365 Business Basic,6.0,26,0.1,140.4,15,72.6,269.9,1,0,1,0,0.025,Low Risk
MS-12874,SMB (1-50),Education,APAC,Direct Digital,2025-10-15,M365 Business Standard,12.5,25,0.0,312.5,9,86.8,610.3,2,1,1,0,0.017,Low Risk
MS-12875,Mid-Market (51-500),Technology,EMEA,Azure Enterprise Group,2026-06-05,M365 E3,36.0,170,0.0,6120.0,1,96.9,1615.1,0,0,1,0,0.031,Low Risk
MS-12876,SMB (1-50),Retail,EMEA,Satya Nadella Team,2025-02-18,M365 E3,36.0,45,0.2,1296.0,17,64.1,110.9,4,0,0,0,0.159,Low Risk
MS-12877,Mid-Market (51-500),Technology,North America,Direct Digital,2025-01-23,M365 Business Standard,12.5,258,0.1,2902.5,18,100.0,5353.9,2,1,1,0,0.014,Low Risk
MS-12878,Mid-Market (51-500),Education,EMEA,Azure Enterprise Group,2026-01-01,M365 Business Basic,6.0,399,0.1,2154.6,6,83.8,7316.2,0,0,1,0,0.035,Low Risk
MS-12879,Mid-Market (51-500),Financial Services,North America,Satya Nadella Team,2025-08-20,M365 Business Premium,22.0,368,0.1,7286.4,11,45.8,15846.1,4,0,1,0,0.108,Low Risk
MS-12880,SMB (1-50),Technology,North America,Satya Nadella Team,2025-02-28,M365 Business Basic,6.0,13,0.0,78.0,17,45.3,15.3,3,0,1,0,0.096,Low Risk
MS-12881,Mid-Market (51-500),Education,APAC,Commercial Partner Org,2025-02-08,M365 Business Premium,22.0,205,0.1,4059.0,17,57.6,2200.7,3,1,0,0,0.115,Low Risk
MS-12882,Mid-Market (51-500),Education,North America,Satya Nadella Team,2025-12-08,M365 Business Standard,12.5,313,0.0,3912.5,7,94.0,2541.4,4,1,1,0,0.027,Low Risk
MS-12883,Mid-Market (51-500),Manufacturing,North America,Commercial Partner Org,2024-10-30,M365 Business Premium,22.0,406,0.15,7592.2,21,59.0,5414.3,1,0,1,0,0.073,Low Risk
MS-12884,Mid-Market (51-500),Retail,North America,Satya Nadella Team,2025-04-03,M365 E3,36.0,205,0.1,6642.0,15,33.9,9645.8,3,0,1,0,0.101,Low Risk
MS-12885,Enterprise (500+),Manufacturing,LATAM,Satya Nadella Team,2026-04-03,M365 Business Standard,12.5,901,0.1,10136.25,3,63.9,8215.7,2,1,1,0,0.017,Low Risk
MS-12886,SMB (1-50),Financial Services,EMEA,Azure Enterprise Group,2025-03-11,M365 Business Standard,12.5,19,0.15,201.88,16,32.3,263.9,1,1,1,0,0.029,Low Risk
MS-12887,SMB (1-50),Retail,North America,Azure Enterprise Group,2026-01-01,M365 E3,36.0,15,0.15,459.0,6,49.0,76.8,1,0,1,0,0.12,Low Risk
MS-12888,SMB (1-50),Financial Services,APAC,Commercial Partner Org,2025-04-13,M365 Business Standard,12.5,44,0.0,550.0,15,57.4,187.5,3,1,1,0,0.025,Low Risk
MS-12889,SMB (1-50),Manufacturing,APAC,Direct Digital,2025-09-27,M365 E3,36.0,46,0.0,1656.0,10,70.7,225.4,0,1,1,0,0.019,Low Risk
MS-12890,Enterprise (500+),Education,North America,Azure Enterprise Group,2025-02-08,M365 Business Basic,6.0,1637,0.15,8348.7,17,86.4,773.4,1,1,1,0,0.011,Low Risk
MS-12891,Enterprise (500+),Financial Services,EMEA,Satya Nadella Team,2025-11-29,M365 E3,36.0,1976,0.0,71136.0,8,80.5,7946.1,3,0,0,0,0.13,Low Risk
MS-12892,SMB (1-50),Retail,APAC,Commercial Partner Org,2024-12-20,M365 Business Basic,6.0,24,0.0,144.0,19,46.8,54.7,4,1,1,0,0.028,Low Risk
MS-12893,SMB (1-50),Retail,EMEA,Commercial Partner Org,2024-10-29,M365 Business Basic,6.0,38,0.0,228.0,21,61.3,278.8,0,1,0,0,0.119,Low Risk
MS-12894,SMB (1-50),Financial Services,North America,Commercial Partner Org,2026-02-27,M365 Business Standard,12.5,26,0.0,325.0,5,69.4,192.7,2,1,1,0,0.016,Low Risk
MS-12895,Mid-Market (51-500),Retail,APAC,Satya Nadella Team,2026-03-07,M365 E5,57.0,444,0.1,22777.2,4,63.3,7721.1,2,0,1,0,0.061,Low Risk
MS-12896,SMB (1-50),Education,EMEA,Azure Enterprise Group,2026-07-05,M365 E5,57.0,20,0.15,969.0,1,63.2,167.5,1,0,1,0,0.075,Low Risk
MS-12897,SMB (1-50),Education,North America,Direct Digital,2024-09-29,M365 Business Basic,6.0,9,0.0,54.0,22,37.0,67.2,3,0,0,0,0.438,Medium Risk
MS-12898,SMB (1-50),Retail,North America,Commercial Partner Org,2025-03-04,M365 Business Basic,6.0,5,0.1,27.0,16,47.3,15.8,1,0,1,0,0.106,Low Risk
MS-12899,SMB (1-50),Financial Services,North America,Satya Nadella Team,2025-04-12,M365 Business Standard,12.5,23,0.0,287.5,15,60.7,528.2,1,0,1,0,0.074,Low Risk
MS-12900,Enterprise (500+),Manufacturing,North America,Azure Enterprise Group,2025-08-23,M365 Business Standard,12.5,2142,0.1,24097.5,11,12.3,2452.4,0,0,1,0,0.073,Low Risk
MS-12901,SMB (1-50),Retail,APAC,Azure Enterprise Group,2026-01-05,M365 E3,36.0,25,0.1,810.0,6,79.5,1210.2,1,0,1,0,0.03,Low Risk
MS-12902,SMB (1-50),Retail,North America,Direct Digital,2026-04-21,M365 Business Standard,12.5,17,0.1,191.25,3,43.3,131.9,1,1,1,0,0.033,Low Risk
MS-12903,SMB (1-50),Retail,North America,Commercial Partner Org,2026-04-01,M365 E3,36.0,28,0.0,1008.0,4,80.4,69.1,2,1,1,0,0.022,Low Risk
MS-12904,SMB (1-50),Retail,EMEA,Satya Nadella Team,2024-12-23,M365 Business Premium,22.0,27,0.0,594.0,19,78.8,141.7,2,1,0,0,0.045,Low Risk
MS-12905,Mid-Market (51-500),Financial Services,North America,Azure Enterprise Group,2025-09-13,M365 Business Premium,22.0,190,0.2,3344.0,10,58.2,35.3,1,0,0,0,0.318,Medium Risk
MS-12906,SMB (1-50),Manufacturing,LATAM,Satya Nadella Team,2025-06-12,M365 E3,36.0,15,0.0,540.0,13,86.0,32.8,2,0,1,1,0.051,Low Risk
MS-12907,SMB (1-50),Manufacturing,North America,Azure Enterprise Group,2024-12-06,M365 Business Basic,6.0,6,0.0,36.0,19,81.4,29.4,1,1,1,0,0.019,Low Risk
MS-12908,Mid-Market (51-500),Technology,North America,Commercial Partner Org,2025-01-02,M365 Business Basic,6.0,374,0.0,2244.0,18,62.4,3628.0,1,0,1,0,0.055,Low Risk
MS-12909,SMB (1-50),Retail,North America,Commercial Partner Org,2025-02-03,M365 E3,36.0,15,0.15,459.0,17,60.4,25.0,2,0,0,0,0.266,Medium Risk
MS-12910,Mid-Market (51-500),Retail,North America,Direct Digital,2024-12-19,M365 Business Basic,6.0,68,0.1,367.2,19,87.8,919.5,4,0,1,0,0.04,Low Risk
MS-12911,SMB (1-50),Technology,North America,Azure Enterprise Group,2024-10-23,M365 Business Basic,6.0,13,0.1,70.2,21,72.2,290.1,5,1,1,0,0.113,Low Risk
MS-12912,SMB (1-50),Manufacturing,EMEA,Satya Nadella Team,2025-02-21,M365 E5,57.0,16,0.1,820.8,17,86.8,163.1,4,1,0,0,0.055,Low Risk
MS-12913,Mid-Market (51-500),Healthcare,LATAM,Azure Enterprise Group,2026-07-11,M365 Business Premium,22.0,370,0.15,6919.0,1,25.0,1564.0,1,1,1,0,0.058,Low Risk
MS-12914,Mid-Market (51-500),Education,North America,Satya Nadella Team,2026-04-11,M365 Business Standard,12.5,146,0.0,1825.0,3,69.8,226.7,0,0,1,0,0.03,Low Risk
MS-12915,Mid-Market (51-500),Healthcare,EMEA,Direct Digital,2025-07-11,M365 Business Premium,22.0,78,0.0,1716.0,12,39.6,14.7,3,1,1,0,0.034,Low Risk
MS-12916,SMB (1-50),Manufacturing,EMEA,Azure Enterprise Group,2026-07-26,M365 Business Standard,12.5,31,0.0,387.5,1,67.5,489.6,1,0,1,0,0.041,Low Risk
MS-12917,SMB (1-50),Retail,APAC,Commercial Partner Org,2025-09-25,M365 E5,57.0,28,0.0,1596.0,10,80.8,332.7,1,0,1,0,0.029,Low Risk
MS-12918,SMB (1-50),Healthcare,North America,Satya Nadella Team,2024-10-15,M365 Business Basic,6.0,18,0.0,108.0,21,99.3,139.7,1,0,1,0,0.027,Low Risk
MS-12919,Mid-Market (51-500),Financial Services,North America,Commercial Partner Org,2026-06-25,M365 Business Premium,22.0,225,0.1,4455.0,1,51.1,290.5,2,0,1,1,0.144,Low Risk
MS-12920,Mid-Market (51-500),Financial Services,North America,Direct Digital,2024-12-26,M365 E3,36.0,454,0.15,13892.4,19,58.5,1263.7,2,0,1,0,0.072,Low Risk
MS-12921,SMB (1-50),Technology,EMEA,Direct Digital,2024-12-31,M365 Business Standard,12.5,25,0.1,281.25,19,66.3,506.5,4,0,1,0,0.06,Low Risk
MS-12922,Mid-Market (51-500),Manufacturing,APAC,Satya Nadella Team,2025-12-26,M365 E3,36.0,80,0.0,2880.0,7,50.5,627.5,2,0,1,0,0.124,Low Risk
MS-12923,Mid-Market (51-500),Manufacturing,North America,Azure Enterprise Group,2025-02-17,M365 E5,57.0,215,0.1,11029.5,17,85.6,8494.2,1,0,1,0,0.032,Low Risk
MS-12924,SMB (1-50),Healthcare,North America,Commercial Partner Org,2026-07-10,M365 Business Premium,22.0,48,0.0,1056.0,1,66.7,6041.4,1,0,1,0,0.04,Low Risk
MS-12925,Mid-Market (51-500),Retail,APAC,Commercial Partner Org,2025-10-05,M365 Business Standard,12.5,487,0.15,5174.38,9,70.2,9426.3,3,0,1,0,0.029,Low Risk
MS-12926,SMB (1-50),Manufacturing,APAC,Satya Nadella Team,2026-06-23,M365 Business Premium,22.0,48,0.2,844.8,1,79.2,172.0,2,0,0,0,0.147,Low Risk
MS-12927,SMB (1-50),Healthcare,LATAM,Satya Nadella Team,2026-01-13,M365 E5,57.0,38,0.1,1949.4,6,66.7,119.8,2,0,1,0,0.037,Low Risk
MS-12928,Enterprise (500+),Healthcare,APAC,Satya Nadella Team,2024-11-13,M365 Business Standard,12.5,3006,0.0,37575.0,20,53.3,10552.5,4,0,1,0,0.069,Low Risk
MS-12929,SMB (1-50),Education,North America,Direct Digital,2025-01-27,M365 Business Premium,22.0,27,0.0,594.0,18,66.9,1401.8,2,0,1,0,0.036,Low Risk
MS-12930,SMB (1-50),Education,EMEA,Direct Digital,2026-02-19,M365 Business Standard,12.5,13,0.15,138.12,5,52.6,63.7,2,0,1,0,0.122,Low Risk
MS-12931,Mid-Market (51-500),Manufacturing,EMEA,Commercial Partner Org,2024-10-31,M365 Business Basic,6.0,58,0.0,348.0,21,69.9,853.1,2,0,1,0,0.033,Low Risk
MS-12932,Enterprise (500+),Healthcare,North America,Azure Enterprise Group,2024-10-24,M365 Business Basic,6.0,1302,0.0,7812.0,21,85.9,49912.7,1,1,1,0,0.012,Low Risk
MS-12933,Enterprise (500+),Technology,EMEA,Satya Nadella Team,2025-04-11,M365 E5,57.0,1395,0.0,79515.0,15,46.9,28668.2,1,0,1,0,0.07,Low Risk
MS-12934,Mid-Market (51-500),Technology,EMEA,Direct Digital,2025-12-17,M365 Business Premium,22.0,151,0.1,2989.8,7,40.4,1649.5,0,1,1,0,0.033,Low Risk
MS-12935,SMB (1-50),Education,North America,Azure Enterprise Group,2025-07-13,M365 Business Basic,6.0,22,0.0,132.0,12,68.9,48.9,3,0,1,0,0.035,Low Risk
MS-12936,Enterprise (500+),Manufacturing,APAC,Satya Nadella Team,2025-02-17,M365 E3,36.0,2336,0.0,84096.0,17,54.2,5390.5,2,0,1,0,0.064,Low Risk
MS-12937,Mid-Market (51-500),Retail,EMEA,Azure Enterprise Group,2024-10-02,M365 Business Standard,12.5,57,0.0,712.5,21,68.6,463.8,3,1,1,0,0.02,Low Risk
MS-12938,SMB (1-50),Technology,LATAM,Satya Nadella Team,2024-10-23,M365 E3,36.0,7,0.0,252.0,21,73.8,255.0,0,1,1,0,0.016,Low Risk
MS-12939,Mid-Market (51-500),Technology,North America,Azure Enterprise Group,2025-01-17,M365 Business Basic,6.0,161,0.0,966.0,18,29.4,4537.4,1,1,1,0,0.02,Low Risk
MS-12940,SMB (1-50),Education,North America,Commercial Partner Org,2025-09-09,M365 E5,57.0,23,0.1,1179.9,10,80.4,50.2,2,0,1,0,0.028,Low Risk
MS-12941,SMB (1-50),Education,EMEA,Satya Nadella Team,2024-10-17,M365 Business Premium,22.0,17,0.1,336.6,21,46.9,69.2,1,1,1,0,0.024,Low Risk
MS-12942,Mid-Market (51-500),Manufacturing,North America,Satya Nadella Team,2024-11-29,M365 Business Premium,22.0,266,0.15,4974.2,20,67.6,2836.7,3,0,0,0,0.156,Low Risk
MS-12943,Mid-Market (51-500),Education,EMEA,Commercial Partner Org,2024-10-06,M365 Business Basic,6.0,393,0.0,2358.0,21,56.1,3060.7,3,0,1,0,0.072,Low Risk
MS-12944,SMB (1-50),Financial Services,APAC,Satya Nadella Team,2025-04-13,M365 Business Standard,12.5,34,0.0,425.0,15,58.1,51.9,0,0,1,0,0.068,Low Risk
MS-12945,SMB (1-50),Healthcare,North America,Satya Nadella Team,2026-03-08,M365 Business Standard,12.5,26,0.0,325.0,4,98.5,143.8,1,1,1,0,0.018,Low Risk
MS-12946,Mid-Market (51-500),Technology,EMEA,Direct Digital,2025-05-27,M365 E5,57.0,58,0.0,3306.0,14,73.7,2154.0,1,0,1,0,0.029,Low Risk
MS-12947,SMB (1-50),Financial Services,EMEA,Commercial Partner Org,2025-03-05,M365 Business Basic,6.0,47,0.0,282.0,16,84.3,1706.1,0,1,1,0,0.022,Low Risk
MS-12948,SMB (1-50),Retail,North America,Direct Digital,2025-09-06,M365 Business Premium,22.0,33,0.0,726.0,10,70.7,324.6,2,1,1,0,0.018,Low Risk
MS-12949,Mid-Market (51-500),Financial Services,LATAM,Commercial Partner Org,2025-04-23,M365 Business Basic,6.0,437,0.1,2359.8,15,79.2,5289.0,2,0,1,0,0.029,Low Risk
MS-12950,Enterprise (500+),Manufacturing,APAC,Azure Enterprise Group,2024-12-31,M365 Business Basic,6.0,2520,0.0,15120.0,19,75.5,7587.5,2,1,0,0,0.03,Low Risk
MS-12951,Mid-Market (51-500),Retail,EMEA,Commercial Partner Org,2025-10-29,M365 Business Standard,12.5,236,0.0,2950.0,9,72.6,3836.3,4,1,1,0,0.025,Low Risk
MS-12952,Mid-Market (51-500),Retail,EMEA,Commercial Partner Org,2025-09-24,M365 E3,36.0,177,0.1,5734.8,10,87.9,114.5,2,1,1,0,0.018,Low Risk
MS-12953,Mid-Market (51-500),Education,EMEA,Direct Digital,2024-12-26,M365 E3,36.0,466,0.1,15098.4,19,70.8,1394.3,2,0,1,0,0.027,Low Risk
MS-12954,Mid-Market (51-500),Financial Services,APAC,Satya Nadella Team,2025-12-10,M365 E5,57.0,422,0.0,24054.0,7,100.0,29.9,4,1,1,0,0.033,Low Risk
MS-12955,SMB (1-50),Manufacturing,EMEA,Commercial Partner Org,2025-11-03,M365 E5,57.0,12,0.2,547.2,8,85.3,70.2,2,1,1,0,0.018,Low Risk
MS-12956,Enterprise (500+),Technology,EMEA,Satya Nadella Team,2025-11-16,M365 Business Basic,6.0,2333,0.0,13998.0,8,47.5,50000.0,2,0,1,1,0.142,Low Risk
MS-12957,SMB (1-50),Education,APAC,Commercial Partner Org,2024-10-09,M365 E3,36.0,17,0.0,612.0,21,64.8,825.4,0,1,1,0,0.019,Low Risk
MS-12958,SMB (1-50),Financial Services,North America,Direct Digital,2025-02-09,M365 Business Standard,12.5,30,0.0,375.0,17,75.1,396.7,0,1,1,0,0.021,Low Risk
MS-12959,SMB (1-50),Technology,APAC,Commercial Partner Org,2026-05-14,M365 E3,36.0,36,0.0,1296.0,2,68.8,590.1,3,1,1,0,0.021,Low Risk
MS-12960,Mid-Market (51-500),Financial Services,North America,Azure Enterprise Group,2026-02-08,M365 Business Basic,6.0,352,0.0,2112.0,5,80.4,1287.6,1,0,1,0,0.036,Low Risk
MS-12961,SMB (1-50),Education,North America,Commercial Partner Org,2025-02-13,M365 E3,36.0,19,0.1,615.6,17,82.3,167.5,3,0,1,0,0.028,Low Risk
MS-12962,SMB (1-50),Technology,North America,Commercial Partner Org,2025-11-19,M365 Business Basic,6.0,6,0.15,30.6,8,43.5,96.0,2,0,1,0,0.16,Low Risk
MS-12963,Mid-Market (51-500),Education,LATAM,Satya Nadella Team,2025-11-17,M365 Business Standard,12.5,253,0.0,3162.5,8,91.1,2087.9,1,1,1,0,0.017,Low Risk
MS-12964,Enterprise (500+),Financial Services,APAC,Satya Nadella Team,2025-07-28,M365 Business Basic,6.0,2292,0.0,13752.0,12,59.1,2550.0,3,0,1,0,0.082,Low Risk
MS-12965,Mid-Market (51-500),Retail,EMEA,Azure Enterprise Group,2025-08-01,M365 Business Basic,6.0,396,0.15,2019.6,12,57.3,6417.1,3,0,0,0,0.213,Medium Risk
MS-12966,SMB (1-50),Healthcare,EMEA,Commercial Partner Org,2024-12-21,M365 Business Standard,12.5,43,0.0,537.5,19,57.2,127.9,4,1,1,0,0.024,Low Risk
MS-12967,SMB (1-50),Retail,EMEA,Satya Nadella Team,2025-01-17,M365 E3,36.0,37,0.0,1332.0,18,82.6,45.6,1,0,1,0,0.028,Low Risk
MS-12968,Mid-Market (51-500),Education,LATAM,Commercial Partner Org,2025-02-13,M365 E3,36.0,339,0.0,12204.0,17,63.2,2645.0,3,0,1,0,0.049,Low Risk
MS-12969,SMB (1-50),Education,EMEA,Direct Digital,2025-10-19,M365 Business Basic,6.0,43,0.0,258.0,9,56.1,40.0,2,0,1,0,0.114,Low Risk
MS-12970,Mid-Market (51-500),Education,North America,Direct Digital,2025-02-16,M365 Business Basic,6.0,401,0.0,2406.0,17,60.4,4777.1,2,0,1,1,0.109,Low Risk
MS-12971,SMB (1-50),Technology,North America,Azure Enterprise Group,2025-01-02,M365 Business Standard,12.5,21,0.0,262.5,18,35.7,257.8,1,0,1,0,0.09,Low Risk
MS-12972,Enterprise (500+),Manufacturing,APAC,Direct Digital,2026-03-04,M365 E3,36.0,2844,0.0,102384.0,4,52.8,10124.4,4,0,1,0,0.101,Low Risk
MS-12973,SMB (1-50),Education,EMEA,Satya Nadella Team,2024-12-07,M365 Business Basic,6.0,48,0.2,230.4,19,45.7,1923.4,3,0,1,0,0.085,Low Risk
MS-12974,SMB (1-50),Retail,North America,Satya Nadella Team,2024-10-30,M365 Business Standard,12.5,24,0.0,300.0,21,63.2,501.1,2,0,1,0,0.054,Low Risk
MS-12975,Enterprise (500+),Healthcare,North America,Azure Enterprise Group,2024-09-19,M365 Business Basic,6.0,2737,0.1,14779.8,22,80.0,3812.2,3,1,1,0,0.013,Low Risk
MS-12976,SMB (1-50),Education,APAC,Commercial Partner Org,2025-01-02,M365 Business Standard,12.5,16,0.0,200.0,18,78.0,265.0,2,1,1,0,0.014,Low Risk
MS-12977,SMB (1-50),Education,North America,Satya Nadella Team,2025-04-14,M365 Business Basic,6.0,34,0.0,204.0,15,90.6,177.7,3,0,1,0,0.031,Low Risk
MS-12978,Mid-Market (51-500),Education,EMEA,Direct Digital,2026-05-05,M365 Business Basic,6.0,152,0.0,912.0,2,86.6,2530.7,1,0,1,0,0.034,Low Risk
MS-12979,SMB (1-50),Technology,LATAM,Satya Nadella Team,2025-07-21,M365 Business Basic,6.0,6,0.2,28.8,12,58.5,116.2,1,1,0,0,0.182,Low Risk
MS-12980,SMB (1-50),Education,North America,Azure Enterprise Group,2024-09-17,M365 Business Standard,12.5,22,0.1,247.5,22,68.3,43.3,1,0,1,0,0.03,Low Risk
MS-12981,SMB (1-50),Retail,North America,Direct Digital,2024-11-19,M365 Business Standard,12.5,32,0.0,400.0,20,67.4,416.3,5,0,1,0,0.137,Low Risk
MS-12982,SMB (1-50),Financial Services,EMEA,Direct Digital,2026-04-20,M365 Business Premium,22.0,8,0.2,140.8,3,29.3,190.6,2,1,1,0,0.062,Low Risk
MS-12983,SMB (1-50),Manufacturing,APAC,Direct Digital,2025-11-30,M365 Business Basic,6.0,46,0.1,248.4,8,46.1,215.6,2,0,0,1,0.348,Medium Risk
MS-12984,Mid-Market (51-500),Education,EMEA,Azure Enterprise Group,2026-02-23,M365 Business Basic,6.0,430,0.2,2064.0,5,65.0,432.1,2,0,1,0,0.04,Low Risk
MS-12985,Mid-Market (51-500),Technology,LATAM,Azure Enterprise Group,2026-06-08,M365 Business Basic,6.0,250,0.1,1350.0,1,64.9,82.9,3,1,1,0,0.023,Low Risk
MS-12986,SMB (1-50),Retail,North America,Commercial Partner Org,2026-05-24,M365 E3,36.0,42,0.0,1512.0,2,77.2,58.7,2,1,0,0,0.058,Low Risk
MS-12987,SMB (1-50),Education,EMEA,Commercial Partner Org,2025-09-13,M365 Business Premium,22.0,13,0.1,257.4,10,76.3,10.0,2,0,0,0,0.136,Low Risk
MS-12988,Enterprise (500+),Technology,EMEA,Commercial Partner Org,2025-03-10,M365 Business Premium,22.0,659,0.2,11598.4,16,36.1,3131.0,6,0,1,0,0.219,Medium Risk
MS-12989,Enterprise (500+),Financial Services,APAC,Azure Enterprise Group,2026-06-27,M365 Business Standard,12.5,2946,0.0,36825.0,1,77.3,12575.3,4,0,1,0,0.036,Low Risk
MS-12990,SMB (1-50),Healthcare,North America,Direct Digital,2026-01-04,M365 Business Basic,6.0,34,0.1,183.6,6,71.2,47.7,3,0,0,0,0.172,Low Risk
MS-12991,Mid-Market (51-500),Education,APAC,Direct Digital,2025-10-10,M365 Business Basic,6.0,276,0.0,1656.0,9,79.2,3487.6,3,1,1,0,0.021,Low Risk
MS-12992,Mid-Market (51-500),Retail,EMEA,Satya Nadella Team,2025-05-30,M365 Business Standard,12.5,417,0.0,5212.5,14,87.2,24102.6,3,0,1,0,0.026,Low Risk
MS-12993,SMB (1-50),Technology,North America,Commercial Partner Org,2026-06-06,M365 Business Premium,22.0,8,0.0,176.0,1,65.4,221.9,3,0,1,0,0.046,Low Risk
MS-12994,SMB (1-50),Technology,North America,Direct Digital,2025-11-04,M365 E3,36.0,42,0.0,1512.0,8,90.4,146.9,3,0,1,0,0.033,Low Risk
MS-12995,SMB (1-50),Education,APAC,Direct Digital,2026-02-02,M365 E3,36.0,17,0.1,550.8,5,52.0,299.8,5,1,1,0,0.184,Low Risk
MS-12996,Mid-Market (51-500),Technology,North America,Direct Digital,2026-06-08,M365 Business Standard,12.5,73,0.0,912.5,1,51.0,2419.9,0,0,1,0,0.124,Low Risk
MS-12997,Mid-Market (51-500),Healthcare,North America,Direct Digital,2025-09-19,M365 Business Standard,12.5,239,0.0,2987.5,10,75.7,6792.4,2,0,1,0,0.031,Low Risk
MS-12998,Mid-Market (51-500),Technology,North America,Azure Enterprise Group,2025-03-11,M365 Business Basic,6.0,461,0.1,2489.4,16,61.4,11943.1,1,0,1,0,0.082,Low Risk
MS-12999,SMB (1-50),Manufacturing,APAC,Commercial Partner Org,2026-04-26,M365 Business Standard,12.5,8,0.2,80.0,3,72.7,148.2,2,0,1,0,0.024,Low Risk
MS-13000,Mid-Market (51-500),Manufacturing,EMEA,Direct Digital,2025-11-09,M365 E5,57.0,479,0.0,27303.0,8,100.0,1992.9,3,0,1,0,0.029,Low Risk
MS-13001,Mid-Market (51-500),Technology,APAC,Direct Digital,2024-11-02,M365 Business Basic,6.0,77,0.0,462.0,20,75.1,80.6,3,0,0,0,0.171,Low Risk
MS-13002,Enterprise (500+),Education,North America,Direct Digital,2025-04-04,M365 E5,57.0,1634,0.0,93138.0,15,71.8,13119.3,2,1,1,0,0.01,Low Risk
MS-13003,SMB (1-50),Manufacturing,EMEA,Direct Digital,2025-01-12,M365 Business Standard,12.5,19,0.0,237.5,18,52.4,12.8,2,0,1,1,0.103,Low Risk
MS-13004,Mid-Market (51-500),Retail,EMEA,Satya Nadella Team,2026-05-12,M365 Business Standard,12.5,260,0.1,2925.0,2,37.4,20232.9,3,0,1,0,0.134,Low Risk
MS-13005,SMB (1-50),Manufacturing,APAC,Direct Digital,2025-02-08,M365 Business Basic,6.0,14,0.2,67.2,17,66.7,74.5,2,1,1,1,0.034,Low Risk
MS-13006,Mid-Market (51-500),Technology,APAC,Direct Digital,2025-05-16,M365 Business Premium,22.0,248,0.0,5456.0,14,87.2,9458.4,3,0,1,0,0.033,Low Risk
MS-13007,Mid-Market (51-500),Education,North America,Direct Digital,2025-10-30,M365 Business Standard,12.5,224,0.0,2800.0,9,62.2,3987.2,2,0,1,0,0.072,Low Risk
MS-13008,SMB (1-50),Financial Services,EMEA,Satya Nadella Team,2026-02-10,M365 Business Standard,12.5,44,0.1,495.0,5,75.2,279.7,1,0,0,0,0.17,Low Risk
MS-13009,Mid-Market (51-500),Education,North America,Azure Enterprise Group,2025-08-24,M365 Business Standard,12.5,106,0.0,1325.0,11,93.7,160.2,1,1,1,0,0.019,Low Risk
MS-13010,SMB (1-50),Education,EMEA,Satya Nadella Team,2025-09-10,M365 Business Basic,6.0,39,0.0,234.0,10,93.2,126.7,0,1,1,0,0.019,Low Risk
MS-13011,Mid-Market (51-500),Education,North America,Direct Digital,2026-03-25,M365 Business Standard,12.5,202,0.1,2272.5,4,75.7,2709.9,1,1,0,0,0.049,Low Risk
MS-13012,SMB (1-50),Retail,North America,Azure Enterprise Group,2024-09-09,M365 Business Standard,12.5,22,0.0,275.0,22,71.1,467.7,1,0,1,0,0.028,Low Risk
MS-13013,Mid-Market (51-500),Healthcare,North America,Direct Digital,2025-03-16,M365 Business Premium,22.0,88,0.0,1936.0,16,40.7,4102.0,0,1,0,0,0.128,Low Risk
MS-13014,Enterprise (500+),Technology,EMEA,Azure Enterprise Group,2024-12-26,M365 Business Premium,22.0,1379,0.0,30338.0,19,56.7,2345.7,1,1,1,0,0.018,Low Risk
MS-13015,SMB (1-50),Healthcare,North America,Direct Digital,2024-09-10,M365 Business Standard,12.5,6,0.15,63.75,22,62.9,12.2,2,1,0,0,0.101,Low Risk
MS-13016,Mid-Market (51-500),Financial Services,EMEA,Direct Digital,2026-02-01,M365 Business Premium,22.0,59,0.0,1298.0,5,52.7,30.7,1,0,1,0,0.116,Low Risk
MS-13017,SMB (1-50),Healthcare,North America,Azure Enterprise Group,2025-08-15,M365 Business Standard,12.5,19,0.0,237.5,11,72.5,68.8,0,0,1,0,0.025,Low Risk
MS-13018,SMB (1-50),Technology,North America,Azure Enterprise Group,2025-10-09,M365 Business Premium,22.0,49,0.0,1078.0,9,100.0,1011.8,2,0,1,0,0.034,Low Risk
MS-13019,Mid-Market (51-500),Technology,APAC,Direct Digital,2026-05-28,M365 Business Basic,6.0,226,0.0,1356.0,2,95.3,599.3,1,1,1,0,0.022,Low Risk
MS-13020,Mid-Market (51-500),Financial Services,North America,Satya Nadella Team,2026-03-29,M365 Business Basic,6.0,473,0.0,2838.0,4,72.4,4505.5,2,0,1,0,0.031,Low Risk
MS-13021,Enterprise (500+),Technology,North America,Satya Nadella Team,2024-09-04,M365 Business Basic,6.0,1935,0.15,9868.5,22,82.0,13730.6,1,0,1,0,0.037,Low Risk
MS-13022,Enterprise (500+),Financial Services,EMEA,Satya Nadella Team,2025-07-25,M365 E3,36.0,1089,0.0,39204.0,12,54.9,5152.3,1,1,1,0,0.02,Low Risk
MS-13023,Mid-Market (51-500),Financial Services,North America,Satya Nadella Team,2026-01-25,M365 Business Basic,6.0,189,0.1,1020.6,6,94.4,2184.6,1,1,1,0,0.021,Low Risk
MS-13024,Mid-Market (51-500),Technology,North America,Azure Enterprise Group,2025-01-08,M365 Business Basic,6.0,292,0.0,1752.0,18,39.9,2445.1,3,1,1,0,0.023,Low Risk
MS-13025,Mid-Market (51-500),Manufacturing,North America,Azure Enterprise Group,2026-04-10,M365 Business Standard,12.5,366,0.0,4575.0,3,84.4,1790.2,3,1,1,0,0.023,Low Risk
MS-13026,SMB (1-50),Financial Services,LATAM,Satya Nadella Team,2025-12-28,M365 Business Basic,6.0,38,0.0,228.0,7,76.9,532.4,1,0,1,0,0.03,Low Risk
MS-13027,SMB (1-50),Technology,EMEA,Commercial Partner Org,2025-08-24,M365 E3,36.0,45,0.0,1620.0,11,54.4,177.4,1,0,0,0,0.286,Medium Risk
MS-13028,SMB (1-50),Manufacturing,EMEA,Commercial Partner Org,2025-09-20,M365 Business Premium,22.0,44,0.15,822.8,10,64.2,544.1,3,1,1,0,0.02,Low Risk
MS-13029,Mid-Market (51-500),Financial Services,EMEA,Commercial Partner Org,2025-05-12,M365 E5,57.0,238,0.0,13566.0,14,47.6,9002.9,1,0,1,0,0.1,Low Risk
MS-13030,Mid-Market (51-500),Manufacturing,North America,Direct Digital,2025-02-14,M365 Business Basic,6.0,228,0.1,1231.2,17,48.4,3571.7,3,0,1,0,0.081,Low Risk
MS-13031,Mid-Market (51-500),Retail,North America,Satya Nadella Team,2026-07-12,M365 Business Standard,12.5,117,0.15,1243.12,1,39.4,760.9,4,0,1,0,0.143,Low Risk
MS-13032,SMB (1-50),Education,APAC,Direct Digital,2025-12-13,M365 Business Premium,22.0,34,0.0,748.0,7,81.8,561.6,0,1,1,0,0.022,Low Risk
MS-13033,Enterprise (500+),Retail,North America,Azure Enterprise Group,2026-01-06,M365 Business Premium,22.0,1904,0.0,41888.0,6,89.7,37853.4,2,0,1,0,0.026,Low Risk
MS-13034,SMB (1-50),Manufacturing,North America,Azure Enterprise Group,2025-08-04,M365 Business Basic,6.0,22,0.0,132.0,11,29.1,104.1,2,0,1,0,0.099,Low Risk
MS-13035,Mid-Market (51-500),Financial Services,North America,Commercial Partner Org,2024-10-21,M365 Business Premium,22.0,450,0.0,9900.0,21,100.0,6594.6,2,1,1,0,0.013,Low Risk
MS-13036,SMB (1-50),Technology,North America,Commercial Partner Org,2024-10-26,M365 E3,36.0,13,0.1,421.2,21,67.8,88.9,6,0,1,0,0.178,Low Risk
MS-13037,SMB (1-50),Healthcare,LATAM,Azure Enterprise Group,2024-11-12,M365 Business Basic,6.0,13,0.15,66.3,20,73.2,266.2,1,0,0,0,0.222,Medium Risk
MS-13038,Mid-Market (51-500),Technology,North America,Commercial Partner Org,2026-04-23,M365 Business Premium,22.0,333,0.1,6593.4,3,41.5,1399.0,3,0,0,1,0.36,Medium Risk
MS-13039,Enterprise (500+),Healthcare,EMEA,Commercial Partner Org,2024-10-22,M365 Business Standard,12.5,2293,0.0,28662.5,21,91.8,50000.0,5,0,1,0,0.164,Low Risk
MS-13040,SMB (1-50),Healthcare,North America,Azure Enterprise Group,2025-01-03,M365 E5,57.0,48,0.0,2736.0,18,71.6,492.6,1,0,1,0,0.029,Low Risk
MS-13041,SMB (1-50),Financial Services,LATAM,Direct Digital,2025-05-20,M365 Business Standard,12.5,46,0.1,517.5,14,88.5,240.6,3,0,0,0,0.144,Low Risk
MS-13042,SMB (1-50),Manufacturing,North America,Commercial Partner Org,2026-03-29,M365 Business Basic,6.0,20,0.2,96.0,4,90.0,130.5,2,0,1,0,0.025,Low Risk
MS-13043,SMB (1-50),Technology,North America,Direct Digital,2026-03-02,M365 Business Standard,12.5,42,0.1,472.5,5,92.0,215.4,0,1,1,0,0.027,Low Risk
MS-13044,SMB (1-50),Manufacturing,EMEA,Commercial Partner Org,2026-02-03,M365 E5,57.0,15,0.0,855.0,5,56.3,28.5,1,0,0,0,0.34,Medium Risk
MS-13045,Mid-Market (51-500),Retail,EMEA,Satya Nadella Team,2025-07-27,M365 Business Premium,22.0,158,0.0,3476.0,12,64.3,134.5,4,1,1,0,0.027,Low Risk
MS-13046,Enterprise (500+),Financial Services,North America,Direct Digital,2025-07-20,M365 Business Standard,12.5,2720,0.15,28900.0,12,57.0,12673.5,4,0,0,0,0.211,Medium Risk
MS-13047,SMB (1-50),Financial Services,North America,Direct Digital,2025-04-29,M365 Business Premium,22.0,23,0.0,506.0,15,84.1,169.4,1,1,0,0,0.05,Low Risk
MS-13048,Mid-Market (51-500),Retail,North America,Commercial Partner Org,2025-06-12,M365 Business Premium,22.0,358,0.0,7876.0,13,74.0,1929.5,2,1,1,0,0.014,Low Risk
MS-13049,SMB (1-50),Technology,North America,Direct Digital,2026-04-25,M365 Business Basic,6.0,33,0.1,178.2,3,87.2,10.0,1,1,0,0,0.07,Low Risk
MS-13050,SMB (1-50),Education,North America,Satya Nadella Team,2025-05-22,M365 Business Basic,6.0,20,0.0,120.0,14,88.0,207.6,0,0,1,0,0.024,Low Risk
MS-13051,SMB (1-50),Retail,EMEA,Azure Enterprise Group,2025-06-26,M365 Business Premium,22.0,44,0.0,968.0,13,36.9,82.6,1,0,1,0,0.099,Low Risk
MS-13052,Mid-Market (51-500),Technology,North America,Satya Nadella Team,2025-03-24,M365 Business Standard,12.5,65,0.0,812.5,16,92.3,184.9,1,0,1,0,0.036,Low Risk
MS-13053,SMB (1-50),Healthcare,North America,Azure Enterprise Group,2025-06-18,M365 Business Basic,6.0,38,0.2,182.4,13,85.1,58.7,2,0,0,1,0.162,Low Risk
MS-13054,SMB (1-50),Financial Services,EMEA,Satya Nadella Team,2025-03-30,M365 E3,36.0,10,0.0,360.0,16,61.4,88.2,3,0,1,0,0.072,Low Risk
MS-13055,SMB (1-50),Technology,LATAM,Satya Nadella Team,2025-09-01,M365 Business Standard,12.5,49,0.2,490.0,10,74.3,58.8,3,0,0,0,0.129,Low Risk
MS-13056,SMB (1-50),Manufacturing,EMEA,Direct Digital,2025-12-08,M365 Business Standard,12.5,49,0.0,612.5,7,65.8,174.2,0,0,1,0,0.039,Low Risk
MS-13057,SMB (1-50),Manufacturing,North America,Satya Nadella Team,2025-07-19,M365 Business Basic,6.0,34,0.15,173.4,12,79.1,245.2,1,0,1,0,0.027,Low Risk
MS-13058,Enterprise (500+),Financial Services,North America,Commercial Partner Org,2025-08-24,M365 Business Premium,22.0,590,0.2,10384.0,11,61.3,1299.7,0,1,1,0,0.042,Low Risk
MS-13059,Mid-Market (51-500),Retail,LATAM,Commercial Partner Org,2024-12-03,M365 Business Premium,22.0,439,0.0,9658.0,19,76.6,3113.5,1,0,1,0,0.026,Low Risk
MS-13060,Enterprise (500+),Education,North America,Commercial Partner Org,2025-02-16,M365 Business Premium,22.0,1895,0.1,37521.0,17,69.2,9543.3,2,0,1,0,0.028,Low Risk
MS-13061,SMB (1-50),Retail,North America,Commercial Partner Org,2025-06-24,M365 Business Basic,6.0,16,0.0,96.0,13,60.2,378.3,2,0,0,1,0.403,Medium Risk
MS-13062,SMB (1-50),Technology,EMEA,Direct Digital,2026-01-29,M365 Business Premium,22.0,10,0.0,220.0,6,71.4,190.1,0,1,1,0,0.017,Low Risk
MS-13063,SMB (1-50),Retail,EMEA,Commercial Partner Org,2024-12-07,M365 E5,57.0,43,0.1,2205.9,19,100.0,2549.7,0,1,1,0,0.023,Low Risk
MS-13064,SMB (1-50),Financial Services,EMEA,Satya Nadella Team,2025-08-16,M365 Business Standard,12.5,10,0.15,106.25,11,55.7,90.3,2,0,1,0,0.097,Low Risk
MS-13065,Mid-Market (51-500),Technology,North America,Commercial Partner Org,2026-04-02,M365 Business Basic,6.0,121,0.1,653.4,3,63.5,1243.8,2,1,1,0,0.035,Low Risk
MS-13066,SMB (1-50),Healthcare,North America,Direct Digital,2026-06-12,M365 E3,36.0,13,0.0,468.0,1,56.0,457.2,1,0,0,0,0.279,Medium Risk
MS-13067,SMB (1-50),Retail,LATAM,Azure Enterprise Group,2025-10-06,M365 Business Basic,6.0,9,0.0,54.0,9,57.9,55.1,1,1,1,0,0.053,Low Risk
MS-13068,Mid-Market (51-500),Retail,North America,Satya Nadella Team,2025-11-25,M365 Business Standard,12.5,333,0.15,3538.12,8,82.7,3241.6,2,0,0,0,0.13,Low Risk
MS-13069,SMB (1-50),Education,EMEA,Satya Nadella Team,2025-12-19,M365 Business Basic,6.0,12,0.0,72.0,7,80.9,68.6,0,0,1,0,0.022,Low Risk
MS-13070,Enterprise (500+),Technology,EMEA,Direct Digital,2025-10-24,M365 Business Standard,12.5,3476,0.0,43450.0,9,67.9,32925.4,1,0,1,0,0.042,Low Risk
MS-13071,SMB (1-50),Manufacturing,EMEA,Azure Enterprise Group,2024-09-04,M365 Business Standard,12.5,8,0.0,100.0,22,86.5,10.0,1,1,0,0,0.082,Low Risk
MS-13072,Mid-Market (51-500),Retail,North America,Commercial Partner Org,2025-07-21,M365 Business Basic,6.0,269,0.0,1614.0,12,82.3,4943.8,1,1,0,0,0.045,Low Risk
MS-13073,SMB (1-50),Financial Services,North America,Azure Enterprise Group,2025-09-04,M365 E3,36.0,11,0.0,396.0,10,65.1,556.8,3,0,1,0,0.036,Low Risk
MS-13074,Enterprise (500+),Retail,EMEA,Satya Nadella Team,2026-05-07,M365 Business Standard,12.5,2218,0.15,23566.25,2,40.4,1809.9,5,0,1,0,0.198,Low Risk
MS-13075,SMB (1-50),Education,APAC,Satya Nadella Team,2025-09-30,M365 Business Premium,22.0,49,0.15,916.3,10,82.9,949.4,0,0,0,0,0.159,Low Risk
MS-13076,Mid-Market (51-500),Healthcare,LATAM,Satya Nadella Team,2026-03-10,M365 Business Standard,12.5,453,0.1,5096.25,4,71.1,1504.3,0,1,1,0,0.021,Low Risk
MS-13077,SMB (1-50),Education,North America,Azure Enterprise Group,2024-12-28,M365 Business Premium,22.0,19,0.1,376.2,19,68.4,50.2,2,1,1,0,0.019,Low Risk
MS-13078,Mid-Market (51-500),Retail,North America,Commercial Partner Org,2025-03-09,M365 Business Standard,12.5,152,0.0,1900.0,16,59.6,2156.2,2,0,1,0,0.071,Low Risk
MS-13079,SMB (1-50),Manufacturing,LATAM,Satya Nadella Team,2026-05-15,M365 E3,36.0,36,0.0,1296.0,2,81.4,19.5,3,1,1,0,0.025,Low Risk
MS-13080,SMB (1-50),Retail,EMEA,Direct Digital,2025-10-21,M365 E3,36.0,18,0.1,583.2,9,74.3,134.4,1,1,1,0,0.018,Low Risk
MS-13081,Enterprise (500+),Technology,APAC,Commercial Partner Org,2024-12-15,M365 Business Premium,22.0,3433,0.2,60420.8,19,63.7,59.5,4,0,1,0,0.095,Low Risk
MS-13082,Enterprise (500+),Retail,North America,Satya Nadella Team,2025-02-12,M365 Business Standard,12.5,2033,0.0,25412.5,17,45.9,19719.8,2,0,0,1,0.254,Medium Risk
MS-13083,SMB (1-50),Manufacturing,EMEA,Commercial Partner Org,2026-05-31,M365 E3,36.0,14,0.2,403.2,2,87.2,104.2,0,1,0,0,0.043,Low Risk
MS-13084,Mid-Market (51-500),Technology,EMEA,Direct Digital,2025-08-12,M365 Business Standard,12.5,471,0.2,4710.0,11,78.9,13964.9,4,1,1,0,0.033,Low Risk
MS-13085,SMB (1-50),Financial Services,EMEA,Azure Enterprise Group,2024-12-07,M365 Business Basic,6.0,17,0.0,102.0,19,72.6,259.9,3,0,1,0,0.033,Low Risk
MS-13086,Mid-Market (51-500),Technology,North America,Satya Nadella Team,2025-12-30,M365 Business Basic,6.0,392,0.2,1881.6,7,20.2,633.5,3,0,1,0,0.135,Low Risk
MS-13087,Mid-Market (51-500),Education,North America,Direct Digital,2025-07-28,M365 E5,57.0,186,0.1,9541.8,12,67.3,977.2,0,1,1,1,0.017,Low Risk
MS-13088,SMB (1-50),Healthcare,EMEA,Satya Nadella Team,2025-09-05,M365 Business Basic,6.0,9,0.0,54.0,10,63.7,289.7,3,1,0,0,0.11,Low Risk
MS-13089,Enterprise (500+),Education,North America,Satya Nadella Team,2025-11-16,M365 E3,36.0,3089,0.0,111204.0,8,56.9,47899.3,4,0,1,0,0.091,Low Risk
MS-13090,Mid-Market (51-500),Technology,EMEA,Azure Enterprise Group,2024-12-29,M365 Business Basic,6.0,388,0.1,2095.2,19,81.6,4200.1,3,0,1,0,0.037,Low Risk
MS-13091,SMB (1-50),Financial Services,LATAM,Azure Enterprise Group,2025-06-26,M365 Business Standard,12.5,16,0.15,170.0,13,80.9,157.2,1,1,1,0,0.014,Low Risk
MS-13092,Mid-Market (51-500),Retail,North America,Commercial Partner Org,2025-01-21,M365 Business Premium,22.0,67,0.0,1474.0,18,75.9,408.2,0,0,1,0,0.028,Low Risk
MS-13093,SMB (1-50),Technology,APAC,Direct Digital,2026-06-04,M365 Business Basic,6.0,25,0.0,150.0,1,86.7,264.0,3,0,1,0,0.032,Low Risk
MS-13094,Mid-Market (51-500),Education,North America,Direct Digital,2026-05-09,M365 Business Premium,22.0,445,0.1,8811.0,2,49.6,7886.9,3,1,1,0,0.04,Low Risk
MS-13095,Mid-Market (51-500),Technology,EMEA,Azure Enterprise Group,2024-12-02,M365 Business Premium,22.0,449,0.0,9878.0,19,59.8,735.1,4,0,1,0,0.072,Low Risk
MS-13096,SMB (1-50),Technology,LATAM,Satya Nadella Team,2025-06-24,M365 Business Standard,12.5,36,0.15,382.5,13,69.3,1512.4,2,0,0,0,0.205,Medium Risk
MS-13097,Mid-Market (51-500),Technology,North America,Commercial Partner Org,2025-11-21,M365 Business Premium,22.0,294,0.2,5174.4,8,56.8,965.3,1,1,1,0,0.03,Low Risk
MS-13098,Mid-Market (51-500),Financial Services,North America,Azure Enterprise Group,2025-12-24,M365 Business Basic,6.0,145,0.1,783.0,7,81.1,1033.1,1,1,1,0,0.022,Low Risk
MS-13099,Mid-Market (51-500),Manufacturing,North America,Commercial Partner Org,2025-05-16,M365 Business Standard,12.5,171,0.0,2137.5,14,58.6,47.2,1,0,1,0,0.074,Low Risk
MS-13100,SMB (1-50),Manufacturing,North America,Commercial Partner Org,2026-02-04,M365 Business Basic,6.0,42,0.2,201.6,5,91.4,402.8,0,0,1,0,0.039,Low Risk
MS-13101,SMB (1-50),Technology,EMEA,Direct Digital,2026-07-15,M365 Business Standard,12.5,32,0.15,340.0,1,51.2,184.7,3,1,1,0,0.036,Low Risk
MS-13102,Mid-Market (51-500),Financial Services,APAC,Commercial Partner Org,2025-09-10,M365 E5,57.0,137,0.0,7809.0,10,100.0,472.4,5,0,1,0,0.089,Low Risk
MS-13103,SMB (1-50),Financial Services,North America,Direct Digital,2025-11-01,M365 Business Premium,22.0,16,0.1,316.8,8,100.0,813.2,1,1,0,0,0.061,Low Risk
MS-13104,SMB (1-50),Technology,North America,Satya Nadella Team,2024-12-10,M365 Business Premium,22.0,26,0.0,572.0,19,66.3,174.4,4,0,1,1,0.06,Low Risk
MS-13105,Mid-Market (51-500),Education,North America,Satya Nadella Team,2026-05-15,M365 Business Premium,22.0,154,0.0,3388.0,2,88.6,988.6,2,0,1,0,0.032,Low Risk
MS-13106,SMB (1-50),Education,EMEA,Azure Enterprise Group,2025-05-02,M365 Business Basic,6.0,6,0.0,36.0,15,60.8,44.8,1,1,1,0,0.056,Low Risk
MS-13107,Mid-Market (51-500),Healthcare,North America,Satya Nadella Team,2024-09-23,M365 Business Premium,22.0,341,0.0,7502.0,22,86.2,505.2,2,1,0,0,0.076,Low Risk
MS-13108,Mid-Market (51-500),Technology,EMEA,Direct Digital,2025-08-20,M365 E3,36.0,117,0.15,3580.2,11,64.8,701.1,4,0,1,0,0.055,Low Risk
MS-13109,Mid-Market (51-500),Healthcare,EMEA,Commercial Partner Org,2025-12-10,M365 Business Basic,6.0,156,0.0,936.0,7,44.9,767.7,1,0,1,1,0.138,Low Risk
MS-13110,SMB (1-50),Education,EMEA,Commercial Partner Org,2025-04-13,M365 E3,36.0,17,0.1,550.8,15,5.0,127.6,4,0,1,0,0.124,Low Risk
MS-13111,SMB (1-50),Education,North America,Satya Nadella Team,2025-11-18,M365 Business Premium,22.0,38,0.2,668.8,8,63.2,885.7,2,0,1,0,0.07,Low Risk
MS-13112,SMB (1-50),Technology,EMEA,Direct Digital,2025-05-27,M365 Business Basic,6.0,23,0.1,124.2,14,73.0,59.1,1,0,1,0,0.022,Low Risk
MS-13113,Mid-Market (51-500),Healthcare,North America,Commercial Partner Org,2026-02-15,M365 Business Standard,12.5,255,0.15,2709.38,5,91.9,2863.6,2,0,0,0,0.101,Low Risk
MS-13114,SMB (1-50),Healthcare,North America,Satya Nadella Team,2025-07-11,M365 Business Standard,12.5,35,0.15,371.88,12,68.7,16.1,1,1,0,0,0.053,Low Risk
MS-13115,Enterprise (500+),Technology,APAC,Direct Digital,2024-12-29,M365 Business Standard,12.5,2868,0.1,32265.0,19,86.1,13111.0,4,0,1,0,0.032,Low Risk
MS-13116,Mid-Market (51-500),Healthcare,EMEA,Direct Digital,2025-12-25,M365 E3,36.0,474,0.1,15357.6,7,59.8,3639.8,1,0,1,0,0.096,Low Risk
MS-13117,Enterprise (500+),Retail,North America,Commercial Partner Org,2024-12-29,M365 E3,36.0,2845,0.0,102420.0,19,61.9,2635.0,2,1,1,0,0.013,Low Risk
MS-13118,SMB (1-50),Education,North America,Azure Enterprise Group,2025-01-14,M365 E3,36.0,6,0.0,216.0,18,87.0,56.5,2,1,0,0,0.042,Low Risk
MS-13119,SMB (1-50),Manufacturing,North America,Azure Enterprise Group,2024-11-16,M365 E3,36.0,19,0.0,684.0,20,23.6,84.7,3,1,1,0,0.08,Low Risk
MS-13120,Enterprise (500+),Financial Services,North America,Direct Digital,2025-08-20,M365 E5,57.0,3049,0.0,173793.0,11,68.2,50000.0,5,1,0,0,0.318,Medium Risk
MS-13121,SMB (1-50),Healthcare,North America,Direct Digital,2024-10-28,M365 E5,57.0,35,0.0,1995.0,21,60.8,418.7,3,0,1,0,0.074,Low Risk
MS-13122,SMB (1-50),Healthcare,North America,Satya Nadella Team,2024-11-25,M365 Business Basic,6.0,20,0.15,102.0,20,92.5,67.2,1,1,1,0,0.015,Low Risk
MS-13123,SMB (1-50),Financial Services,EMEA,Direct Digital,2024-09-01,M365 Business Standard,12.5,47,0.15,499.38,22,58.5,61.1,2,0,1,0,0.069,Low Risk
MS-13124,Enterprise (500+),Healthcare,EMEA,Satya Nadella Team,2024-11-16,M365 Business Basic,6.0,1645,0.0,9870.0,20,77.3,820.6,2,1,1,0,0.011,Low Risk
MS-13125,Mid-Market (51-500),Financial Services,EMEA,Satya Nadella Team,2026-02-04,M365 Business Standard,12.5,182,0.0,2275.0,5,84.6,207.8,1,0,1,0,0.032,Low Risk
MS-13126,Mid-Market (51-500),Technology,EMEA,Satya Nadella Team,2025-11-18,M365 E5,57.0,424,0.2,19334.4,8,41.1,5798.4,3,0,1,0,0.111,Low Risk
MS-13127,Mid-Market (51-500),Retail,North America,Direct Digital,2026-04-04,M365 Business Basic,6.0,204,0.1,1101.6,3,65.5,4727.0,1,1,1,0,0.023,Low Risk
MS-13128,SMB (1-50),Retail,LATAM,Direct Digital,2025-01-26,M365 Business Premium,22.0,42,0.15,785.4,18,60.2,85.9,2,0,0,1,0.321,Medium Risk
MS-13129,Mid-Market (51-500),Education,APAC,Satya Nadella Team,2026-03-28,M365 Business Premium,22.0,473,0.0,10406.0,4,85.0,2919.7,1,0,1,0,0.027,Low Risk
MS-13130,SMB (1-50),Manufacturing,APAC,Commercial Partner Org,2026-02-07,M365 Business Basic,6.0,41,0.0,246.0,5,80.2,215.2,1,0,1,0,0.029,Low Risk
MS-13131,Mid-Market (51-500),Healthcare,APAC,Direct Digital,2025-03-05,M365 Business Basic,6.0,488,0.0,2928.0,16,63.8,6056.7,3,0,0,0,0.183,Low Risk
MS-13132,SMB (1-50),Manufacturing,LATAM,Azure Enterprise Group,2026-07-09,M365 Business Standard,12.5,8,0.0,100.0,1,49.1,19.4,0,0,0,0,0.351,Medium Risk
MS-13133,SMB (1-50),Technology,EMEA,Commercial Partner Org,2026-02-04,M365 Business Basic,6.0,30,0.2,144.0,5,86.7,1103.2,5,0,1,0,0.101,Low Risk
MS-13134,Mid-Market (51-500),Retail,North America,Azure Enterprise Group,2025-02-09,M365 Business Premium,22.0,232,0.0,5104.0,17,66.8,3630.3,0,1,1,0,0.019,Low Risk
MS-13135,SMB (1-50),Technology,EMEA,Direct Digital,2025-06-17,M365 Business Standard,12.5,45,0.0,562.5,13,38.9,1675.5,1,0,1,0,0.09,Low Risk
MS-13136,Mid-Market (51-500),Technology,EMEA,Commercial Partner Org,2025-10-26,M365 Business Standard,12.5,272,0.1,3060.0,9,40.4,1060.3,3,1,1,0,0.029,Low Risk
MS-13137,SMB (1-50),Healthcare,EMEA,Direct Digital,2025-03-15,M365 Business Basic,6.0,19,0.0,114.0,16,75.9,202.0,0,0,0,0,0.205,Medium Risk
MS-13138,SMB (1-50),Technology,EMEA,Direct Digital,2024-10-04,M365 Business Standard,12.5,45,0.0,562.5,21,45.0,711.6,1,1,1,0,0.021,Low Risk
MS-13139,SMB (1-50),Retail,North America,Commercial Partner Org,2026-07-04,M365 Business Basic,6.0,41,0.15,209.1,1,100.0,610.7,1,1,1,0,0.018,Low Risk
MS-13140,Mid-Market (51-500),Manufacturing,North America,Direct Digital,2026-04-20,M365 E3,36.0,253,0.15,7741.8,3,51.1,65.5,0,0,1,0,0.123,Low Risk
MS-13141,SMB (1-50),Retail,APAC,Commercial Partner Org,2026-03-24,M365 Business Standard,12.5,30,0.2,300.0,4,68.0,2293.5,5,1,1,0,0.083,Low Risk
MS-13142,Mid-Market (51-500),Healthcare,EMEA,Direct Digital,2025-10-13,M365 E3,36.0,111,0.1,3596.4,9,70.9,3505.7,3,1,1,0,0.018,Low Risk
MS-13143,SMB (1-50),Retail,EMEA,Satya Nadella Team,2025-06-24,M365 Business Premium,22.0,45,0.1,891.0,13,54.9,68.9,2,0,1,0,0.079,Low Risk
MS-13144,SMB (1-50),Financial Services,North America,Azure Enterprise Group,2026-02-19,M365 E3,36.0,39,0.0,1404.0,5,27.7,367.1,1,0,1,0,0.16,Low Risk
MS-13145,SMB (1-50),Manufacturing,North America,Satya Nadella Team,2024-10-06,M365 Business Standard,12.5,45,0.0,562.5,21,71.4,204.0,4,0,1,0,0.039,Low Risk
MS-13146,Enterprise (500+),Financial Services,APAC,Direct Digital,2025-05-22,M365 Business Basic,6.0,2100,0.0,12600.0,14,54.4,50000.0,1,1,1,0,0.035,Low Risk
MS-13147,Mid-Market (51-500),Financial Services,EMEA,Direct Digital,2025-09-17,M365 Business Standard,12.5,161,0.1,1811.25,10,70.1,2310.2,3,0,1,0,0.03,Low Risk
MS-13148,SMB (1-50),Education,APAC,Direct Digital,2024-12-23,M365 Business Basic,6.0,28,0.0,168.0,19,65.8,85.0,0,0,1,0,0.043,Low Risk
MS-13149,Mid-Market (51-500),Healthcare,EMEA,Satya Nadella Team,2026-05-10,M365 E5,57.0,239,0.15,11579.55,2,72.7,98.8,2,0,0,0,0.124,Low Risk
MS-13150,Mid-Market (51-500),Technology,EMEA,Direct Digital,2026-04-28,M365 Business Standard,12.5,99,0.1,1113.75,3,96.1,409.8,1,0,1,0,0.035,Low Risk
MS-13151,SMB (1-50),Financial Services,North America,Commercial Partner Org,2026-04-24,M365 E5,57.0,43,0.0,2451.0,3,58.2,20.1,2,0,0,1,0.461,Medium Risk
MS-13152,Mid-Market (51-500),Retail,EMEA,Azure Enterprise Group,2025-11-17,M365 E3,36.0,143,0.0,5148.0,8,59.6,261.4,1,0,0,1,0.366,Medium Risk
MS-13153,SMB (1-50),Technology,North America,Direct Digital,2025-02-10,M365 Business Basic,6.0,27,0.1,145.8,17,38.0,327.6,1,0,1,0,0.09,Low Risk
MS-13154,Mid-Market (51-500),Retail,North America,Direct Digital,2024-10-08,M365 Business Premium,22.0,367,0.15,6862.9,21,64.5,6019.5,1,0,0,0,0.179,Low Risk
MS-13155,Mid-Market (51-500),Retail,EMEA,Azure Enterprise Group,2024-12-01,M365 Business Standard,12.5,190,0.15,2018.75,20,75.4,1439.0,1,1,1,0,0.015,Low Risk
MS-13156,SMB (1-50),Technology,LATAM,Azure Enterprise Group,2026-05-24,M365 Business Basic,6.0,5,0.1,27.0,2,59.3,55.0,1,1,0,0,0.185,Low Risk
MS-13157,SMB (1-50),Technology,North America,Azure Enterprise Group,2026-07-04,M365 Business Standard,12.5,45,0.0,562.5,1,75.5,91.5,2,1,0,0,0.05,Low Risk
MS-13158,Enterprise (500+),Retail,APAC,Satya Nadella Team,2024-12-10,M365 E5,57.0,2638,0.15,127811.1,19,64.8,12059.7,0,0,0,1,0.324,Medium Risk
MS-13159,Mid-Market (51-500),Healthcare,North America,Satya Nadella Team,2026-01-20,M365 Business Standard,12.5,498,0.1,5602.5,6,44.6,7457.3,1,1,1,0,0.032,Low Risk
MS-13160,Mid-Market (51-500),Manufacturing,North America,Direct Digital,2025-02-26,M365 Business Premium,22.0,465,0.15,8695.5,17,73.6,2533.1,1,1,0,0,0.035,Low Risk
MS-13161,SMB (1-50),Education,North America,Azure Enterprise Group,2025-06-11,M365 Business Standard,12.5,42,0.0,525.0,13,64.3,216.2,5,0,0,1,0.643,High Risk
MS-13162,SMB (1-50),Manufacturing,North America,Direct Digital,2025-08-21,M365 Business Standard,12.5,49,0.1,551.25,11,70.2,126.8,1,1,1,0,0.022,Low Risk
MS-13163,SMB (1-50),Healthcare,EMEA,Direct Digital,2025-06-24,M365 Business Standard,12.5,9,0.2,90.0,13,57.8,97.6,1,0,1,0,0.096,Low Risk
MS-13164,SMB (1-50),Education,North America,Direct Digital,2026-02-17,M365 Business Standard,12.5,35,0.0,437.5,5,56.2,696.5,3,0,1,0,0.118,Low Risk
MS-13165,Mid-Market (51-500),Technology,EMEA,Satya Nadella Team,2026-01-01,M365 Business Basic,6.0,86,0.1,464.4,6,70.8,654.1,3,0,1,0,0.034,Low Risk
MS-13166,Enterprise (500+),Education,APAC,Azure Enterprise Group,2025-06-06,M365 Business Standard,12.5,1383,0.0,17287.5,13,63.8,2037.6,1,1,1,0,0.013,Low Risk
MS-13167,Mid-Market (51-500),Retail,North America,Direct Digital,2026-02-26,M365 Business Premium,22.0,393,0.0,8646.0,5,99.0,8594.6,2,1,1,0,0.023,Low Risk
MS-13168,SMB (1-50),Manufacturing,APAC,Satya Nadella Team,2026-06-12,M365 Business Basic,6.0,12,0.0,72.0,1,82.4,10.7,2,0,0,0,0.165,Low Risk
MS-13169,Mid-Market (51-500),Education,North America,Commercial Partner Org,2026-04-16,M365 E5,57.0,470,0.15,22771.5,3,77.8,3599.1,2,0,1,0,0.024,Low Risk
MS-13170,Enterprise (500+),Retail,EMEA,Commercial Partner Org,2025-08-21,M365 Business Basic,6.0,2135,0.0,12810.0,11,64.8,7751.6,2,0,1,0,0.04,Low Risk
MS-13171,Mid-Market (51-500),Healthcare,North America,Direct Digital,2025-07-16,M365 Business Standard,12.5,99,0.2,990.0,12,31.5,3271.6,0,0,1,0,0.088,Low Risk
MS-13172,Mid-Market (51-500),Education,North America,Direct Digital,2025-03-14,M365 Business Basic,6.0,461,0.1,2489.4,16,53.5,7400.0,4,1,1,1,0.095,Low Risk
MS-13173,Enterprise (500+),Retail,North America,Azure Enterprise Group,2024-12-02,M365 Business Basic,6.0,1630,0.0,9780.0,19,56.3,16345.4,1,0,1,0,0.081,Low Risk
MS-13174,Mid-Market (51-500),Healthcare,North America,Azure Enterprise Group,2025-11-07,M365 E5,57.0,236,0.0,13452.0,8,63.1,3120.5,3,0,1,0,0.068,Low Risk
MS-13175,SMB (1-50),Technology,North America,Direct Digital,2026-03-12,M365 E3,36.0,20,0.0,720.0,4,67.4,182.6,4,1,1,0,0.026,Low Risk
MS-13176,SMB (1-50),Healthcare,EMEA,Satya Nadella Team,2024-09-27,M365 Business Premium,22.0,47,0.15,878.9,22,79.8,90.1,2,0,1,0,0.029,Low Risk
MS-13177,Enterprise (500+),Healthcare,APAC,Direct Digital,2025-10-20,M365 E3,36.0,1668,0.0,60048.0,9,72.9,24715.2,3,1,1,0,0.014,Low Risk
MS-13178,SMB (1-50),Manufacturing,APAC,Azure Enterprise Group,2025-02-09,M365 E3,36.0,48,0.0,1728.0,17,88.9,390.9,2,1,1,0,0.027,Low Risk
MS-13179,SMB (1-50),Retail,EMEA,Azure Enterprise Group,2024-12-10,M365 Business Premium,22.0,20,0.0,440.0,19,62.4,241.4,0,1,1,0,0.02,Low Risk
MS-13180,SMB (1-50),Education,North America,Satya Nadella Team,2026-07-31,M365 E3,36.0,20,0.0,720.0,1,72.6,11.1,1,1,1,0,0.066,Low Risk
MS-13181,Mid-Market (51-500),Manufacturing,North America,Direct Digital,2025-12-17,M365 Business Standard,12.5,404,0.1,4545.0,7,74.2,742.7,1,0,1,0,0.027,Low Risk
MS-13182,Enterprise (500+),Financial Services,North America,Azure Enterprise Group,2025-02-05,M365 Business Premium,22.0,2884,0.0,63448.0,17,72.4,30803.3,3,0,1,0,0.019,Low Risk
MS-13183,SMB (1-50),Healthcare,North America,Direct Digital,2026-01-05,M365 E3,36.0,39,0.0,1404.0,6,91.1,287.9,0,1,1,0,0.022,Low Risk
MS-13184,Mid-Market (51-500),Financial Services,EMEA,Azure Enterprise Group,2024-09-09,M365 Business Basic,6.0,146,0.0,876.0,22,82.5,450.8,1,0,1,0,0.031,Low Risk
MS-13185,Enterprise (500+),Manufacturing,EMEA,Commercial Partner Org,2025-03-31,M365 E3,36.0,1209,0.0,43524.0,16,44.3,3996.1,4,0,1,1,0.12,Low Risk
MS-13186,SMB (1-50),Retail,North America,Commercial Partner Org,2025-11-13,M365 Business Basic,6.0,14,0.1,75.6,8,65.9,167.8,5,1,1,1,0.251,Medium Risk
MS-13187,SMB (1-50),Manufacturing,North America,Commercial Partner Org,2026-07-11,M365 E3,36.0,49,0.1,1587.6,1,67.7,35.7,3,1,1,0,0.026,Low Risk
MS-13188,Enterprise (500+),Retail,APAC,Azure Enterprise Group,2024-12-20,M365 Business Standard,12.5,877,0.1,9866.25,19,100.0,5994.7,2,1,1,0,0.013,Low Risk
MS-13189,SMB (1-50),Retail,APAC,Satya Nadella Team,2025-03-22,M365 Business Standard,12.5,49,0.0,612.5,16,62.1,435.4,3,0,1,0,0.058,Low Risk
MS-13190,Mid-Market (51-500),Technology,North America,Commercial Partner Org,2024-11-04,M365 Business Basic,6.0,198,0.0,1188.0,20,50.3,875.3,2,0,1,0,0.072,Low Risk
MS-13191,Mid-Market (51-500),Healthcare,APAC,Azure Enterprise Group,2025-02-08,M365 E3,36.0,145,0.15,4437.0,17,75.9,2989.1,2,0,1,0,0.028,Low Risk
MS-13192,SMB (1-50),Manufacturing,LATAM,Direct Digital,2025-10-19,M365 Business Basic,6.0,49,0.0,294.0,9,76.9,34.4,3,1,0,0,0.047,Low Risk
MS-13193,Enterprise (500+),Retail,North America,Commercial Partner Org,2026-06-07,M365 Business Premium,22.0,3348,0.0,73656.0,1,66.7,50000.0,1,1,1,0,0.042,Low Risk
MS-13194,SMB (1-50),Manufacturing,North America,Satya Nadella Team,2026-07-22,M365 Business Premium,22.0,36,0.0,792.0,1,64.0,555.0,1,0,1,0,0.042,Low Risk
MS-13195,SMB (1-50),Manufacturing,EMEA,Satya Nadella Team,2025-05-24,M365 Business Standard,12.5,44,0.0,550.0,14,85.1,312.1,1,1,0,0,0.051,Low Risk
MS-13196,SMB (1-50),Retail,LATAM,Satya Nadella Team,2026-03-26,M365 E5,57.0,31,0.1,1590.3,4,52.6,960.9,2,0,1,0,0.125,Low Risk
MS-13197,SMB (1-50),Education,APAC,Direct Digital,2025-03-24,M365 Business Basic,6.0,31,0.0,186.0,16,61.9,450.7,2,1,1,0,0.023,Low Risk
MS-13198,Mid-Market (51-500),Financial Services,North America,Direct Digital,2026-06-29,M365 Business Premium,22.0,430,0.0,9460.0,1,58.6,13799.4,1,1,1,0,0.034,Low Risk
MS-13199,Mid-Market (51-500),Healthcare,North America,Satya Nadella Team,2026-04-07,M365 Business Standard,12.5,364,0.1,4095.0,3,87.7,2794.5,1,0,0,0,0.132,Low Risk
MS-13200,Enterprise (500+),Healthcare,EMEA,Satya Nadella Team,2025-02-03,M365 Business Basic,6.0,3156,0.15,16095.6,17,73.1,22846.6,3,0,0,0,0.152,Low Risk
MS-13201,SMB (1-50),Education,EMEA,Satya Nadella Team,2025-02-20,M365 Business Basic,6.0,10,0.0,60.0,17,48.8,90.8,1,1,1,0,0.047,Low Risk
MS-13202,Mid-Market (51-500),Technology,North America,Direct Digital,2025-07-05,M365 Business Premium,22.0,84,0.0,1848.0,12,50.6,68.2,3,1,1,0,0.027,Low Risk
MS-13203,Mid-Market (51-500),Education,APAC,Direct Digital,2025-11-24,M365 E5,57.0,101,0.0,5757.0,8,100.0,2898.3,2,0,0,1,0.115,Low Risk
MS-13204,Mid-Market (51-500),Technology,EMEA,Azure Enterprise Group,2024-11-01,M365 Business Basic,6.0,170,0.0,1020.0,20,87.5,2247.6,2,1,0,0,0.049,Low Risk
MS-13205,Mid-Market (51-500),Technology,APAC,Commercial Partner Org,2025-09-08,M365 Business Basic,6.0,188,0.0,1128.0,10,83.1,2168.6,1,0,0,0,0.186,Low Risk
MS-13206,SMB (1-50),Education,APAC,Direct Digital,2025-12-04,M365 E5,57.0,10,0.0,570.0,7,68.2,313.2,1,0,1,0,0.032,Low Risk
MS-13207,SMB (1-50),Healthcare,EMEA,Satya Nadella Team,2025-12-19,M365 Business Basic,6.0,37,0.0,222.0,7,95.2,2245.4,1,0,1,0,0.031,Low Risk
MS-13208,SMB (1-50),Financial Services,North America,Commercial Partner Org,2025-09-16,M365 Business Standard,12.5,25,0.1,281.25,10,48.1,53.5,0,1,1,0,0.029,Low Risk
MS-13209,Mid-Market (51-500),Healthcare,EMEA,Direct Digital,2026-03-26,M365 Business Standard,12.5,82,0.0,1025.0,4,81.6,1360.2,1,0,1,0,0.032,Low Risk
MS-13210,Enterprise (500+),Healthcare,North America,Commercial Partner Org,2024-11-25,M365 Business Standard,12.5,2487,0.15,26424.38,20,60.0,25885.8,0,0,1,0,0.069,Low Risk
MS-13211,SMB (1-50),Healthcare,EMEA,Azure Enterprise Group,2025-01-21,M365 Business Premium,22.0,21,0.0,462.0,18,63.5,155.7,1,0,1,0,0.049,Low Risk
MS-13212,SMB (1-50),Education,North America,Direct Digital,2024-09-07,M365 E5,57.0,35,0.1,1795.5,22,81.1,1595.7,2,0,1,0,0.031,Low Risk
MS-13213,SMB (1-50),Education,EMEA,Satya Nadella Team,2025-06-22,M365 Business Standard,12.5,41,0.2,410.0,13,65.4,934.2,0,0,0,0,0.184,Low Risk
MS-13214,Mid-Market (51-500),Education,North America,Satya Nadella Team,2026-07-23,M365 Business Premium,22.0,218,0.2,3836.8,1,60.2,3121.4,3,0,1,0,0.102,Low Risk
MS-13215,SMB (1-50),Healthcare,North America,Azure Enterprise Group,2026-02-01,M365 Business Premium,22.0,32,0.0,704.0,5,59.1,185.2,2,1,1,0,0.033,Low Risk
MS-13216,SMB (1-50),Financial Services,North America,Azure Enterprise Group,2026-06-14,M365 Business Standard,12.5,9,0.0,112.5,1,32.2,118.4,2,0,1,1,0.184,Low Risk
MS-13217,SMB (1-50),Technology,North America,Azure Enterprise Group,2026-02-08,M365 Business Basic,6.0,16,0.15,81.6,5,81.7,145.7,1,0,1,0,0.025,Low Risk
MS-13218,Mid-Market (51-500),Manufacturing,EMEA,Azure Enterprise Group,2024-10-04,M365 Business Premium,22.0,259,0.0,5698.0,21,49.9,891.5,1,0,1,0,0.08,Low Risk
MS-13219,Mid-Market (51-500),Technology,EMEA,Azure Enterprise Group,2025-07-26,M365 Business Standard,12.5,376,0.2,3760.0,12,100.0,2700.6,1,0,1,0,0.034,Low Risk
MS-13220,Mid-Market (51-500),Technology,EMEA,Direct Digital,2026-05-02,M365 Business Basic,6.0,461,0.1,2489.4,2,62.8,1319.5,2,0,0,0,0.181,Low Risk
MS-13221,SMB (1-50),Manufacturing,North America,Direct Digital,2026-05-31,M365 E5,57.0,6,0.2,273.6,2,91.6,50.0,2,1,1,0,0.016,Low Risk
MS-13222,SMB (1-50),Healthcare,North America,Commercial Partner Org,2024-10-04,M365 E3,36.0,30,0.1,972.0,21,35.4,458.6,0,1,1,0,0.028,Low Risk
MS-13223,SMB (1-50),Financial Services,North America,Azure Enterprise Group,2025-10-11,M365 E5,57.0,6,0.2,273.6,9,81.2,10.0,1,1,1,0,0.035,Low Risk
MS-13224,SMB (1-50),Financial Services,North America,Satya Nadella Team,2024-09-18,M365 Business Standard,12.5,16,0.0,200.0,22,85.8,278.4,4,0,1,0,0.038,Low Risk
MS-13225,SMB (1-50),Technology,APAC,Satya Nadella Team,2025-11-04,M365 E3,36.0,44,0.0,1584.0,8,91.5,10.7,3,1,0,0,0.066,Low Risk
MS-13226,SMB (1-50),Manufacturing,North America,Azure Enterprise Group,2025-11-02,M365 Business Premium,22.0,6,0.0,132.0,8,40.5,52.4,1,1,1,0,0.049,Low Risk
MS-13227,Mid-Market (51-500),Retail,North America,Azure Enterprise Group,2025-06-20,M365 E5,57.0,107,0.0,6099.0,13,55.4,1094.1,1,1,1,0,0.022,Low Risk
MS-13228,SMB (1-50),Healthcare,North America,Azure Enterprise Group,2026-04-03,M365 E5,57.0,20,0.0,1140.0,3,78.4,343.8,2,0,1,0,0.031,Low Risk
MS-13229,SMB (1-50),Technology,North America,Azure Enterprise Group,2024-11-19,M365 E5,57.0,34,0.15,1647.3,20,70.7,584.0,2,0,1,0,0.029,Low Risk
MS-13230,Enterprise (500+),Financial Services,EMEA,Azure Enterprise Group,2024-11-25,M365 E5,57.0,3096,0.1,158824.8,20,73.3,20075.1,1,1,1,0,0.01,Low Risk
MS-13231,Mid-Market (51-500),Education,EMEA,Satya Nadella Team,2026-03-26,M365 Business Basic,6.0,277,0.1,1495.8,4,61.5,228.3,0,0,1,0,0.108,Low Risk
MS-13232,Mid-Market (51-500),Education,North America,Commercial Partner Org,2024-10-18,M365 Business Premium,22.0,76,0.0,1672.0,21,95.9,1078.5,5,0,1,0,0.103,Low Risk
MS-13233,Mid-Market (51-500),Manufacturing,North America,Azure Enterprise Group,2026-07-23,M365 Business Standard,12.5,237,0.2,2370.0,1,100.0,2034.5,3,0,1,0,0.036,Low Risk
MS-13234,SMB (1-50),Manufacturing,North America,Azure Enterprise Group,2024-11-23,M365 Business Premium,22.0,22,0.0,484.0,20,69.9,106.9,0,1,0,0,0.047,Low Risk
MS-13235,Mid-Market (51-500),Technology,North America,Azure Enterprise Group,2026-04-30,M365 E5,57.0,168,0.0,9576.0,3,76.2,539.7,4,0,1,0,0.032,Low Risk
MS-13236,Mid-Market (51-500),Retail,North America,Direct Digital,2025-07-05,M365 Business Basic,6.0,247,0.1,1333.8,12,69.0,378.1,3,1,0,0,0.046,Low Risk
MS-13237,SMB (1-50),Financial Services,LATAM,Satya Nadella Team,2025-05-10,M365 Business Premium,22.0,6,0.15,112.2,14,91.1,25.2,0,0,1,0,0.032,Low Risk
MS-13238,SMB (1-50),Technology,EMEA,Satya Nadella Team,2025-12-25,M365 Business Premium,22.0,19,0.0,418.0,7,82.9,139.9,0,0,1,0,0.027,Low Risk
MS-13239,SMB (1-50),Retail,EMEA,Commercial Partner Org,2025-02-27,M365 Business Standard,12.5,15,0.0,187.5,17,48.8,116.9,2,0,0,0,0.286,Medium Risk
MS-13240,SMB (1-50),Manufacturing,North America,Direct Digital,2026-04-19,M365 Business Basic,6.0,31,0.0,186.0,3,57.0,325.1,2,1,1,0,0.035,Low Risk
MS-13241,SMB (1-50),Education,North America,Direct Digital,2025-07-07,M365 Business Basic,6.0,27,0.0,162.0,12,49.8,145.8,4,0,1,0,0.083,Low Risk
MS-13242,SMB (1-50),Healthcare,EMEA,Direct Digital,2025-10-31,M365 Business Basic,6.0,39,0.15,198.9,9,100.0,1181.4,1,1,1,0,0.018,Low Risk
MS-13243,SMB (1-50),Education,EMEA,Commercial Partner Org,2025-12-30,M365 Business Premium,22.0,34,0.1,673.2,7,79.4,279.4,0,0,1,0,0.029,Low Risk
MS-13244,SMB (1-50),Financial Services,EMEA,Commercial Partner Org,2026-06-24,M365 Business Standard,12.5,28,0.0,350.0,1,57.3,185.2,0,0,1,0,0.111,Low Risk
MS-13245,SMB (1-50),Financial Services,North America,Commercial Partner Org,2024-10-09,M365 Business Basic,6.0,23,0.0,138.0,21,55.8,13.6,3,0,1,0,0.075,Low Risk
MS-13246,SMB (1-50),Education,EMEA,Direct Digital,2025-06-06,M365 E5,57.0,33,0.0,1881.0,13,82.5,361.9,0,0,1,0,0.029,Low Risk
MS-13247,SMB (1-50),Education,North America,Satya Nadella Team,2026-05-18,M365 Business Premium,22.0,17,0.1,336.6,2,84.3,188.4,2,1,1,0,0.018,Low Risk
MS-13248,Mid-Market (51-500),Retail,APAC,Direct Digital,2025-09-11,M365 Business Standard,12.5,117,0.2,1170.0,10,82.4,1229.0,3,0,1,1,0.035,Low Risk
MS-13249,SMB (1-50),Technology,EMEA,Commercial Partner Org,2026-06-01,M365 Business Standard,12.5,16,0.1,180.0,2,60.3,419.6,0,0,1,0,0.103,Low Risk
MS-13250,Enterprise (500+),Manufacturing,EMEA,Direct Digital,2024-10-11,M365 Business Premium,22.0,1590,0.0,34980.0,21,73.5,27461.4,3,0,1,0,0.019,Low Risk
MS-13251,Mid-Market (51-500),Retail,North America,Azure Enterprise Group,2026-07-02,M365 Business Standard,12.5,58,0.0,725.0,1,70.0,1406.2,2,0,1,0,0.034,Low Risk
MS-13252,Mid-Market (51-500),Healthcare,EMEA,Direct Digital,2024-10-17,M365 Business Premium,22.0,484,0.2,8518.4,21,51.1,355.8,0,0,1,0,0.073,Low Risk
MS-13253,Mid-Market (51-500),Education,North America,Direct Digital,2025-12-28,M365 Business Premium,22.0,481,0.0,10582.0,7,51.3,2210.2,1,0,1,0,0.117,Low Risk
MS-13254,SMB (1-50),Healthcare,North America,Satya Nadella Team,2025-03-04,M365 Business Basic,6.0,35,0.0,210.0,16,75.4,161.2,1,1,0,0,0.05,Low Risk
MS-13255,SMB (1-50),Healthcare,North America,Satya Nadella Team,2024-11-11,M365 E5,57.0,49,0.0,2793.0,20,71.5,629.3,0,1,1,0,0.015,Low Risk
MS-13256,Enterprise (500+),Retail,EMEA,Satya Nadella Team,2026-03-23,M365 Business Standard,12.5,1470,0.0,18375.0,4,78.0,10501.5,3,0,1,0,0.028,Low Risk
MS-13257,SMB (1-50),Manufacturing,North America,Azure Enterprise Group,2026-03-28,M365 Business Standard,12.5,28,0.2,280.0,4,82.2,504.9,1,0,1,0,0.026,Low Risk
MS-13258,Enterprise (500+),Financial Services,North America,Satya Nadella Team,2025-08-08,M365 E5,57.0,2901,0.0,165357.0,11,95.0,16891.0,1,0,0,0,0.151,Low Risk
MS-13259,Mid-Market (51-500),Technology,APAC,Azure Enterprise Group,2026-03-23,M365 Business Standard,12.5,139,0.1,1563.75,4,54.0,417.9,1,0,1,1,0.125,Low Risk
MS-13260,SMB (1-50),Financial Services,North America,Commercial Partner Org,2025-05-01,M365 Business Premium,22.0,13,0.0,286.0,15,79.3,53.6,0,0,1,0,0.024,Low Risk
MS-13261,SMB (1-50),Manufacturing,EMEA,Satya Nadella Team,2025-07-25,M365 Business Premium,22.0,26,0.0,572.0,12,81.5,62.9,2,0,0,0,0.141,Low Risk
MS-13262,Mid-Market (51-500),Financial Services,North America,Direct Digital,2026-05-29,M365 Business Basic,6.0,497,0.1,2683.8,2,62.4,1315.1,2,0,1,0,0.07,Low Risk
MS-13263,SMB (1-50),Education,North America,Direct Digital,2025-01-31,M365 E5,57.0,17,0.15,823.65,17,70.2,49.9,2,0,1,0,0.027,Low Risk
MS-13264,SMB (1-50),Education,APAC,Azure Enterprise Group,2025-05-13,M365 Business Standard,12.5,38,0.0,475.0,14,62.8,10.0,0,1,1,0,0.056,Low Risk
MS-13265,Mid-Market (51-500),Retail,North America,Satya Nadella Team,2025-10-29,M365 Business Standard,12.5,331,0.1,3723.75,9,100.0,5001.1,4,0,1,0,0.041,Low Risk
MS-13266,Mid-Market (51-500),Healthcare,EMEA,Direct Digital,2025-04-20,M365 E5,57.0,163,0.2,7432.8,15,69.9,997.9,4,0,1,0,0.036,Low Risk
MS-13267,SMB (1-50),Manufacturing,EMEA,Commercial Partner Org,2026-02-11,M365 Business Standard,12.5,32,0.2,320.0,5,76.1,10.0,2,0,1,0,0.091,Low Risk
MS-13268,SMB (1-50),Manufacturing,EMEA,Satya Nadella Team,2026-04-15,M365 Business Premium,22.0,30,0.0,660.0,3,63.2,166.3,2,1,1,0,0.027,Low Risk
MS-13269,Enterprise (500+),Financial Services,EMEA,Commercial Partner Org,2026-01-09,M365 E3,36.0,2342,0.0,84312.0,6,59.4,50000.0,2,0,0,0,0.241,Medium Risk
MS-13270,Mid-Market (51-500),Retail,North America,Direct Digital,2025-02-23,M365 Business Basic,6.0,432,0.1,2332.8,17,44.6,3711.2,3,0,1,0,0.08,Low Risk
MS-13271,Mid-Market (51-500),Financial Services,North America,Satya Nadella Team,2026-03-05,M365 Business Basic,6.0,484,0.1,2613.6,4,87.8,25113.3,1,1,0,0,0.059,Low Risk
MS-13272,Enterprise (500+),Financial Services,EMEA,Azure Enterprise Group,2025-01-21,M365 Business Basic,6.0,1943,0.0,11658.0,18,81.8,18103.5,0,0,1,0,0.024,Low Risk
MS-13273,SMB (1-50),Manufacturing,EMEA,Direct Digital,2024-09-17,M365 E3,36.0,28,0.0,1008.0,22,62.6,1105.9,4,1,1,0,0.031,Low Risk
MS-13274,SMB (1-50),Financial Services,APAC,Commercial Partner Org,2025-05-07,M365 Business Basic,6.0,41,0.1,221.4,14,51.8,110.9,1,0,1,0,0.076,Low Risk
MS-13275,Mid-Market (51-500),Healthcare,APAC,Satya Nadella Team,2024-10-05,M365 Business Standard,12.5,382,0.0,4775.0,21,71.2,1569.6,2,1,1,0,0.014,Low Risk
MS-13276,Mid-Market (51-500),Financial Services,APAC,Commercial Partner Org,2025-01-24,M365 Business Standard,12.5,257,0.0,3212.5,18,59.0,3712.7,2,0,1,0,0.073,Low Risk
MS-13277,SMB (1-50),Healthcare,EMEA,Commercial Partner Org,2025-02-12,M365 Business Standard,12.5,23,0.1,258.75,17,64.0,1194.9,1,1,1,0,0.019,Low Risk
MS-13278,SMB (1-50),Manufacturing,North America,Azure Enterprise Group,2024-12-20,M365 Business Premium,22.0,19,0.1,376.2,19,45.3,397.8,2,1,1,0,0.022,Low Risk
MS-13279,Mid-Market (51-500),Retail,APAC,Azure Enterprise Group,2026-06-09,M365 E5,57.0,497,0.0,28329.0,1,71.9,4811.6,1,1,1,0,0.05,Low Risk
MS-13280,SMB (1-50),Education,EMEA,Direct Digital,2024-11-13,M365 Business Standard,12.5,49,0.15,520.62,20,72.3,52.3,2,0,0,0,0.176,Low Risk
MS-13281,Enterprise (500+),Healthcare,North America,Azure Enterprise Group,2026-06-30,M365 Business Standard,12.5,3286,0.0,41075.0,1,87.7,17868.7,2,0,1,1,0.175,Low Risk
MS-13282,SMB (1-50),Retail,APAC,Azure Enterprise Group,2025-08-20,M365 E3,36.0,16,0.0,576.0,11,65.3,17.4,2,1,1,0,0.02,Low Risk
MS-13283,SMB (1-50),Retail,APAC,Direct Digital,2025-06-01,M365 Business Standard,12.5,23,0.2,230.0,14,62.0,102.9,1,1,0,0,0.092,Low Risk
MS-13284,SMB (1-50),Healthcare,EMEA,Direct Digital,2025-06-06,M365 E5,57.0,38,0.0,2166.0,13,40.0,136.6,4,0,1,1,0.099,Low Risk
MS-13285,Mid-Market (51-500),Manufacturing,North America,Direct Digital,2026-06-22,M365 Business Standard,12.5,493,0.0,6162.5,1,87.8,2910.3,4,0,0,0,0.115,Low Risk
MS-13286,Enterprise (500+),Technology,North America,Direct Digital,2024-10-01,M365 Business Standard,12.5,705,0.0,8812.5,22,84.1,15360.9,0,0,1,0,0.037,Low Risk
MS-13287,Mid-Market (51-500),Retail,APAC,Commercial Partner Org,2026-02-08,M365 E5,57.0,340,0.0,19380.0,5,68.5,664.9,2,0,1,0,0.039,Low Risk
MS-13288,Enterprise (500+),Retail,APAC,Commercial Partner Org,2026-02-17,M365 Business Standard,12.5,866,0.0,10825.0,5,44.1,3797.0,3,0,0,0,0.327,Medium Risk
MS-13289,SMB (1-50),Manufacturing,North America,Direct Digital,2026-01-23,M365 Business Basic,6.0,41,0.2,196.8,6,46.1,148.9,5,0,1,0,0.227,Medium Risk
MS-13290,SMB (1-50),Manufacturing,North America,Direct Digital,2026-01-27,M365 Business Basic,6.0,24,0.0,144.0,6,58.2,101.1,3,0,1,0,0.105,Low Risk
MS-13291,Mid-Market (51-500),Financial Services,APAC,Satya Nadella Team,2025-02-25,M365 E5,57.0,156,0.0,8892.0,17,85.4,837.3,1,1,0,0,0.046,Low Risk
MS-13292,Enterprise (500+),Manufacturing,North America,Satya Nadella Team,2025-07-26,M365 E3,36.0,3180,0.15,97308.0,12,73.2,10689.6,0,0,1,0,0.049,Low Risk
MS-13293,Mid-Market (51-500),Retail,EMEA,Satya Nadella Team,2026-03-25,M365 Business Standard,12.5,250,0.0,3125.0,4,41.1,8572.2,0,0,1,1,0.145,Low Risk
MS-13294,Mid-Market (51-500),Healthcare,LATAM,Azure Enterprise Group,2026-07-20,M365 E3,36.0,376,0.1,12182.4,1,75.3,2458.6,5,0,1,1,0.088,Low Risk
MS-13295,SMB (1-50),Technology,North America,Commercial Partner Org,2025-02-19,M365 Business Standard,12.5,24,0.0,300.0,17,52.9,34.9,1,0,1,0,0.073,Low Risk
MS-13296,SMB (1-50),Financial Services,EMEA,Commercial Partner Org,2025-10-01,M365 Business Standard,12.5,24,0.2,240.0,10,58.6,181.6,1,0,1,0,0.099,Low Risk
MS-13297,Enterprise (500+),Healthcare,North America,Satya Nadella Team,2026-04-18,M365 Business Premium,22.0,1667,0.0,36674.0,3,85.5,4078.2,0,0,1,0,0.025,Low Risk
MS-13298,SMB (1-50),Technology,North America,Satya Nadella Team,2024-10-05,M365 Business Premium,22.0,6,0.1,118.8,21,81.8,17.5,2,0,1,0,0.031,Low Risk
MS-13299,SMB (1-50),Technology,APAC,Commercial Partner Org,2025-06-24,M365 Business Standard,12.5,17,0.15,180.62,13,87.7,68.4,3,1,0,0,0.039,Low Risk
MS-13300,Mid-Market (51-500),Technology,North America,Azure Enterprise Group,2025-12-13,M365 Business Basic,6.0,424,0.0,2544.0,7,67.6,678.0,1,0,1,0,0.033,Low Risk
MS-13301,SMB (1-50),Education,LATAM,Satya Nadella Team,2026-01-08,M365 Business Basic,6.0,45,0.15,229.5,6,83.9,689.6,2,0,0,0,0.168,Low Risk
MS-13302,Mid-Market (51-500),Healthcare,EMEA,Direct Digital,2026-05-15,M365 E3,36.0,262,0.1,8488.8,2,57.4,4936.0,1,0,1,0,0.115,Low Risk
MS-13303,SMB (1-50),Financial Services,North America,Satya Nadella Team,2025-04-23,M365 E3,36.0,35,0.2,1008.0,15,63.4,210.6,1,1,0,0,0.065,Low Risk
MS-13304,Mid-Market (51-500),Financial Services,North America,Commercial Partner Org,2024-10-09,M365 Business Premium,22.0,313,0.2,5508.8,21,62.1,4386.8,3,0,1,0,0.053,Low Risk
MS-13305,Mid-Market (51-500),Technology,North America,Commercial Partner Org,2025-04-07,M365 E3,36.0,201,0.0,7236.0,15,68.4,1188.1,4,1,1,0,0.022,Low Risk
MS-13306,Mid-Market (51-500),Healthcare,North America,Satya Nadella Team,2025-04-05,M365 Business Premium,22.0,262,0.1,5187.6,15,44.8,563.5,0,0,1,0,0.088,Low Risk
MS-13307,SMB (1-50),Education,North America,Satya Nadella Team,2026-07-07,M365 E3,36.0,46,0.2,1324.8,1,63.9,279.4,0,0,1,0,0.039,Low Risk
MS-13308,SMB (1-50),Technology,North America,Direct Digital,2026-05-21,M365 Business Basic,6.0,33,0.0,198.0,2,94.1,322.4,3,0,0,0,0.152,Low Risk
MS-13309,SMB (1-50),Manufacturing,EMEA,Direct Digital,2026-07-05,M365 Business Standard,12.5,24,0.1,270.0,1,48.3,12.1,4,1,1,0,0.076,Low Risk
MS-13310,SMB (1-50),Financial Services,EMEA,Azure Enterprise Group,2026-04-24,M365 Business Standard,12.5,32,0.0,400.0,3,44.1,408.1,3,0,1,1,0.154,Low Risk
MS-13311,Mid-Market (51-500),Retail,EMEA,Azure Enterprise Group,2025-10-25,M365 Business Standard,12.5,79,0.1,888.75,9,45.5,1286.6,5,1,1,0,0.118,Low Risk
MS-13312,SMB (1-50),Technology,EMEA,Direct Digital,2026-06-15,M365 Business Premium,22.0,48,0.1,950.4,1,100.0,1132.4,0,0,1,0,0.035,Low Risk
MS-13313,SMB (1-50),Manufacturing,North America,Azure Enterprise Group,2025-02-21,M365 E5,57.0,33,0.1,1692.9,17,76.4,42.9,2,1,1,0,0.016,Low Risk
MS-13314,SMB (1-50),Financial Services,North America,Azure Enterprise Group,2024-12-22,M365 Business Standard,12.5,9,0.2,90.0,19,63.1,10.0,1,0,1,0,0.057,Low Risk
MS-13315,Mid-Market (51-500),Education,EMEA,Satya Nadella Team,2025-02-21,M365 E5,57.0,247,0.0,14079.0,17,69.2,225.5,3,1,1,0,0.017,Low Risk
MS-13316,SMB (1-50),Healthcare,EMEA,Direct Digital,2024-11-13,M365 Business Standard,12.5,42,0.1,472.5,20,72.1,1299.6,5,0,1,0,0.108,Low Risk
MS-13317,Enterprise (500+),Financial Services,North America,Satya Nadella Team,2026-05-30,M365 Business Standard,12.5,2087,0.0,26087.5,2,56.5,36327.3,0,1,1,0,0.046,Low Risk
MS-13318,Mid-Market (51-500),Healthcare,APAC,Satya Nadella Team,2026-02-18,M365 Business Premium,22.0,451,0.2,7937.6,5,58.7,9765.7,1,0,1,0,0.102,Low Risk
MS-13319,Mid-Market (51-500),Healthcare,APAC,Azure Enterprise Group,2024-10-02,M365 Business Standard,12.5,343,0.2,3430.0,21,65.2,2995.5,1,0,1,0,0.036,Low Risk
MS-13320,Mid-Market (51-500),Education,EMEA,Satya Nadella Team,2025-05-12,M365 Business Standard,12.5,340,0.2,3400.0,14,55.0,3052.1,2,0,0,0,0.221,Medium Risk
MS-13321,SMB (1-50),Education,North America,Commercial Partner Org,2026-01-10,M365 Business Premium,22.0,24,0.2,422.4,6,60.9,102.1,3,1,1,0,0.044,Low Risk
MS-13322,Mid-Market (51-500),Technology,APAC,Azure Enterprise Group,2024-12-22,M365 E5,57.0,214,0.15,10368.3,19,74.4,4750.6,3,1,1,0,0.012,Low Risk
MS-13323,Mid-Market (51-500),Technology,EMEA,Commercial Partner Org,2025-03-14,M365 Business Premium,22.0,184,0.2,3238.4,16,50.1,3909.5,2,0,1,0,0.08,Low Risk
MS-13324,Enterprise (500+),Financial Services,APAC,Azure Enterprise Group,2026-02-10,M365 Business Standard,12.5,3088,0.0,38600.0,5,100.0,18448.8,3,0,1,0,0.032,Low Risk
MS-13325,Enterprise (500+),Education,APAC,Satya Nadella Team,2025-11-15,M365 Business Basic,6.0,3480,0.0,20880.0,8,81.6,16678.3,0,0,1,0,0.079,Low Risk
MS-13326,SMB (1-50),Manufacturing,APAC,Azure Enterprise Group,2026-01-02,M365 E5,57.0,12,0.15,581.4,6,45.1,193.1,1,0,1,0,0.148,Low Risk
MS-13327,SMB (1-50),Financial Services,EMEA,Commercial Partner Org,2026-01-10,M365 Business Standard,12.5,32,0.1,360.0,6,23.4,10.2,2,0,1,0,0.156,Low Risk
MS-13328,Mid-Market (51-500),Retail,North America,Azure Enterprise Group,2026-05-13,M365 E5,57.0,456,0.15,22093.2,2,55.6,10756.6,5,0,1,0,0.166,Low Risk
MS-13329,Mid-Market (51-500),Healthcare,EMEA,Commercial Partner Org,2024-09-24,M365 Business Standard,12.5,316,0.1,3555.0,22,80.3,2241.2,1,0,0,0,0.143,Low Risk
MS-13330,SMB (1-50),Healthcare,EMEA,Direct Digital,2025-06-17,M365 Business Premium,22.0,12,0.0,264.0,13,76.8,83.8,2,0,1,0,0.027,Low Risk
MS-13331,SMB (1-50),Technology,EMEA,Satya Nadella Team,2025-07-05,M365 Business Premium,22.0,15,0.15,280.5,12,66.0,199.1,1,0,1,0,0.035,Low Risk
MS-13332,SMB (1-50),Manufacturing,North America,Commercial Partner Org,2025-07-01,M365 Business Standard,12.5,33,0.1,371.25,13,57.2,410.9,3,0,0,0,0.258,Medium Risk
MS-13333,Mid-Market (51-500),Education,North America,Direct Digital,2026-05-24,M365 Business Premium,22.0,362,0.1,7167.6,2,51.7,1343.2,1,0,1,0,0.129,Low Risk
MS-13334,Enterprise (500+),Education,APAC,Satya Nadella Team,2026-07-25,M365 Business Standard,12.5,1297,0.0,16212.5,1,60.8,44662.5,3,1,1,0,0.045,Low Risk
MS-13335,Mid-Market (51-500),Technology,EMEA,Direct Digital,2024-10-08,M365 Business Premium,22.0,299,0.1,5920.2,21,49.8,15401.7,3,0,0,0,0.265,Medium Risk
MS-13336,SMB (1-50),Retail,APAC,Commercial Partner Org,2025-09-21,M365 E3,36.0,32,0.0,1152.0,10,60.8,286.7,3,0,1,1,0.128,Low Risk
MS-13337,SMB (1-50),Financial Services,APAC,Satya Nadella Team,2026-04-04,M365 Business Basic,6.0,16,0.15,81.6,3,92.0,158.2,3,1,1,1,0.014,Low Risk
MS-13338,SMB (1-50),Financial Services,EMEA,Direct Digital,2024-11-21,M365 Business Premium,22.0,16,0.15,299.2,20,54.1,155.2,4,1,1,0,0.029,Low Risk
MS-13339,SMB (1-50),Manufacturing,EMEA,Commercial Partner Org,2024-12-27,M365 Business Basic,6.0,40,0.0,240.0,19,79.0,319.3,1,0,1,0,0.029,Low Risk
MS-13340,Mid-Market (51-500),Technology,APAC,Direct Digital,2024-10-20,M365 Business Basic,6.0,111,0.0,666.0,21,81.7,3867.9,1,1,1,0,0.017,Low Risk
MS-13341,SMB (1-50),Technology,EMEA,Satya Nadella Team,2026-07-01,M365 Business Premium,22.0,15,0.0,330.0,1,48.6,50.5,2,0,0,0,0.32,Medium Risk
MS-13342,Mid-Market (51-500),Retail,EMEA,Satya Nadella Team,2024-11-13,M365 Business Basic,6.0,269,0.1,1452.6,20,52.8,368.8,1,0,1,0,0.074,Low Risk
MS-13343,Enterprise (500+),Financial Services,North America,Satya Nadella Team,2026-07-27,M365 Business Premium,22.0,2053,0.15,38391.1,1,87.2,50000.0,1,1,1,0,0.016,Low Risk
MS-13344,Enterprise (500+),Technology,EMEA,Commercial Partner Org,2024-12-15,M365 Business Basic,6.0,2419,0.0,14514.0,19,51.3,6954.4,2,1,1,0,0.027,Low Risk
MS-13345,SMB (1-50),Education,EMEA,Direct Digital,2026-04-22,M365 Business Standard,12.5,36,0.0,450.0,3,67.0,597.4,1,0,1,0,0.039,Low Risk
MS-13346,SMB (1-50),Manufacturing,North America,Direct Digital,2025-07-23,M365 Business Basic,6.0,37,0.15,188.7,12,100.0,101.2,1,1,1,0,0.018,Low Risk
MS-13347,SMB (1-50),Financial Services,North America,Commercial Partner Org,2026-07-16,M365 Business Basic,6.0,21,0.0,126.0,1,85.6,812.3,2,1,1,0,0.019,Low Risk
MS-13348,Mid-Market (51-500),Retail,North America,Satya Nadella Team,2025-08-22,M365 E3,36.0,460,0.0,16560.0,11,69.5,8644.3,0,1,1,0,0.016,Low Risk
MS-13349,Enterprise (500+),Manufacturing,North America,Azure Enterprise Group,2025-12-12,M365 Business Premium,22.0,1743,0.0,38346.0,7,83.1,50000.0,0,1,1,0,0.016,Low Risk
MS-13350,SMB (1-50),Healthcare,North America,Satya Nadella Team,2026-06-18,M365 E5,57.0,22,0.15,1065.9,1,67.0,796.1,1,0,0,0,0.169,Low Risk
MS-13351,SMB (1-50),Education,North America,Azure Enterprise Group,2025-06-11,M365 Business Basic,6.0,14,0.0,84.0,13,86.3,14.8,2,1,1,0,0.019,Low Risk
MS-13352,Enterprise (500+),Retail,APAC,Satya Nadella Team,2025-03-04,M365 E3,36.0,2799,0.0,100764.0,16,31.2,19080.7,2,0,0,0,0.216,Medium Risk
MS-13353,Mid-Market (51-500),Manufacturing,EMEA,Commercial Partner Org,2025-02-01,M365 Business Premium,22.0,263,0.2,4628.8,17,65.5,3296.2,4,0,1,0,0.047,Low Risk
MS-13354,Enterprise (500+),Technology,North America,Azure Enterprise Group,2024-12-27,M365 Business Standard,12.5,3457,0.0,43212.5,19,30.4,50000.0,1,0,1,0,0.06,Low Risk
MS-13355,SMB (1-50),Healthcare,North America,Commercial Partner Org,2025-05-25,M365 Business Premium,22.0,12,0.1,237.6,14,70.9,39.8,4,0,1,0,0.048,Low Risk
MS-13356,SMB (1-50),Retail,EMEA,Azure Enterprise Group,2025-09-20,M365 Business Premium,22.0,38,0.0,836.0,10,63.7,1122.0,1,0,1,1,0.163,Low Risk
MS-13357,SMB (1-50),Technology,North America,Direct Digital,2025-05-13,M365 Business Standard,12.5,41,0.1,461.25,14,92.5,122.9,2,0,0,0,0.123,Low Risk
MS-13358,SMB (1-50),Education,APAC,Azure Enterprise Group,2025-04-29,M365 Business Premium,22.0,45,0.0,990.0,15,80.8,1086.1,2,0,1,0,0.03,Low Risk
MS-13359,Mid-Market (51-500),Healthcare,EMEA,Azure Enterprise Group,2025-02-18,M365 Business Standard,12.5,183,0.1,2058.75,17,58.5,1578.7,4,1,1,0,0.036,Low Risk
MS-13360,SMB (1-50),Financial Services,APAC,Azure Enterprise Group,2026-05-10,M365 Business Standard,12.5,14,0.0,175.0,2,60.7,121.7,0,0,1,0,0.114,Low Risk
MS-13361,SMB (1-50),Technology,North America,Direct Digital,2026-03-02,M365 Business Standard,12.5,44,0.1,495.0,5,74.9,247.3,0,0,1,0,0.032,Low Risk
MS-13362,Enterprise (500+),Manufacturing,EMEA,Commercial Partner Org,2026-04-01,M365 E3,36.0,3296,0.1,106790.4,4,57.7,4321.6,4,1,1,0,0.079,Low Risk
MS-13363,SMB (1-50),Retail,North America,Direct Digital,2025-03-04,M365 Business Standard,12.5,29,0.2,290.0,16,67.4,148.4,3,1,1,0,0.018,Low Risk
MS-13364,Mid-Market (51-500),Healthcare,LATAM,Azure Enterprise Group,2026-06-29,M365 Business Standard,12.5,230,0.0,2875.0,1,91.7,1535.7,5,0,1,0,0.12,Low Risk
MS-13365,SMB (1-50),Technology,EMEA,Satya Nadella Team,2025-10-15,M365 Business Premium,22.0,45,0.1,891.0,9,53.1,352.1,2,0,0,0,0.316,Medium Risk
MS-13366,Mid-Market (51-500),Financial Services,North America,Direct Digital,2026-06-15,M365 E3,36.0,224,0.2,6451.2,1,59.9,3611.6,3,1,1,0,0.032,Low Risk
MS-13367,SMB (1-50),Retail,North America,Satya Nadella Team,2026-04-11,M365 Business Premium,22.0,6,0.0,132.0,3,62.5,31.2,2,0,0,0,0.199,Low Risk
MS-13368,Mid-Market (51-500),Retail,North America,Direct Digital,2025-01-24,M365 Business Basic,6.0,118,0.0,708.0,18,100.0,739.0,2,1,1,0,0.018,Low Risk
MS-13369,SMB (1-50),Technology,EMEA,Direct Digital,2024-10-08,M365 Business Premium,22.0,14,0.1,277.2,21,78.9,397.4,1,1,1,0,0.019,Low Risk
MS-13370,SMB (1-50),Financial Services,North America,Azure Enterprise Group,2026-01-03,M365 Business Standard,12.5,7,0.0,87.5,6,88.4,117.3,2,0,1,1,0.028,Low Risk
MS-13371,Mid-Market (51-500),Education,EMEA,Commercial Partner Org,2025-05-20,M365 Business Standard,12.5,404,0.0,5050.0,14,81.8,112.1,0,0,1,0,0.026,Low Risk
MS-13372,SMB (1-50),Education,North America,Commercial Partner Org,2025-01-04,M365 Business Premium,22.0,30,0.0,660.0,18,83.0,601.8,1,0,1,0,0.029,Low Risk
MS-13373,SMB (1-50),Healthcare,EMEA,Azure Enterprise Group,2026-04-27,M365 Business Premium,22.0,29,0.2,510.4,3,76.5,1600.7,2,0,1,0,0.026,Low Risk
MS-13374,Enterprise (500+),Technology,APAC,Direct Digital,2025-08-11,M365 E3,36.0,3049,0.0,109764.0,11,74.6,50000.0,0,1,1,0,0.013,Low Risk
MS-13375,Enterprise (500+),Healthcare,APAC,Commercial Partner Org,2025-05-19,M365 Business Premium,22.0,2334,0.0,51348.0,14,41.9,50000.0,3,1,1,0,0.027,Low Risk
MS-13376,SMB (1-50),Education,APAC,Commercial Partner Org,2025-11-17,M365 Business Premium,22.0,15,0.0,330.0,8,74.4,178.6,0,0,1,0,0.026,Low Risk
MS-13377,SMB (1-50),Retail,North America,Commercial Partner Org,2024-12-17,M365 Business Standard,12.5,15,0.15,159.38,19,66.0,58.7,2,1,0,0,0.044,Low Risk
MS-13378,SMB (1-50),Healthcare,North America,Azure Enterprise Group,2026-03-11,M365 Business Basic,6.0,16,0.0,96.0,4,77.8,204.0,4,0,1,0,0.035,Low Risk
MS-13379,SMB (1-50),Financial Services,EMEA,Satya Nadella Team,2025-11-11,M365 E5,57.0,44,0.0,2508.0,8,66.7,628.0,1,1,1,0,0.024,Low Risk
MS-13380,Enterprise (500+),Manufacturing,North America,Satya Nadella Team,2026-01-27,M365 Business Standard,12.5,611,0.2,6110.0,6,81.7,2424.5,0,1,1,0,0.026,Low Risk
MS-13381,Mid-Market (51-500),Education,North America,Satya Nadella Team,2024-11-29,M365 Business Premium,22.0,203,0.1,4019.4,20,84.9,718.2,0,0,1,0,0.031,Low Risk
MS-13382,SMB (1-50),Education,North America,Satya Nadella Team,2025-04-03,M365 E3,36.0,18,0.15,550.8,15,15.6,109.2,0,1,1,0,0.105,Low Risk
MS-13383,Enterprise (500+),Financial Services,North America,Satya Nadella Team,2026-05-20,M365 Business Basic,6.0,635,0.0,3810.0,2,60.2,7809.3,1,0,0,1,0.337,Medium Risk
MS-13384,Mid-Market (51-500),Healthcare,North America,Commercial Partner Org,2025-07-16,M365 E3,36.0,383,0.0,13788.0,12,34.6,1594.0,3,0,1,0,0.09,Low Risk
MS-13385,Mid-Market (51-500),Technology,APAC,Commercial Partner Org,2026-04-27,M365 E3,36.0,196,0.15,5997.6,3,72.3,1907.9,1,0,1,0,0.026,Low Risk
MS-13386,SMB (1-50),Retail,North America,Direct Digital,2026-07-30,M365 E3,36.0,49,0.2,1411.2,1,62.6,1349.5,0,0,1,0,0.069,Low Risk
MS-13387,SMB (1-50),Manufacturing,EMEA,Commercial Partner Org,2026-07-02,M365 Business Basic,6.0,9,0.1,48.6,1,92.4,37.8,4,0,1,0,0.069,Low Risk
MS-13388,Mid-Market (51-500),Technology,North America,Azure Enterprise Group,2024-10-27,M365 Business Standard,12.5,158,0.15,1678.75,21,71.7,6409.7,3,1,1,0,0.015,Low Risk
MS-13389,SMB (1-50),Technology,EMEA,Direct Digital,2026-03-13,M365 Business Basic,6.0,13,0.15,66.3,4,59.3,100.0,1,1,1,0,0.044,Low Risk
MS-13390,SMB (1-50),Financial Services,North America,Commercial Partner Org,2025-10-07,M365 Business Premium,22.0,24,0.0,528.0,9,84.9,30.6,1,0,1,0,0.03,Low Risk
MS-13391,SMB (1-50),Healthcare,APAC,Direct Digital,2025-04-10,M365 Business Premium,22.0,24,0.2,422.4,15,62.3,16.3,3,0,1,0,0.054,Low Risk
MS-13392,SMB (1-50),Education,APAC,Direct Digital,2025-12-19,M365 Business Basic,6.0,23,0.0,138.0,7,59.0,114.1,0,0,1,0,0.1,Low Risk
MS-13393,Mid-Market (51-500),Education,North America,Satya Nadella Team,2024-12-17,M365 Business Premium,22.0,270,0.15,5049.0,19,75.1,970.2,2,1,1,0,0.012,Low Risk
MS-13394,Mid-Market (51-500),Financial Services,APAC,Direct Digital,2025-02-27,M365 Business Standard,12.5,57,0.0,712.5,17,97.0,1269.5,4,0,1,0,0.04,Low Risk
MS-13395,SMB (1-50),Healthcare,LATAM,Commercial Partner Org,2025-02-24,M365 E3,36.0,37,0.0,1332.0,17,83.4,594.1,6,0,1,0,0.126,Low Risk
MS-13396,SMB (1-50),Financial Services,APAC,Satya Nadella Team,2025-12-31,M365 Business Standard,12.5,9,0.1,101.25,7,78.2,233.2,1,1,1,0,0.017,Low Risk
MS-13397,Mid-Market (51-500),Education,APAC,Commercial Partner Org,2025-10-19,M365 Business Standard,12.5,124,0.2,1240.0,9,100.0,1324.0,2,0,0,1,0.114,Low Risk
MS-13398,SMB (1-50),Technology,North America,Satya Nadella Team,2026-07-24,M365 Business Standard,12.5,19,0.0,237.5,1,54.8,130.4,3,0,1,0,0.123,Low Risk
MS-13399,Mid-Market (51-500),Retail,EMEA,Commercial Partner Org,2024-10-07,M365 E3,36.0,77,0.0,2772.0,21,54.4,291.5,2,1,1,0,0.021,Low Risk
MS-13400,Mid-Market (51-500),Healthcare,North America,Satya Nadella Team,2026-03-29,M365 Business Standard,12.5,327,0.1,3678.75,4,70.6,3433.2,2,0,1,0,0.028,Low Risk
MS-13401,SMB (1-50),Manufacturing,North America,Satya Nadella Team,2025-05-26,M365 Business Standard,12.5,29,0.0,362.5,14,95.3,334.9,1,0,1,0,0.031,Low Risk
MS-13402,Mid-Market (51-500),Manufacturing,LATAM,Azure Enterprise Group,2025-09-23,M365 Business Basic,6.0,357,0.0,2142.0,10,51.0,2138.3,3,0,0,0,0.261,Medium Risk
MS-13403,Mid-Market (51-500),Technology,North America,Commercial Partner Org,2025-08-20,M365 Business Standard,12.5,143,0.0,1787.5,11,99.6,4733.1,1,0,1,0,0.039,Low Risk
MS-13404,SMB (1-50),Financial Services,EMEA,Direct Digital,2025-05-28,M365 E3,36.0,22,0.0,792.0,14,42.1,269.7,0,1,1,0,0.027,Low Risk
MS-13405,SMB (1-50),Financial Services,APAC,Satya Nadella Team,2025-05-27,M365 E3,36.0,22,0.1,712.8,14,65.8,479.7,1,1,1,0,0.018,Low Risk
MS-13406,Enterprise (500+),Education,APAC,Commercial Partner Org,2025-11-16,M365 Business Basic,6.0,3202,0.0,19212.0,8,71.1,37218.0,2,1,1,0,0.031,Low Risk
MS-13407,SMB (1-50),Technology,LATAM,Satya Nadella Team,2025-07-02,M365 Business Standard,12.5,37,0.15,393.12,12,52.1,169.0,3,0,0,0,0.283,Medium Risk
MS-13408,Mid-Market (51-500),Education,North America,Azure Enterprise Group,2025-05-04,M365 Business Basic,6.0,265,0.0,1590.0,14,56.8,4242.6,4,1,1,0,0.035,Low Risk
MS-13409,Mid-Market (51-500),Education,North America,Azure Enterprise Group,2025-02-25,M365 E5,57.0,497,0.15,24079.65,17,82.3,1560.8,2,0,1,0,0.023,Low Risk
MS-13410,SMB (1-50),Manufacturing,North America,Azure Enterprise Group,2024-11-06,M365 Business Premium,22.0,48,0.1,950.4,20,93.9,522.9,1,1,1,0,0.017,Low Risk
MS-13411,SMB (1-50),Education,North America,Azure Enterprise Group,2025-06-04,M365 E3,36.0,17,0.0,612.0,13,29.9,105.0,4,1,1,0,0.035,Low Risk
MS-13412,SMB (1-50),Education,North America,Direct Digital,2025-03-27,M365 Business Premium,22.0,38,0.0,836.0,16,71.2,74.0,2,1,1,0,0.018,Low Risk
MS-13413,SMB (1-50),Manufacturing,North America,Direct Digital,2025-07-04,M365 E3,36.0,8,0.0,288.0,12,66.0,51.2,3,0,0,0,0.161,Low Risk
MS-13414,Mid-Market (51-500),Financial Services,APAC,Satya Nadella Team,2026-03-04,M365 E5,57.0,155,0.0,8835.0,4,69.9,690.9,2,1,0,0,0.05,Low Risk
MS-13415,Enterprise (500+),Healthcare,EMEA,Commercial Partner Org,2026-05-24,M365 Business Basic,6.0,2973,0.0,17838.0,2,62.3,4246.6,1,0,1,0,0.061,Low Risk
MS-13416,Mid-Market (51-500),Retail,North America,Azure Enterprise Group,2026-02-20,M365 E5,57.0,191,0.1,9798.3,5,44.8,3979.6,5,0,1,1,0.304,Medium Risk
MS-13417,SMB (1-50),Education,EMEA,Azure Enterprise Group,2026-01-31,M365 E3,36.0,29,0.15,887.4,5,95.8,240.2,1,1,0,0,0.049,Low Risk
MS-13418,Enterprise (500+),Healthcare,North America,Direct Digital,2025-06-01,M365 Business Standard,12.5,2114,0.0,26425.0,14,88.9,10786.3,1,0,1,0,0.029,Low Risk
MS-13419,Mid-Market (51-500),Manufacturing,North America,Direct Digital,2025-04-21,M365 E3,36.0,446,0.0,16056.0,15,66.1,3763.1,2,0,1,1,0.055,Low Risk
MS-13420,Enterprise (500+),Healthcare,APAC,Azure Enterprise Group,2024-12-23,M365 Business Premium,22.0,2984,0.15,55800.8,19,59.2,50000.0,1,0,1,0,0.053,Low Risk
MS-13421,SMB (1-50),Retail,EMEA,Commercial Partner Org,2025-01-12,M365 E3,36.0,46,0.1,1490.4,18,57.0,10.2,1,1,1,0,0.024,Low Risk
MS-13422,Mid-Market (51-500),Healthcare,APAC,Satya Nadella Team,2025-10-30,M365 Business Basic,6.0,428,0.0,2568.0,9,21.5,4064.2,4,0,0,0,0.341,Medium Risk
MS-13423,Mid-Market (51-500),Healthcare,North America,Satya Nadella Team,2026-07-22,M365 Business Premium,22.0,391,0.0,8602.0,1,74.4,3060.6,0,1,1,0,0.021,Low Risk
MS-13424,SMB (1-50),Healthcare,APAC,Satya Nadella Team,2024-09-25,M365 Business Basic,6.0,41,0.0,246.0,22,82.0,1099.9,4,0,1,0,0.04,Low Risk
MS-13425,Enterprise (500+),Healthcare,EMEA,Satya Nadella Team,2026-03-14,M365 E3,36.0,1144,0.0,41184.0,4,70.5,11145.3,1,1,1,0,0.016,Low Risk
MS-13426,SMB (1-50),Technology,EMEA,Commercial Partner Org,2025-06-07,M365 E5,57.0,47,0.15,2277.15,13,66.4,83.3,1,0,1,0,0.043,Low Risk
MS-13427,SMB (1-50),Education,EMEA,Commercial Partner Org,2025-08-09,M365 Business Premium,22.0,13,0.1,257.4,11,70.4,76.8,0,0,1,0,0.024,Low Risk
MS-13428,Enterprise (500+),Manufacturing,APAC,Commercial Partner Org,2024-11-11,M365 Business Standard,12.5,2650,0.15,28156.25,20,52.6,30858.8,1,0,1,0,0.059,Low Risk
MS-13429,SMB (1-50),Retail,EMEA,Direct Digital,2025-03-20,M365 Business Premium,22.0,7,0.15,130.9,16,59.0,10.0,0,0,1,0,0.072,Low Risk
MS-13430,Enterprise (500+),Manufacturing,EMEA,Azure Enterprise Group,2025-07-23,M365 Business Standard,12.5,2831,0.0,35387.5,12,65.0,50000.0,2,0,1,0,0.028,Low Risk
MS-13431,Mid-Market (51-500),Technology,LATAM,Commercial Partner Org,2024-10-03,M365 Business Premium,22.0,366,0.0,8052.0,21,80.5,308.3,3,0,1,0,0.03,Low Risk
MS-13432,SMB (1-50),Technology,APAC,Satya Nadella Team,2024-12-06,M365 Business Premium,22.0,45,0.2,792.0,19,92.8,16.8,3,0,0,0,0.1,Low Risk
MS-13433,SMB (1-50),Technology,North America,Commercial Partner Org,2026-03-11,M365 Business Basic,6.0,22,0.0,132.0,4,63.9,10.0,1,0,1,0,0.094,Low Risk
MS-13434,Mid-Market (51-500),Education,EMEA,Azure Enterprise Group,2025-05-21,M365 Business Basic,6.0,282,0.0,1692.0,14,49.2,3895.7,2,0,1,0,0.084,Low Risk
MS-13435,Mid-Market (51-500),Technology,North America,Direct Digital,2024-11-09,M365 Business Premium,22.0,193,0.0,4246.0,20,68.6,1409.7,4,1,1,0,0.037,Low Risk
MS-13436,Enterprise (500+),Healthcare,North America,Satya Nadella Team,2025-06-20,M365 Business Standard,12.5,1101,0.0,13762.5,13,100.0,1433.5,2,1,1,0,0.013,Low Risk
MS-13437,Enterprise (500+),Manufacturing,EMEA,Direct Digital,2025-03-26,M365 E3,36.0,1544,0.0,55584.0,16,50.8,35933.0,4,1,1,0,0.045,Low Risk
MS-13438,SMB (1-50),Financial Services,APAC,Commercial Partner Org,2025-02-19,M365 Business Standard,12.5,44,0.0,550.0,17,83.9,119.6,2,0,1,0,0.031,Low Risk
MS-13439,SMB (1-50),Retail,APAC,Satya Nadella Team,2025-09-30,M365 Business Basic,6.0,27,0.0,162.0,10,92.0,128.0,2,1,1,0,0.014,Low Risk
MS-13440,Enterprise (500+),Technology,North America,Satya Nadella Team,2025-05-14,M365 Business Premium,22.0,933,0.0,20526.0,14,61.5,2190.8,3,0,1,1,0.11,Low Risk
MS-13441,Mid-Market (51-500),Manufacturing,EMEA,Commercial Partner Org,2025-05-22,M365 Business Premium,22.0,187,0.0,4114.0,14,55.4,5865.7,1,0,1,0,0.087,Low Risk
MS-13442,SMB (1-50),Technology,North America,Commercial Partner Org,2025-05-22,M365 Business Premium,22.0,9,0.0,198.0,14,78.3,153.3,1,0,1,0,0.025,Low Risk
MS-13443,Mid-Market (51-500),Education,LATAM,Azure Enterprise Group,2026-01-30,M365 Business Premium,22.0,263,0.0,5786.0,6,74.4,4062.4,3,1,0,0,0.033,Low Risk
MS-13444,Enterprise (500+),Technology,LATAM,Commercial Partner Org,2024-09-10,M365 Business Standard,12.5,2125,0.1,23906.25,22,80.5,1147.3,2,1,1,0,0.01,Low Risk
MS-13445,Mid-Market (51-500),Technology,EMEA,Commercial Partner Org,2025-05-29,M365 Business Premium,22.0,433,0.2,7620.8,14,100.0,3843.0,1,1,1,0,0.014,Low Risk
MS-13446,SMB (1-50),Technology,APAC,Commercial Partner Org,2025-07-09,M365 Business Basic,6.0,31,0.15,158.1,12,71.0,318.7,0,0,1,0,0.026,Low Risk
MS-13447,Mid-Market (51-500),Technology,EMEA,Satya Nadella Team,2025-09-05,M365 Business Standard,12.5,178,0.15,1891.25,10,46.5,1029.8,2,1,0,0,0.122,Low Risk
MS-13448,Mid-Market (51-500),Retail,EMEA,Azure Enterprise Group,2026-03-21,M365 Business Basic,6.0,490,0.1,2646.0,4,69.2,2282.9,1,0,1,0,0.035,Low Risk
MS-13449,Enterprise (500+),Manufacturing,North America,Satya Nadella Team,2026-03-07,M365 Business Basic,6.0,1628,0.2,7814.4,4,72.3,37316.8,4,0,1,0,0.035,Low Risk
MS-13450,Enterprise (500+),Education,EMEA,Commercial Partner Org,2026-06-12,M365 Business Basic,6.0,1524,0.2,7315.2,1,90.8,425.8,4,0,1,0,0.039,Low Risk
MS-13451,Mid-Market (51-500),Technology,EMEA,Azure Enterprise Group,2025-09-26,M365 Business Basic,6.0,70,0.1,378.0,10,64.5,824.7,1,0,1,0,0.039,Low Risk
MS-13452,Mid-Market (51-500),Technology,EMEA,Commercial Partner Org,2024-12-24,M365 E5,57.0,105,0.1,5386.5,19,60.6,631.6,2,0,1,0,0.084,Low Risk
MS-13453,Enterprise (500+),Technology,North America,Satya Nadella Team,2026-03-29,M365 Business Standard,12.5,2486,0.0,31075.0,4,43.3,32709.8,1,0,1,1,0.098,Low Risk
MS-13454,SMB (1-50),Technology,LATAM,Satya Nadella Team,2025-08-10,M365 Business Basic,6.0,15,0.0,90.0,11,77.9,39.7,3,0,1,0,0.025,Low Risk
MS-13455,SMB (1-50),Healthcare,North America,Commercial Partner Org,2025-10-15,M365 E3,36.0,39,0.0,1404.0,9,100.0,127.6,4,1,1,0,0.023,Low Risk
MS-13456,Enterprise (500+),Healthcare,EMEA,Azure Enterprise Group,2026-02-28,M365 Business Standard,12.5,2802,0.1,31522.5,5,64.0,29722.1,1,0,1,0,0.029,Low Risk
MS-13457,SMB (1-50),Financial Services,EMEA,Satya Nadella Team,2025-09-13,M365 Business Standard,12.5,28,0.0,350.0,10,76.1,1313.4,1,0,1,0,0.03,Low Risk
MS-13458,SMB (1-50),Technology,EMEA,Commercial Partner Org,2025-11-30,M365 Business Standard,12.5,5,0.15,53.12,8,58.1,220.6,1,0,1,0,0.13,Low Risk
MS-13459,SMB (1-50),Financial Services,EMEA,Direct Digital,2025-10-28,M365 Business Standard,12.5,16,0.0,200.0,9,44.9,55.0,1,1,1,0,0.034,Low Risk
MS-13460,SMB (1-50),Retail,North America,Commercial Partner Org,2025-11-18,M365 Business Standard,12.5,18,0.0,225.0,8,75.8,23.3,4,1,1,0,0.024,Low Risk
MS-13461,SMB (1-50),Financial Services,North America,Commercial Partner Org,2025-03-16,M365 Business Standard,12.5,7,0.0,87.5,16,68.5,75.0,3,0,1,0,0.03,Low Risk
MS-13462,SMB (1-50),Manufacturing,EMEA,Azure Enterprise Group,2025-08-29,M365 E3,36.0,49,0.1,1587.6,11,25.1,320.3,1,0,1,0,0.106,Low Risk
MS-13463,Enterprise (500+),Healthcare,EMEA,Commercial Partner Org,2025-10-15,M365 Business Basic,6.0,2978,0.0,17868.0,9,97.0,50000.0,2,0,1,0,0.035,Low Risk
MS-13464,Mid-Market (51-500),Healthcare,North America,Direct Digital,2026-03-28,M365 Business Basic,6.0,297,0.0,1782.0,4,75.5,2675.6,2,1,1,0,0.021,Low Risk
MS-13465,Mid-Market (51-500),Technology,EMEA,Commercial Partner Org,2025-09-29,M365 Business Premium,22.0,276,0.1,5464.8,10,69.3,2366.6,3,0,1,0,0.032,Low Risk
MS-13466,SMB (1-50),Technology,EMEA,Direct Digital,2026-01-22,M365 Business Standard,12.5,14,0.15,148.75,6,60.4,174.7,2,0,1,0,0.111,Low Risk
MS-13467,Mid-Market (51-500),Retail,EMEA,Satya Nadella Team,2026-03-20,M365 Business Standard,12.5,310,0.1,3487.5,4,75.3,502.8,0,1,1,0,0.02,Low Risk
MS-13468,Mid-Market (51-500),Education,APAC,Commercial Partner Org,2026-07-03,M365 E3,36.0,397,0.0,14292.0,1,76.1,5386.2,3,0,0,0,0.148,Low Risk
MS-13469,Mid-Market (51-500),Retail,North America,Azure Enterprise Group,2025-06-21,M365 E5,57.0,247,0.1,12671.1,13,75.2,1987.2,1,1,1,0,0.013,Low Risk
MS-13470,SMB (1-50),Manufacturing,North America,Commercial Partner Org,2024-09-25,M365 E3,36.0,19,0.1,615.6,22,87.2,391.2,2,0,1,0,0.029,Low Risk
MS-13471,SMB (1-50),Technology,APAC,Direct Digital,2025-04-25,M365 Business Basic,6.0,37,0.0,222.0,15,91.3,66.3,3,0,1,0,0.03,Low Risk
MS-13472,Mid-Market (51-500),Technology,EMEA,Direct Digital,2025-12-05,M365 E5,57.0,282,0.0,16074.0,7,100.0,1210.6,0,0,0,0,0.11,Low Risk
MS-13473,Mid-Market (51-500),Retail,EMEA,Azure Enterprise Group,2025-07-18,M365 Business Standard,12.5,455,0.2,4550.0,12,52.9,16383.7,4,1,0,0,0.123,Low Risk
MS-13474,Mid-Market (51-500),Retail,APAC,Direct Digital,2024-12-09,M365 Business Basic,6.0,151,0.2,724.8,19,57.7,1459.3,2,0,0,0,0.209,Medium Risk
MS-13475,Mid-Market (51-500),Retail,APAC,Commercial Partner Org,2026-07-22,M365 Business Standard,12.5,210,0.0,2625.0,1,74.5,6676.3,2,0,0,1,0.208,Medium Risk
MS-13476,SMB (1-50),Healthcare,LATAM,Direct Digital,2025-10-13,M365 Business Premium,22.0,21,0.1,415.8,9,54.0,294.4,2,0,1,0,0.113,Low Risk
MS-13477,Mid-Market (51-500),Financial Services,EMEA,Commercial Partner Org,2025-02-02,M365 Business Basic,6.0,145,0.0,870.0,17,56.9,4540.6,1,1,1,0,0.021,Low Risk
MS-13478,SMB (1-50),Financial Services,EMEA,Commercial Partner Org,2025-11-08,M365 Business Premium,22.0,21,0.1,415.8,8,76.6,96.4,2,0,1,0,0.028,Low Risk
MS-13479,Mid-Market (51-500),Technology,North America,Direct Digital,2025-11-08,M365 E3,36.0,257,0.0,9252.0,8,84.2,292.7,1,1,1,0,0.017,Low Risk
MS-13480,Enterprise (500+),Healthcare,North America,Azure Enterprise Group,2025-01-21,M365 Business Standard,12.5,2264,0.0,28300.0,18,91.0,44031.5,1,1,1,0,0.01,Low Risk
MS-13481,Mid-Market (51-500),Retail,EMEA,Satya Nadella Team,2026-02-11,M365 Business Premium,22.0,482,0.0,10604.0,5,64.5,9439.7,1,1,1,0,0.03,Low Risk
MS-13482,SMB (1-50),Technology,North America,Azure Enterprise Group,2025-06-12,M365 Business Standard,12.5,48,0.1,540.0,13,76.3,555.6,3,0,0,0,0.186,Low Risk
MS-13483,SMB (1-50),Healthcare,APAC,Satya Nadella Team,2024-09-05,M365 Business Standard,12.5,34,0.0,425.0,22,72.4,353.5,3,1,0,0,0.076,Low Risk
MS-13484,Mid-Market (51-500),Manufacturing,EMEA,Azure Enterprise Group,2026-02-05,M365 Business Standard,12.5,377,0.0,4712.5,5,68.3,11147.2,2,0,1,0,0.037,Low Risk
MS-13485,Enterprise (500+),Education,EMEA,Commercial Partner Org,2025-11-10,M365 Business Premium,22.0,1496,0.1,29620.8,8,53.3,3486.1,1,0,1,0,0.088,Low Risk
MS-13486,Mid-Market (51-500),Healthcare,North America,Commercial Partner Org,2025-10-23,M365 Business Standard,12.5,478,0.15,5078.75,9,51.0,5498.0,1,0,0,0,0.285,Medium Risk
MS-13487,Mid-Market (51-500),Technology,North America,Direct Digital,2024-11-20,M365 E3,36.0,204,0.15,6242.4,20,80.0,125.0,3,0,1,0,0.028,Low Risk
MS-13488,SMB (1-50),Financial Services,North America,Satya Nadella Team,2026-02-27,M365 E5,57.0,35,0.0,1995.0,5,53.0,63.8,1,0,1,0,0.117,Low Risk
MS-13489,Mid-Market (51-500),Retail,North America,Satya Nadella Team,2025-09-12,M365 E5,57.0,288,0.1,14774.4,10,36.0,1987.1,1,0,1,0,0.127,Low Risk
MS-13490,Mid-Market (51-500),Education,North America,Direct Digital,2025-02-06,M365 Business Basic,6.0,157,0.15,800.7,17,67.4,3243.4,3,1,1,0,0.017,Low Risk
MS-13491,Enterprise (500+),Manufacturing,EMEA,Azure Enterprise Group,2026-05-20,M365 Business Basic,6.0,764,0.15,3896.4,2,94.2,12111.0,0,1,1,0,0.023,Low Risk
MS-13492,SMB (1-50),Education,APAC,Direct Digital,2025-04-05,M365 Business Standard,12.5,23,0.0,287.5,15,17.7,1008.0,1,0,0,0,0.266,Medium Risk
MS-13493,Mid-Market (51-500),Education,APAC,Azure Enterprise Group,2026-07-02,M365 Business Premium,22.0,180,0.0,3960.0,1,62.8,99.1,1,0,1,0,0.091,Low Risk
MS-13494,SMB (1-50),Healthcare,EMEA,Direct Digital,2024-10-15,M365 E5,57.0,8,0.15,387.6,21,80.2,46.1,2,0,1,0,0.026,Low Risk
MS-13495,Mid-Market (51-500),Technology,North America,Satya Nadella Team,2026-05-25,M365 E3,36.0,93,0.0,3348.0,2,35.2,193.0,2,0,1,0,0.153,Low Risk
MS-13496,Mid-Market (51-500),Technology,APAC,Satya Nadella Team,2025-04-03,M365 Business Premium,22.0,113,0.1,2237.4,15,64.2,51.1,4,0,1,0,0.054,Low Risk
MS-13497,SMB (1-50),Education,APAC,Azure Enterprise Group,2026-01-24,M365 Business Basic,6.0,34,0.15,173.4,6,47.5,125.3,3,0,1,0,0.123,Low Risk
MS-13498,SMB (1-50),Retail,North America,Satya Nadella Team,2025-01-06,M365 E3,36.0,46,0.1,1490.4,18,49.9,154.7,0,1,1,0,0.021,Low Risk
MS-13499,Mid-Market (51-500),Technology,EMEA,Satya Nadella Team,2025-05-12,M365 Business Basic,6.0,167,0.1,901.8,14,60.8,1091.7,2,0,1,0,0.082,Low Risk
MS-13500,Mid-Market (51-500),Education,North America,Satya Nadella Team,2026-03-04,M365 Business Basic,6.0,354,0.0,2124.0,4,47.8,641.1,3,0,0,0,0.284,Medium Risk
MS-13501,SMB (1-50),Technology,APAC,Satya Nadella Team,2025-08-18,M365 E3,36.0,38,0.0,1368.0,11,46.3,305.8,2,0,1,0,0.084,Low Risk
MS-13502,SMB (1-50),Retail,LATAM,Commercial Partner Org,2026-04-29,M365 Business Premium,22.0,23,0.1,455.4,3,66.9,697.4,6,0,0,1,0.702,High Risk
MS-13503,Mid-Market (51-500),Manufacturing,North America,Direct Digital,2026-02-23,M365 Business Basic,6.0,341,0.1,1841.4,5,100.0,5643.2,5,1,1,1,0.247,Medium Risk
MS-13504,Enterprise (500+),Education,APAC,Direct Digital,2025-02-11,M365 Business Standard,12.5,2890,0.0,36125.0,17,81.6,50000.0,0,0,1,0,0.022,Low Risk
MS-13505,SMB (1-50),Financial Services,EMEA,Commercial Partner Org,2026-06-11,M365 Business Basic,6.0,15,0.0,90.0,1,86.2,294.0,0,0,1,0,0.028,Low Risk
MS-13506,Mid-Market (51-500),Financial Services,LATAM,Satya Nadella Team,2026-02-17,M365 Business Premium,22.0,133,0.0,2926.0,5,82.4,787.9,0,1,0,0,0.042,Low Risk
MS-13507,SMB (1-50),Education,EMEA,Direct Digital,2025-01-09,M365 Business Standard,12.5,22,0.1,247.5,18,55.4,325.9,0,0,1,0,0.068,Low Risk
MS-13508,SMB (1-50),Healthcare,APAC,Direct Digital,2026-04-21,M365 E3,36.0,23,0.0,828.0,3,73.6,387.4,0,0,1,0,0.03,Low Risk
MS-13509,SMB (1-50),Manufacturing,North America,Direct Digital,2026-07-28,M365 Business Standard,12.5,48,0.0,600.0,1,87.8,132.6,2,0,1,0,0.035,Low Risk
MS-13510,Enterprise (500+),Healthcare,North America,Azure Enterprise Group,2026-01-17,M365 Business Standard,12.5,708,0.0,8850.0,6,82.9,16720.0,1,0,0,1,0.126,Low Risk
MS-13511,SMB (1-50),Financial Services,North America,Commercial Partner Org,2025-10-29,M365 Business Basic,6.0,42,0.1,226.8,9,71.5,308.5,1,1,1,0,0.019,Low Risk
MS-13512,Mid-Market (51-500),Retail,LATAM,Azure Enterprise Group,2025-03-03,M365 Business Standard,12.5,433,0.0,5412.5,16,77.4,85.7,0,0,0,0,0.146,Low Risk
MS-13513,SMB (1-50),Education,APAC,Azure Enterprise Group,2026-07-03,M365 Business Premium,22.0,39,0.0,858.0,1,100.0,482.6,4,1,0,0,0.089,Low Risk
MS-13514,Enterprise (500+),Technology,APAC,Commercial Partner Org,2026-02-05,M365 Business Premium,22.0,1785,0.0,39270.0,5,83.1,24191.1,3,0,1,0,0.025,Low Risk
MS-13515,Mid-Market (51-500),Financial Services,LATAM,Direct Digital,2026-03-08,M365 Business Basic,6.0,365,0.15,1861.5,4,62.3,3514.7,1,0,1,0,0.084,Low Risk
MS-13516,Mid-Market (51-500),Manufacturing,North America,Azure Enterprise Group,2025-04-23,M365 Business Standard,12.5,370,0.0,4625.0,15,66.7,1060.2,2,1,1,0,0.016,Low Risk
MS-13517,Enterprise (500+),Financial Services,North America,Direct Digital,2025-01-09,M365 E3,36.0,1542,0.0,55512.0,18,49.0,12181.5,2,0,1,0,0.068,Low Risk
MS-13518,Mid-Market (51-500),Manufacturing,North America,Azure Enterprise Group,2026-07-29,M365 Business Standard,12.5,191,0.0,2387.5,1,100.0,1171.3,3,1,1,0,0.022,Low Risk
MS-13519,Mid-Market (51-500),Manufacturing,North America,Direct Digital,2024-09-14,M365 Business Basic,6.0,272,0.0,1632.0,22,96.9,11999.8,1,1,1,0,0.016,Low Risk
MS-13520,SMB (1-50),Education,North America,Satya Nadella Team,2026-06-21,M365 Business Standard,12.5,44,0.1,495.0,1,69.5,919.3,0,0,0,0,0.167,Low Risk
MS-13521,SMB (1-50),Manufacturing,EMEA,Satya Nadella Team,2025-09-15,M365 Business Premium,22.0,17,0.0,374.0,10,100.0,292.8,0,0,1,0,0.029,Low Risk
MS-13522,Mid-Market (51-500),Healthcare,North America,Satya Nadella Team,2024-10-30,M365 Business Basic,6.0,437,0.15,2228.7,21,79.4,1047.5,2,1,1,0,0.022,Low Risk
MS-13523,SMB (1-50),Retail,North America,Commercial Partner Org,2025-06-19,M365 Business Standard,12.5,10,0.1,112.5,13,60.2,48.2,0,1,1,0,0.045,Low Risk
MS-13524,SMB (1-50),Financial Services,North America,Satya Nadella Team,2025-02-07,M365 Business Premium,22.0,15,0.15,280.5,17,84.3,86.0,3,1,0,1,0.044,Low Risk
MS-13525,Mid-Market (51-500),Retail,North America,Azure Enterprise Group,2025-11-21,M365 E5,57.0,155,0.0,8835.0,8,75.2,1262.0,3,1,1,0,0.019,Low Risk
MS-13526,SMB (1-50),Technology,LATAM,Direct Digital,2026-02-20,M365 Business Standard,12.5,12,0.0,150.0,5,83.1,10.0,1,0,1,0,0.064,Low Risk
MS-13527,Mid-Market (51-500),Financial Services,APAC,Direct Digital,2026-03-31,M365 Business Basic,6.0,115,0.1,621.0,4,43.4,1240.6,3,1,1,0,0.038,Low Risk
MS-13528,SMB (1-50),Retail,LATAM,Direct Digital,2025-09-21,M365 Business Standard,12.5,44,0.0,550.0,10,53.4,233.9,1,0,1,0,0.109,Low Risk
MS-13529,Enterprise (500+),Retail,North America,Direct Digital,2024-11-09,M365 Business Standard,12.5,1444,0.0,18050.0,20,94.8,14292.1,4,0,1,0,0.036,Low Risk
MS-13530,Enterprise (500+),Education,North America,Azure Enterprise Group,2025-09-17,M365 Business Basic,6.0,1393,0.0,8358.0,10,98.5,150.8,1,0,1,0,0.047,Low Risk
MS-13531,Enterprise (500+),Education,APAC,Direct Digital,2026-07-17,M365 Business Premium,22.0,561,0.0,12342.0,1,93.5,2610.5,2,0,0,0,0.089,Low Risk
MS-13532,SMB (1-50),Technology,North America,Azure Enterprise Group,2025-04-13,M365 E5,57.0,46,0.0,2622.0,15,100.0,808.1,1,0,0,0,0.135,Low Risk
MS-13533,Mid-Market (51-500),Manufacturing,North America,Azure Enterprise Group,2026-01-21,M365 E3,36.0,61,0.0,2196.0,6,78.4,509.0,2,1,0,1,0.083,Low Risk
MS-13534,Enterprise (500+),Financial Services,North America,Direct Digital,2026-06-27,M365 Business Basic,6.0,2406,0.0,14436.0,1,77.1,44906.4,2,1,1,0,0.017,Low Risk
MS-13535,Enterprise (500+),Education,North America,Direct Digital,2024-10-10,M365 E3,36.0,1824,0.15,55814.4,21,51.6,26276.8,1,0,1,0,0.057,Low Risk
MS-13536,Mid-Market (51-500),Financial Services,North America,Direct Digital,2025-01-24,M365 Business Basic,6.0,430,0.1,2322.0,18,57.6,9961.2,3,0,1,0,0.09,Low Risk
MS-13537,SMB (1-50),Technology,North America,Azure Enterprise Group,2025-09-01,M365 Business Standard,12.5,24,0.0,300.0,10,32.2,10.0,0,0,1,0,0.156,Low Risk
MS-13538,Mid-Market (51-500),Education,EMEA,Commercial Partner Org,2026-05-03,M365 E5,57.0,205,0.15,9932.25,2,62.2,745.1,4,0,0,0,0.139,Low Risk
MS-13539,Mid-Market (51-500),Education,North America,Azure Enterprise Group,2025-05-06,M365 E5,57.0,256,0.2,11673.6,14,30.9,2444.8,1,1,1,0,0.021,Low Risk
MS-13540,SMB (1-50),Manufacturing,North America,Commercial Partner Org,2024-09-12,M365 Business Basic,6.0,39,0.1,210.6,22,87.5,1324.7,1,0,0,0,0.19,Low Risk
MS-13541,Mid-Market (51-500),Financial Services,APAC,Direct Digital,2026-02-18,M365 Business Basic,6.0,429,0.1,2316.6,5,75.0,5862.4,2,0,1,0,0.034,Low Risk
MS-13542,Mid-Market (51-500),Financial Services,North America,Azure Enterprise Group,2026-01-23,M365 Business Standard,12.5,137,0.0,1712.5,6,31.5,1002.7,0,0,1,0,0.141,Low Risk
MS-13543,Mid-Market (51-500),Financial Services,North America,Direct Digital,2025-05-03,M365 Business Premium,22.0,362,0.2,6371.2,14,64.6,605.7,1,0,1,0,0.036,Low Risk
MS-13544,SMB (1-50),Manufacturing,APAC,Commercial Partner Org,2025-02-18,M365 E3,36.0,48,0.0,1728.0,17,100.0,391.5,2,0,0,0,0.139,Low Risk
MS-13545,Mid-Market (51-500),Education,North America,Commercial Partner Org,2024-10-02,M365 Business Basic,6.0,400,0.1,2160.0,21,65.7,2792.5,2,0,1,0,0.043,Low Risk
MS-13546,Enterprise (500+),Technology,North America,Azure Enterprise Group,2026-05-19,M365 Business Standard,12.5,1886,0.0,23575.0,2,50.0,34108.2,4,1,1,0,0.033,Low Risk
MS-13547,Mid-Market (51-500),Financial Services,EMEA,Azure Enterprise Group,2025-11-03,M365 Business Standard,12.5,481,0.0,6012.5,8,35.9,3078.3,1,1,1,0,0.033,Low Risk
MS-13548,Mid-Market (51-500),Retail,North America,Azure Enterprise Group,2024-10-05,M365 Business Basic,6.0,69,0.0,414.0,21,36.4,317.9,1,1,1,0,0.024,Low Risk
MS-13549,Mid-Market (51-500),Manufacturing,EMEA,Azure Enterprise Group,2025-03-24,M365 E3,36.0,363,0.0,13068.0,16,77.6,409.5,0,1,1,0,0.016,Low Risk
MS-13550,Mid-Market (51-500),Healthcare,APAC,Satya Nadella Team,2025-09-19,M365 E3,36.0,465,0.1,15066.0,10,60.2,265.7,0,0,1,0,0.094,Low Risk
MS-13551,Mid-Market (51-500),Technology,North America,Satya Nadella Team,2025-05-24,M365 Business Basic,6.0,66,0.2,316.8,14,61.7,458.0,2,1,1,0,0.025,Low Risk
MS-13552,SMB (1-50),Retail,EMEA,Direct Digital,2026-03-31,M365 Business Basic,6.0,6,0.0,36.0,4,60.3,30.7,3,0,1,0,0.143,Low Risk
MS-13553,SMB (1-50),Financial Services,EMEA,Commercial Partner Org,2025-11-17,M365 Business Basic,6.0,40,0.1,216.0,8,65.5,389.0,2,0,1,0,0.036,Low Risk
MS-13554,SMB (1-50),Healthcare,North America,Commercial Partner Org,2026-05-03,M365 Business Standard,12.5,29,0.1,326.25,2,45.9,433.1,2,1,1,0,0.033,Low Risk
MS-13555,SMB (1-50),Technology,EMEA,Direct Digital,2026-07-29,M365 Business Basic,6.0,47,0.0,282.0,1,73.7,23.0,2,0,1,0,0.041,Low Risk
MS-13556,SMB (1-50),Manufacturing,North America,Direct Digital,2025-12-29,M365 Business Standard,12.5,30,0.2,300.0,7,42.4,246.8,5,0,1,0,0.228,Medium Risk
MS-13557,SMB (1-50),Healthcare,EMEA,Direct Digital,2025-12-14,M365 Business Standard,12.5,49,0.0,612.5,7,54.4,1164.4,4,0,1,0,0.12,Low Risk
MS-13558,Enterprise (500+),Education,North America,Satya Nadella Team,2025-05-24,M365 Business Basic,6.0,3195,0.15,16294.5,14,86.2,23282.9,1,0,1,0,0.049,Low Risk
MS-13559,SMB (1-50),Healthcare,EMEA,Direct Digital,2024-12-18,M365 E3,36.0,25,0.2,720.0,19,74.8,221.0,1,1,1,0,0.012,Low Risk
MS-13560,SMB (1-50),Retail,North America,Commercial Partner Org,2026-01-02,M365 Business Basic,6.0,22,0.0,132.0,6,80.3,176.1,2,0,1,0,0.03,Low Risk
MS-13561,SMB (1-50),Technology,APAC,Direct Digital,2025-02-25,M365 E3,36.0,33,0.15,1009.8,17,100.0,195.6,2,1,1,0,0.015,Low Risk
MS-13562,Mid-Market (51-500),Retail,North America,Azure Enterprise Group,2025-05-07,M365 Business Premium,22.0,94,0.1,1861.2,14,66.9,131.6,1,0,1,1,0.041,Low Risk
MS-13563,SMB (1-50),Retail,North America,Commercial Partner Org,2024-09-05,M365 E3,36.0,32,0.15,979.2,22,68.4,51.9,3,0,1,0,0.033,Low Risk
MS-13564,SMB (1-50),Financial Services,EMEA,Commercial Partner Org,2025-02-04,M365 Business Basic,6.0,16,0.0,96.0,17,63.2,37.9,4,1,0,0,0.076,Low Risk
MS-13565,SMB (1-50),Manufacturing,EMEA,Commercial Partner Org,2025-04-18,M365 Business Premium,22.0,15,0.15,280.5,15,60.0,283.1,1,1,0,0,0.157,Low Risk
MS-13566,Mid-Market (51-500),Healthcare,EMEA,Satya Nadella Team,2026-05-21,M365 Business Basic,6.0,160,0.1,864.0,2,49.8,618.3,2,0,0,1,0.315,Medium Risk
MS-13567,Enterprise (500+),Technology,EMEA,Satya Nadella Team,2025-05-19,M365 E5,57.0,1831,0.0,104367.0,14,69.5,50000.0,2,0,1,0,0.023,Low Risk
MS-13568,Enterprise (500+),Education,APAC,Commercial Partner Org,2025-07-18,M365 Business Premium,22.0,1435,0.1,28413.0,12,74.4,28613.2,1,1,0,0,0.031,Low Risk
MS-13569,SMB (1-50),Manufacturing,APAC,Azure Enterprise Group,2025-01-05,M365 Business Standard,12.5,20,0.1,225.0,18,75.4,276.9,3,0,1,0,0.026,Low Risk
MS-13570,Mid-Market (51-500),Manufacturing,North America,Commercial Partner Org,2024-09-28,M365 Business Standard,12.5,440,0.0,5500.0,22,69.2,6728.7,0,1,1,0,0.019,Low Risk
MS-13571,Mid-Market (51-500),Technology,EMEA,Satya Nadella Team,2026-01-23,M365 E3,36.0,315,0.2,9072.0,6,84.7,184.5,0,0,1,0,0.025,Low Risk
MS-13572,SMB (1-50),Manufacturing,APAC,Azure Enterprise Group,2025-04-16,M365 E5,57.0,49,0.0,2793.0,15,68.5,494.1,0,1,1,0,0.02,Low Risk
MS-13573,SMB (1-50),Financial Services,LATAM,Commercial Partner Org,2026-06-03,M365 E3,36.0,42,0.15,1285.2,1,60.6,1426.9,0,0,1,0,0.1,Low Risk
MS-13574,SMB (1-50),Manufacturing,APAC,Satya Nadella Team,2026-02-23,M365 E3,36.0,10,0.0,360.0,5,51.3,10.0,2,1,1,0,0.088,Low Risk
MS-13575,Mid-Market (51-500),Financial Services,North America,Azure Enterprise Group,2025-02-26,M365 E3,36.0,308,0.15,9424.8,17,40.1,1271.1,0,1,1,0,0.022,Low Risk
MS-13576,SMB (1-50),Healthcare,North America,Direct Digital,2026-07-08,M365 Business Premium,22.0,33,0.15,617.1,1,94.3,20.9,4,1,1,0,0.029,Low Risk
MS-13577,SMB (1-50),Healthcare,EMEA,Direct Digital,2026-07-04,M365 Business Basic,6.0,38,0.0,228.0,1,55.4,384.6,2,0,0,0,0.251,Medium Risk
MS-13578,SMB (1-50),Retail,EMEA,Commercial Partner Org,2025-06-15,M365 Business Basic,6.0,7,0.1,37.8,13,51.3,10.4,1,0,0,1,0.468,Medium Risk
MS-13579,Mid-Market (51-500),Financial Services,EMEA,Direct Digital,2026-01-07,M365 Business Premium,22.0,105,0.0,2310.0,6,60.5,822.1,1,0,1,0,0.117,Low Risk
MS-13580,Mid-Market (51-500),Education,EMEA,Satya Nadella Team,2025-05-23,M365 Business Standard,12.5,359,0.0,4487.5,14,63.0,5483.2,1,0,0,0,0.191,Low Risk
MS-13581,Mid-Market (51-500),Healthcare,APAC,Azure Enterprise Group,2025-12-11,M365 Business Premium,22.0,400,0.0,8800.0,7,97.5,862.3,1,1,1,0,0.018,Low Risk
MS-13582,Mid-Market (51-500),Manufacturing,North America,Commercial Partner Org,2025-09-30,M365 Business Basic,6.0,122,0.0,732.0,10,62.1,2061.3,4,0,1,0,0.087,Low Risk
MS-13583,Mid-Market (51-500),Technology,APAC,Azure Enterprise Group,2025-11-06,M365 Business Premium,22.0,346,0.2,6089.6,8,100.0,257.8,2,0,1,0,0.031,Low Risk
MS-13584,SMB (1-50),Technology,North America,Azure Enterprise Group,2025-11-09,M365 Business Basic,6.0,10,0.0,60.0,8,69.1,19.4,4,0,1,0,0.047,Low Risk
MS-13585,SMB (1-50),Financial Services,North America,Azure Enterprise Group,2025-09-23,M365 Business Standard,12.5,37,0.0,462.5,10,100.0,145.9,1,0,1,0,0.032,Low Risk
MS-13586,Enterprise (500+),Education,EMEA,Satya Nadella Team,2026-02-19,M365 Business Standard,12.5,3034,0.0,37925.0,5,84.1,50000.0,1,1,1,0,0.018,Low Risk
MS-13587,Enterprise (500+),Retail,APAC,Commercial Partner Org,2025-01-23,M365 Business Basic,6.0,2034,0.2,9763.2,18,74.5,46327.2,2,1,1,0,0.01,Low Risk
MS-13588,Mid-Market (51-500),Manufacturing,North America,Direct Digital,2025-02-22,M365 E3,36.0,191,0.0,6876.0,17,96.4,570.6,1,1,1,0,0.013,Low Risk
MS-13589,SMB (1-50),Financial Services,North America,Azure Enterprise Group,2026-02-02,M365 Business Standard,12.5,17,0.0,212.5,5,88.2,20.5,2,0,0,0,0.136,Low Risk
MS-13590,SMB (1-50),Technology,LATAM,Azure Enterprise Group,2025-07-11,M365 E3,36.0,37,0.1,1198.8,12,79.4,836.3,1,0,1,0,0.03,Low Risk
MS-13591,SMB (1-50),Financial Services,North America,Azure Enterprise Group,2026-05-14,M365 Business Standard,12.5,32,0.15,340.0,2,100.0,402.4,1,0,1,0,0.032,Low Risk
MS-13592,Enterprise (500+),Manufacturing,EMEA,Satya Nadella Team,2025-01-07,M365 Business Basic,6.0,1201,0.15,6125.1,18,59.0,2476.0,0,1,1,0,0.019,Low Risk
MS-13593,Mid-Market (51-500),Education,EMEA,Direct Digital,2026-01-27,M365 Business Basic,6.0,361,0.1,1949.4,6,50.1,3534.1,2,0,1,0,0.129,Low Risk
MS-13594,Enterprise (500+),Education,EMEA,Azure Enterprise Group,2024-09-10,M365 Business Basic,6.0,1599,0.0,9594.0,22,55.8,39501.0,2,1,1,0,0.024,Low Risk
MS-13595,Mid-Market (51-500),Healthcare,EMEA,Satya Nadella Team,2025-08-13,M365 Business Basic,6.0,448,0.1,2419.2,11,99.5,387.3,1,0,0,0,0.119,Low Risk
MS-13596,SMB (1-50),Manufacturing,North America,Satya Nadella Team,2024-12-26,M365 Business Basic,6.0,41,0.15,209.1,19,94.1,43.0,2,1,1,0,0.019,Low Risk
MS-13597,SMB (1-50),Healthcare,EMEA,Azure Enterprise Group,2025-10-16,M365 E3,36.0,23,0.15,703.8,9,58.5,88.2,1,0,1,0,0.101,Low Risk
MS-13598,SMB (1-50),Healthcare,North America,Azure Enterprise Group,2025-10-02,M365 E5,57.0,39,0.0,2223.0,9,25.6,494.4,3,0,1,1,0.147,Low Risk
MS-13599,Mid-Market (51-500),Healthcare,EMEA,Satya Nadella Team,2024-09-11,M365 E5,57.0,421,0.0,23997.0,22,64.3,990.3,2,0,1,0,0.046,Low Risk
MS-13600,SMB (1-50),Financial Services,North America,Satya Nadella Team,2025-10-03,M365 E5,57.0,38,0.0,2166.0,9,49.8,772.8,0,1,1,0,0.029,Low Risk
MS-13601,Mid-Market (51-500),Technology,EMEA,Azure Enterprise Group,2026-05-01,M365 Business Standard,12.5,72,0.1,810.0,3,59.1,1199.2,0,1,1,0,0.035,Low Risk
MS-13602,Mid-Market (51-500),Education,North America,Satya Nadella Team,2024-12-02,M365 Business Standard,12.5,128,0.1,1440.0,19,49.0,1264.5,1,1,0,0,0.124,Low Risk
MS-13603,SMB (1-50),Financial Services,North America,Satya Nadella Team,2024-12-11,M365 Business Basic,6.0,5,0.0,30.0,19,39.0,10.0,3,0,1,0,0.107,Low Risk
MS-13604,SMB (1-50),Technology,North America,Azure Enterprise Group,2024-12-07,M365 Business Basic,6.0,11,0.0,66.0,19,100.0,586.3,2,1,0,0,0.062,Low Risk
MS-13605,SMB (1-50),Education,North America,Azure Enterprise Group,2025-06-09,M365 E3,36.0,38,0.2,1094.4,13,55.7,307.1,0,1,1,0,0.021,Low Risk
MS-13606,Mid-Market (51-500),Manufacturing,APAC,Commercial Partner Org,2026-06-30,M365 E3,36.0,370,0.0,13320.0,1,93.4,2671.2,2,0,1,0,0.032,Low Risk
MS-13607,SMB (1-50),Education,North America,Direct Digital,2026-06-19,M365 E3,36.0,37,0.1,1198.8,1,64.0,2406.1,1,0,1,0,0.038,Low Risk
MS-13608,SMB (1-50),Education,APAC,Azure Enterprise Group,2025-10-26,M365 E3,36.0,30,0.0,1080.0,9,47.6,717.9,1,0,1,1,0.119,Low Risk
MS-13609,Enterprise (500+),Education,LATAM,Azure Enterprise Group,2025-08-30,M365 Business Standard,12.5,1042,0.1,11722.5,11,77.2,7621.0,2,1,0,0,0.035,Low Risk
MS-13610,Mid-Market (51-500),Retail,EMEA,Azure Enterprise Group,2025-03-30,M365 Business Standard,12.5,71,0.0,887.5,16,61.0,462.4,2,0,0,0,0.244,Medium Risk
MS-13611,Mid-Market (51-500),Manufacturing,North America,Direct Digital,2026-06-29,M365 Business Standard,12.5,210,0.1,2362.5,1,64.3,254.1,0,1,1,0,0.023,Low Risk
MS-13612,Mid-Market (51-500),Financial Services,North America,Commercial Partner Org,2026-01-21,M365 E5,57.0,282,0.1,14466.6,6,70.6,8834.4,2,0,1,0,0.035,Low Risk
MS-13613,Mid-Market (51-500),Financial Services,APAC,Satya Nadella Team,2024-11-15,M365 E5,57.0,411,0.15,19912.95,20,53.4,9156.0,3,0,0,0,0.235,Medium Risk
MS-13614,Mid-Market (51-500),Technology,North America,Direct Digital,2025-07-20,M365 Business Premium,22.0,351,0.0,7722.0,12,38.8,1562.9,2,0,1,0,0.092,Low Risk
MS-13615,SMB (1-50),Financial Services,North America,Azure Enterprise Group,2025-11-26,M365 Business Basic,6.0,24,0.1,129.6,8,67.1,403.1,1,1,1,0,0.018,Low Risk
MS-13616,SMB (1-50),Healthcare,EMEA,Azure Enterprise Group,2026-07-19,M365 Business Standard,12.5,28,0.0,350.0,1,85.4,483.4,1,0,0,0,0.152,Low Risk
MS-13617,Mid-Market (51-500),Education,APAC,Commercial Partner Org,2026-05-16,M365 Business Standard,12.5,402,0.2,4020.0,2,51.8,1247.8,1,0,0,0,0.287,Medium Risk
MS-13618,Mid-Market (51-500),Financial Services,APAC,Commercial Partner Org,2024-09-18,M365 E3,36.0,230,0.1,7452.0,22,70.8,2624.8,2,0,1,0,0.028,Low Risk
MS-13619,Mid-Market (51-500),Technology,North America,Commercial Partner Org,2025-06-18,M365 Business Basic,6.0,445,0.1,2403.0,13,95.1,1572.1,3,1,1,0,0.02,Low Risk
MS-13620,Enterprise (500+),Technology,EMEA,Satya Nadella Team,2025-03-17,M365 Business Basic,6.0,3302,0.0,19812.0,16,66.4,50000.0,3,0,1,0,0.08,Low Risk
MS-13621,Enterprise (500+),Healthcare,North America,Direct Digital,2025-02-09,M365 Business Standard,12.5,3379,0.0,42237.5,17,69.5,6772.0,3,1,0,0,0.037,Low Risk
MS-13622,SMB (1-50),Technology,North America,Direct Digital,2025-10-22,M365 E5,57.0,14,0.0,798.0,9,69.0,185.7,5,0,1,0,0.142,Low Risk
MS-13623,SMB (1-50),Retail,APAC,Commercial Partner Org,2025-09-19,M365 Business Standard,12.5,16,0.0,200.0,10,55.7,75.8,1,0,1,0,0.109,Low Risk
MS-13624,SMB (1-50),Education,North America,Satya Nadella Team,2025-03-19,M365 Business Premium,22.0,37,0.0,814.0,16,50.1,16.4,1,0,0,1,0.368,Medium Risk
MS-13625,Mid-Market (51-500),Education,North America,Direct Digital,2026-01-11,M365 Business Standard,12.5,77,0.0,962.5,6,50.2,122.0,1,1,1,0,0.035,Low Risk
MS-13626,SMB (1-50),Education,North America,Azure Enterprise Group,2024-10-13,M365 Business Basic,6.0,20,0.0,120.0,21,74.6,255.3,2,1,1,0,0.012,Low Risk
MS-13627,SMB (1-50),Manufacturing,APAC,Azure Enterprise Group,2024-11-21,M365 Business Basic,6.0,21,0.0,126.0,20,81.6,69.1,2,0,1,0,0.025,Low Risk
MS-13628,SMB (1-50),Financial Services,APAC,Azure Enterprise Group,2026-02-21,M365 E3,36.0,14,0.0,504.0,5,82.5,167.5,3,1,1,0,0.02,Low Risk
MS-13629,SMB (1-50),Retail,EMEA,Direct Digital,2025-07-01,M365 E3,36.0,16,0.0,576.0,13,61.2,102.9,4,1,1,0,0.039,Low Risk
MS-13630,SMB (1-50),Financial Services,APAC,Commercial Partner Org,2026-04-04,M365 Business Standard,12.5,23,0.15,244.38,3,87.7,325.7,4,0,1,0,0.037,Low Risk
MS-13631,SMB (1-50),Retail,North America,Azure Enterprise Group,2025-03-18,M365 Business Standard,12.5,44,0.15,467.5,16,73.5,358.6,1,0,0,1,0.176,Low Risk
MS-13632,Mid-Market (51-500),Financial Services,EMEA,Commercial Partner Org,2025-10-11,M365 E3,36.0,335,0.0,12060.0,9,69.3,1483.2,4,0,1,1,0.088,Low Risk
MS-13633,SMB (1-50),Healthcare,North America,Satya Nadella Team,2025-11-01,M365 Business Premium,22.0,44,0.1,871.2,8,7.9,83.2,1,0,1,0,0.146,Low Risk
MS-13634,SMB (1-50),Technology,North America,Azure Enterprise Group,2025-12-05,M365 Business Basic,6.0,14,0.1,75.6,7,53.3,70.1,0,0,1,0,0.113,Low Risk
MS-13635,Mid-Market (51-500),Technology,EMEA,Satya Nadella Team,2025-12-24,M365 Business Standard,12.5,240,0.0,3000.0,7,40.6,2901.8,0,1,1,0,0.034,Low Risk
MS-13636,Mid-Market (51-500),Healthcare,APAC,Commercial Partner Org,2025-01-02,M365 Business Premium,22.0,249,0.1,4930.2,18,79.3,4030.5,1,0,1,0,0.029,Low Risk
MS-13637,SMB (1-50),Retail,North America,Direct Digital,2026-02-10,M365 Business Premium,22.0,43,0.15,804.1,5,69.7,90.2,0,1,1,0,0.026,Low Risk
MS-13638,SMB (1-50),Manufacturing,North America,Commercial Partner Org,2026-05-31,M365 E5,57.0,34,0.1,1744.2,2,48.7,445.3,0,0,1,0,0.123,Low Risk
MS-13639,Mid-Market (51-500),Retail,North America,Azure Enterprise Group,2026-02-08,M365 E3,36.0,274,0.0,9864.0,5,73.5,649.6,3,0,1,0,0.031,Low Risk
MS-13640,SMB (1-50),Technology,North America,Azure Enterprise Group,2024-10-09,M365 Business Basic,6.0,5,0.0,30.0,21,42.4,15.0,2,0,1,0,0.102,Low Risk
MS-13641,SMB (1-50),Manufacturing,APAC,Commercial Partner Org,2025-03-18,M365 Business Premium,22.0,47,0.0,1034.0,16,49.2,427.4,1,0,0,0,0.242,Medium Risk
MS-13642,SMB (1-50),Financial Services,EMEA,Azure Enterprise Group,2024-12-17,M365 Business Standard,12.5,23,0.1,258.75,19,55.2,94.2,3,0,1,0,0.069,Low Risk
MS-13643,SMB (1-50),Manufacturing,EMEA,Azure Enterprise Group,2025-05-26,M365 Business Premium,22.0,9,0.1,178.2,14,77.7,117.0,2,0,1,0,0.024,Low Risk
MS-13644,Mid-Market (51-500),Retail,APAC,Satya Nadella Team,2025-08-19,M365 Business Premium,22.0,55,0.0,1210.0,11,93.2,2058.2,0,1,1,0,0.021,Low Risk
MS-13645,Enterprise (500+),Healthcare,North America,Direct Digital,2025-07-08,M365 Business Standard,12.5,1691,0.0,21137.5,12,57.5,3271.4,1,0,1,0,0.068,Low Risk
MS-13646,Mid-Market (51-500),Financial Services,EMEA,Commercial Partner Org,2025-09-25,M365 E3,36.0,280,0.0,10080.0,10,91.8,2839.7,3,0,1,0,0.031,Low Risk
MS-13647,Mid-Market (51-500),Retail,North America,Satya Nadella Team,2024-10-10,M365 Business Premium,22.0,407,0.0,8954.0,21,68.9,12541.3,2,1,1,0,0.023,Low Risk
MS-13648,SMB (1-50),Financial Services,EMEA,Azure Enterprise Group,2026-04-04,M365 E3,36.0,6,0.0,216.0,3,72.3,14.0,1,0,1,0,0.069,Low Risk
MS-13649,Mid-Market (51-500),Manufacturing,LATAM,Satya Nadella Team,2025-01-30,M365 Business Standard,12.5,164,0.0,2050.0,18,66.9,899.5,2,0,1,0,0.039,Low Risk
MS-13650,SMB (1-50),Technology,APAC,Direct Digital,2025-03-06,M365 Business Standard,12.5,18,0.0,225.0,16,64.4,28.5,3,1,0,0,0.04,Low Risk
MS-13651,SMB (1-50),Retail,North America,Commercial Partner Org,2025-11-04,M365 Business Premium,22.0,45,0.0,990.0,8,75.9,554.8,2,0,1,0,0.032,Low Risk
MS-13652,Mid-Market (51-500),Healthcare,APAC,Direct Digital,2025-12-01,M365 E5,57.0,263,0.0,14991.0,7,81.3,3490.8,2,1,1,0,0.018,Low Risk
MS-13653,Enterprise (500+),Manufacturing,North America,Direct Digital,2025-04-15,M365 Business Standard,12.5,2290,0.1,25762.5,15,52.1,29985.8,0,0,1,1,0.126,Low Risk
MS-13654,SMB (1-50),Retail,North America,Satya Nadella Team,2025-11-02,M365 Business Basic,6.0,33,0.2,158.4,8,64.6,309.3,1,0,1,0,0.035,Low Risk
MS-13655,Mid-Market (51-500),Healthcare,North America,Satya Nadella Team,2025-03-23,M365 Business Standard,12.5,346,0.15,3676.25,16,98.0,5694.3,4,0,1,0,0.044,Low Risk
MS-13656,SMB (1-50),Retail,North America,Direct Digital,2024-12-27,M365 Business Standard,12.5,38,0.15,403.75,19,71.2,16.7,3,1,1,0,0.032,Low Risk
MS-13657,SMB (1-50),Manufacturing,EMEA,Azure Enterprise Group,2025-09-29,M365 E3,36.0,8,0.15,244.8,10,73.2,303.2,5,0,1,1,0.245,Medium Risk
MS-13658,SMB (1-50),Retail,EMEA,Commercial Partner Org,2025-04-10,M365 Business Premium,22.0,32,0.1,633.6,15,89.0,96.4,6,0,0,0,0.324,Medium Risk
MS-13659,Mid-Market (51-500),Financial Services,APAC,Azure Enterprise Group,2024-11-02,M365 E5,57.0,192,0.0,10944.0,20,59.0,298.6,0,0,0,1,0.407,Medium Risk
MS-13660,Mid-Market (51-500),Manufacturing,EMEA,Azure Enterprise Group,2025-10-01,M365 E3,36.0,186,0.0,6696.0,10,67.4,6322.2,2,0,1,0,0.034,Low Risk
MS-13661,Mid-Market (51-500),Retail,EMEA,Commercial Partner Org,2024-09-05,M365 Business Standard,12.5,178,0.0,2225.0,22,82.7,3790.4,1,0,1,0,0.034,Low Risk
MS-13662,SMB (1-50),Technology,North America,Satya Nadella Team,2025-07-31,M365 Business Premium,22.0,47,0.1,930.6,12,90.3,816.5,3,0,1,0,0.034,Low Risk
MS-13663,SMB (1-50),Retail,North America,Azure Enterprise Group,2025-06-19,M365 Business Premium,22.0,17,0.0,374.0,13,25.4,22.6,4,0,1,0,0.123,Low Risk
MS-13664,Mid-Market (51-500),Financial Services,EMEA,Satya Nadella Team,2026-01-21,M365 E5,57.0,463,0.0,26391.0,6,54.7,9155.2,1,1,1,0,0.032,Low Risk
MS-13665,SMB (1-50),Healthcare,North America,Commercial Partner Org,2025-01-23,M365 Business Basic,6.0,9,0.1,48.6,18,50.0,101.4,3,1,1,0,0.066,Low Risk
MS-13666,SMB (1-50),Healthcare,APAC,Azure Enterprise Group,2026-06-24,M365 Business Basic,6.0,37,0.0,222.0,1,65.8,584.5,5,0,1,0,0.236,Medium Risk
MS-13667,Enterprise (500+),Healthcare,North America,Satya Nadella Team,2025-02-06,M365 Business Basic,6.0,3166,0.0,18996.0,17,51.4,50000.0,3,0,1,0,0.063,Low Risk
MS-13668,Mid-Market (51-500),Technology,North America,Satya Nadella Team,2024-09-11,M365 Business Premium,22.0,400,0.15,7480.0,22,80.0,1037.9,3,0,1,0,0.039,Low Risk
MS-13669,SMB (1-50),Financial Services,North America,Azure Enterprise Group,2024-11-08,M365 Business Basic,6.0,36,0.0,216.0,20,71.1,303.2,3,1,0,0,0.059,Low Risk
MS-13670,SMB (1-50),Manufacturing,North America,Commercial Partner Org,2026-05-07,M365 Business Premium,22.0,31,0.0,682.0,2,84.0,520.7,2,0,1,0,0.034,Low Risk
MS-13671,SMB (1-50),Healthcare,North America,Direct Digital,2026-02-26,M365 E3,36.0,39,0.0,1404.0,5,85.2,266.1,3,0,0,0,0.187,Low Risk
MS-13672,Mid-Market (51-500),Financial Services,EMEA,Satya Nadella Team,2025-03-21,M365 Business Standard,12.5,236,0.1,2655.0,16,80.2,159.2,2,0,1,0,0.028,Low Risk
MS-13673,Mid-Market (51-500),Retail,North America,Commercial Partner Org,2025-05-24,M365 Business Premium,22.0,283,0.0,6226.0,14,62.0,401.2,4,0,1,0,0.063,Low Risk
MS-13674,Mid-Market (51-500),Technology,EMEA,Azure Enterprise Group,2024-12-17,M365 E5,57.0,52,0.15,2519.4,19,69.9,575.0,3,0,1,0,0.036,Low Risk
MS-13675,SMB (1-50),Financial Services,North America,Satya Nadella Team,2024-10-24,M365 Business Premium,22.0,17,0.0,374.0,21,59.7,68.4,2,0,1,0,0.065,Low Risk
MS-13676,SMB (1-50),Financial Services,North America,Satya Nadella Team,2025-08-04,M365 Business Basic,6.0,45,0.0,270.0,11,43.4,80.1,2,1,1,0,0.027,Low Risk
MS-13677,Enterprise (500+),Manufacturing,North America,Satya Nadella Team,2025-03-09,M365 Business Standard,12.5,2768,0.0,34600.0,16,85.2,13796.3,2,0,0,0,0.178,Low Risk
MS-13678,Enterprise (500+),Financial Services,APAC,Commercial Partner Org,2025-04-27,M365 Business Standard,12.5,1532,0.1,17235.0,15,66.5,4124.8,0,0,1,0,0.035,Low Risk
MS-13679,Mid-Market (51-500),Manufacturing,North America,Satya Nadella Team,2025-08-09,M365 Business Basic,6.0,154,0.15,785.4,11,41.0,44.8,1,1,1,0,0.027,Low Risk
MS-13680,SMB (1-50),Technology,APAC,Satya Nadella Team,2025-06-18,M365 Business Premium,22.0,5,0.0,110.0,13,77.7,10.0,2,0,1,0,0.039,Low Risk
MS-13681,Mid-Market (51-500),Technology,North America,Azure Enterprise Group,2025-07-20,M365 E5,57.0,468,0.0,26676.0,12,64.0,12053.3,4,0,1,0,0.044,Low Risk
MS-13682,Enterprise (500+),Retail,APAC,Satya Nadella Team,2025-07-18,M365 Business Premium,22.0,1142,0.0,25124.0,12,30.9,166.0,0,0,1,0,0.087,Low Risk
MS-13683,Mid-Market (51-500),Manufacturing,North America,Commercial Partner Org,2024-10-12,M365 Business Standard,12.5,374,0.15,3973.75,21,43.3,6671.7,4,0,1,0,0.091,Low Risk
MS-13684,Mid-Market (51-500),Manufacturing,EMEA,Azure Enterprise Group,2025-03-17,M365 Business Standard,12.5,388,0.0,4850.0,16,55.4,6519.5,2,0,1,1,0.103,Low Risk
MS-13685,SMB (1-50),Healthcare,EMEA,Direct Digital,2026-05-26,M365 E5,57.0,7,0.1,359.1,2,71.8,69.8,2,0,0,0,0.149,Low Risk
MS-13686,SMB (1-50),Healthcare,APAC,Azure Enterprise Group,2025-06-11,M365 E3,36.0,11,0.0,396.0,13,82.2,30.9,0,1,0,0,0.039,Low Risk
MS-13687,SMB (1-50),Retail,North America,Satya Nadella Team,2025-03-01,M365 Business Standard,12.5,13,0.1,146.25,17,81.6,328.3,2,0,0,0,0.179,Low Risk
MS-13688,Enterprise (500+),Technology,North America,Direct Digital,2026-05-05,M365 Business Standard,12.5,2044,0.15,21717.5,2,78.9,15808.3,1,1,0,0,0.032,Low Risk
MS-13689,Mid-Market (51-500),Education,North America,Azure Enterprise Group,2024-09-11,M365 Business Premium,22.0,391,0.1,7741.8,22,67.4,892.4,0,1,1,0,0.029,Low Risk
MS-13690,Mid-Market (51-500),Healthcare,APAC,Satya Nadella Team,2025-11-16,M365 Business Standard,12.5,154,0.2,1540.0,8,99.0,1035.6,0,1,0,0,0.048,Low Risk
MS-13691,SMB (1-50),Financial Services,EMEA,Azure Enterprise Group,2026-05-22,M365 Business Basic,6.0,9,0.1,48.6,2,80.6,23.4,3,1,1,0,0.029,Low Risk
MS-13692,Enterprise (500+),Technology,APAC,Commercial Partner Org,2025-10-29,M365 Business Standard,12.5,1575,0.2,15750.0,9,72.0,8913.6,2,0,1,0,0.025,Low Risk
MS-13693,Mid-Market (51-500),Education,North America,Satya Nadella Team,2026-01-13,M365 Business Standard,12.5,421,0.1,4736.25,6,78.2,3468.4,0,0,1,0,0.027,Low Risk
MS-13694,SMB (1-50),Financial Services,North America,Commercial Partner Org,2025-09-23,M365 Business Standard,12.5,34,0.1,382.5,10,60.8,182.0,3,1,0,0,0.105,Low Risk
MS-13695,Enterprise (500+),Manufacturing,North America,Satya Nadella Team,2026-03-30,M365 Business Basic,6.0,1081,0.15,5513.1,4,67.0,13882.0,2,1,1,0,0.018,Low Risk
MS-13696,SMB (1-50),Technology,LATAM,Commercial Partner Org,2026-07-20,M365 Business Basic,6.0,43,0.0,258.0,1,30.5,1417.8,2,1,1,0,0.038,Low Risk
MS-13697,SMB (1-50),Retail,EMEA,Direct Digital,2025-11-28,M365 Business Premium,22.0,14,0.0,308.0,8,61.0,71.9,4,0,0,1,0.308,Medium Risk
MS-13698,SMB (1-50),Manufacturing,LATAM,Commercial Partner Org,2026-04-18,M365 Business Premium,22.0,46,0.0,1012.0,3,99.7,242.7,1,1,1,0,0.022,Low Risk
MS-13699,Enterprise (500+),Manufacturing,North America,Azure Enterprise Group,2024-09-02,M365 Business Basic,6.0,769,0.0,4614.0,22,70.7,12370.7,1,1,1,0,0.023,Low Risk
MS-13700,Enterprise (500+),Financial Services,EMEA,Satya Nadella Team,2025-04-30,M365 E5,57.0,2217,0.2,101095.2,15,69.9,20120.1,0,0,1,0,0.035,Low Risk
MS-13701,SMB (1-50),Manufacturing,EMEA,Azure Enterprise Group,2024-10-30,M365 Business Standard,12.5,16,0.0,200.0,21,86.0,107.5,1,0,1,0,0.026,Low Risk
MS-13702,Mid-Market (51-500),Healthcare,North America,Commercial Partner Org,2025-09-03,M365 Business Basic,6.0,486,0.0,2916.0,10,74.4,9803.5,3,1,1,0,0.025,Low Risk
MS-13703,Mid-Market (51-500),Technology,APAC,Satya Nadella Team,2024-10-10,M365 Business Basic,6.0,416,0.0,2496.0,21,53.8,11066.0,3,1,1,0,0.039,Low Risk
MS-13704,Mid-Market (51-500),Healthcare,LATAM,Commercial Partner Org,2025-07-12,M365 Business Premium,22.0,451,0.1,8929.8,12,68.4,4833.1,2,0,0,0,0.176,Low Risk
MS-13705,SMB (1-50),Financial Services,APAC,Direct Digital,2026-03-11,M365 Business Basic,6.0,13,0.1,70.2,4,47.6,31.9,3,0,1,0,0.148,Low Risk
MS-13706,Mid-Market (51-500),Education,EMEA,Direct Digital,2025-06-25,M365 Business Basic,6.0,160,0.1,864.0,13,71.3,1205.6,1,1,1,0,0.017,Low Risk
MS-13707,Mid-Market (51-500),Financial Services,North America,Direct Digital,2026-05-24,M365 Business Premium,22.0,456,0.1,9028.8,2,52.9,3840.9,2,0,1,0,0.123,Low Risk
MS-13708,SMB (1-50),Technology,North America,Commercial Partner Org,2026-06-05,M365 Business Standard,12.5,13,0.0,162.5,1,84.7,88.3,2,1,0,0,0.049,Low Risk
MS-13709,SMB (1-50),Manufacturing,LATAM,Commercial Partner Org,2025-11-24,M365 E3,36.0,37,0.2,1065.6,8,58.8,135.2,1,0,1,0,0.098,Low Risk
MS-13710,Mid-Market (51-500),Retail,North America,Direct Digital,2025-09-30,M365 E3,36.0,382,0.0,13752.0,10,53.2,2930.4,4,1,1,0,0.032,Low Risk
MS-13711,SMB (1-50),Financial Services,EMEA,Commercial Partner Org,2026-03-16,M365 E5,57.0,39,0.0,2223.0,4,66.0,276.9,0,0,1,0,0.039,Low Risk
MS-13712,Enterprise (500+),Technology,EMEA,Azure Enterprise Group,2024-11-27,M365 Business Basic,6.0,841,0.15,4289.1,20,74.6,2372.4,0,1,1,0,0.014,Low Risk
MS-13713,SMB (1-50),Retail,EMEA,Commercial Partner Org,2026-02-15,M365 Business Basic,6.0,43,0.0,258.0,5,46.3,1206.1,4,0,1,0,0.13,Low Risk
MS-13714,Enterprise (500+),Manufacturing,LATAM,Azure Enterprise Group,2025-09-23,M365 E5,57.0,3115,0.1,159799.5,10,58.6,50000.0,0,1,1,0,0.062,Low Risk
MS-13715,SMB (1-50),Education,North America,Direct Digital,2025-09-16,M365 Business Premium,22.0,27,0.0,594.0,10,69.9,461.9,1,1,1,0,0.017,Low Risk
MS-13716,SMB (1-50),Financial Services,North America,Commercial Partner Org,2026-03-09,M365 Business Premium,22.0,29,0.0,638.0,4,92.1,178.3,2,0,1,0,0.034,Low Risk
MS-13717,SMB (1-50),Education,North America,Direct Digital,2025-11-05,M365 Business Basic,6.0,20,0.0,120.0,8,22.5,111.0,3,0,0,0,0.314,Medium Risk
MS-13718,Mid-Market (51-500),Technology,North America,Satya Nadella Team,2026-02-17,M365 Business Basic,6.0,351,0.1,1895.4,5,79.1,5308.9,1,0,1,0,0.051,Low Risk
MS-13719,Mid-Market (51-500),Education,North America,Commercial Partner Org,2025-04-04,M365 Business Basic,6.0,425,0.0,2550.0,15,61.1,4777.7,1,0,1,0,0.085,Low Risk
MS-13720,SMB (1-50),Education,North America,Commercial Partner Org,2025-06-04,M365 Business Standard,12.5,45,0.0,562.5,13,59.1,495.6,5,0,1,0,0.166,Low Risk
MS-13721,SMB (1-50),Technology,APAC,Direct Digital,2025-03-13,M365 Business Basic,6.0,44,0.1,237.6,16,55.7,70.0,1,0,1,0,0.073,Low Risk
MS-13722,Mid-Market (51-500),Technology,LATAM,Direct Digital,2025-02-26,M365 Business Standard,12.5,371,0.1,4173.75,17,61.4,4287.6,1,1,1,0,0.019,Low Risk
MS-13723,SMB (1-50),Financial Services,North America,Direct Digital,2025-01-21,M365 Business Premium,22.0,39,0.0,858.0,18,79.2,1086.4,1,1,1,0,0.017,Low Risk
MS-13724,Mid-Market (51-500),Education,North America,Satya Nadella Team,2026-02-20,M365 Business Basic,6.0,218,0.0,1308.0,5,58.3,234.7,3,1,1,0,0.032,Low Risk
MS-13725,SMB (1-50),Retail,APAC,Satya Nadella Team,2025-04-06,M365 Business Basic,6.0,45,0.15,229.5,15,97.9,223.7,2,0,1,0,0.032,Low Risk
MS-13726,Mid-Market (51-500),Technology,North America,Direct Digital,2026-01-24,M365 Business Standard,12.5,55,0.0,687.5,6,79.2,469.5,2,0,1,0,0.033,Low Risk
MS-13727,Mid-Market (51-500),Manufacturing,North America,Commercial Partner Org,2024-10-29,M365 Business Basic,6.0,95,0.2,456.0,21,71.6,1320.6,1,0,0,0,0.172,Low Risk
MS-13728,Enterprise (500+),Education,North America,Commercial Partner Org,2025-08-12,M365 Business Basic,6.0,3491,0.0,20946.0,11,65.0,3934.1,2,0,1,0,0.083,Low Risk
MS-13729,Mid-Market (51-500),Technology,EMEA,Direct Digital,2026-03-11,M365 Business Basic,6.0,214,0.0,1284.0,4,89.4,5295.3,2,0,1,0,0.037,Low Risk
MS-13730,SMB (1-50),Retail,North America,Azure Enterprise Group,2025-10-24,M365 Business Standard,12.5,9,0.0,112.5,9,92.0,10.0,1,0,1,0,0.047,Low Risk
MS-13731,SMB (1-50),Financial Services,LATAM,Satya Nadella Team,2025-04-12,M365 Business Premium,22.0,42,0.0,924.0,15,47.1,982.7,2,0,1,0,0.08,Low Risk
MS-13732,Mid-Market (51-500),Education,North America,Satya Nadella Team,2025-08-16,M365 Business Basic,6.0,464,0.1,2505.6,11,55.4,156.1,0,0,1,0,0.085,Low Risk
MS-13733,Mid-Market (51-500),Technology,EMEA,Azure Enterprise Group,2026-05-15,M365 Business Premium,22.0,486,0.1,9622.8,2,79.4,972.0,1,1,1,0,0.022,Low Risk
MS-13734,Enterprise (500+),Technology,North America,Direct Digital,2024-11-16,M365 E3,36.0,3001,0.0,108036.0,20,84.9,50000.0,1,0,1,0,0.021,Low Risk
MS-13735,Mid-Market (51-500),Manufacturing,EMEA,Commercial Partner Org,2026-04-22,M365 Business Premium,22.0,454,0.2,7990.4,3,62.6,10717.8,1,1,0,0,0.067,Low Risk
MS-13736,Mid-Market (51-500),Manufacturing,EMEA,Commercial Partner Org,2025-03-27,M365 Business Basic,6.0,214,0.15,1091.4,16,54.6,10354.8,4,1,1,0,0.043,Low Risk
MS-13737,SMB (1-50),Education,APAC,Satya Nadella Team,2025-02-06,M365 Business Standard,12.5,45,0.0,562.5,17,69.4,66.4,1,1,1,0,0.021,Low Risk
MS-13738,SMB (1-50),Technology,APAC,Azure Enterprise Group,2026-02-06,M365 Business Premium,22.0,45,0.0,990.0,5,94.6,403.7,3,0,1,0,0.036,Low Risk
MS-13739,SMB (1-50),Education,EMEA,Commercial Partner Org,2025-04-13,M365 E5,57.0,16,0.0,912.0,15,68.7,15.4,2,0,1,0,0.039,Low Risk
MS-13740,SMB (1-50),Technology,APAC,Satya Nadella Team,2025-08-24,M365 E5,57.0,12,0.1,615.6,11,45.2,24.5,2,0,1,0,0.106,Low Risk
MS-13741,Mid-Market (51-500),Manufacturing,APAC,Commercial Partner Org,2025-09-19,M365 Business Standard,12.5,484,0.1,5445.0,10,70.0,1113.7,1,1,1,0,0.015,Low Risk
MS-13742,SMB (1-50),Retail,APAC,Commercial Partner Org,2026-02-26,M365 Business Premium,22.0,22,0.0,484.0,5,82.1,17.3,2,0,1,0,0.036,Low Risk
MS-13743,SMB (1-50),Healthcare,North America,Commercial Partner Org,2026-03-20,M365 E3,36.0,48,0.1,1555.2,4,66.2,1287.2,1,0,1,0,0.04,Low Risk
MS-13744,SMB (1-50),Healthcare,North America,Satya Nadella Team,2026-01-17,M365 E3,36.0,24,0.2,691.2,6,90.6,38.9,1,1,1,0,0.029,Low Risk
MS-13745,SMB (1-50),Technology,North America,Azure Enterprise Group,2025-11-24,M365 Business Standard,12.5,27,0.1,303.75,8,83.6,321.6,3,1,1,0,0.017,Low Risk
MS-13746,SMB (1-50),Manufacturing,EMEA,Direct Digital,2025-04-30,M365 Business Standard,12.5,9,0.1,101.25,15,66.9,106.1,1,0,1,0,0.031,Low Risk
MS-13747,Mid-Market (51-500),Financial Services,North America,Azure Enterprise Group,2025-09-04,M365 Business Basic,6.0,308,0.0,1848.0,10,68.8,818.5,2,0,0,0,0.188,Low Risk
MS-13748,SMB (1-50),Financial Services,North America,Commercial Partner Org,2026-05-20,M365 Business Standard,12.5,49,0.0,612.5,2,34.8,3789.6,1,0,1,0,0.15,Low Risk
MS-13749,Mid-Market (51-500),Healthcare,APAC,Azure Enterprise Group,2025-12-15,M365 Business Premium,22.0,52,0.2,915.2,7,89.8,266.3,3,0,1,0,0.033,Low Risk
MS-13750,Mid-Market (51-500),Retail,APAC,Commercial Partner Org,2025-06-15,M365 E5,57.0,484,0.1,24829.2,13,62.1,13677.1,2,0,1,0,0.061,Low Risk
MS-13751,Enterprise (500+),Healthcare,APAC,Satya Nadella Team,2025-10-04,M365 E3,36.0,1116,0.1,36158.4,9,60.8,39667.1,3,0,1,0,0.103,Low Risk
MS-13752,SMB (1-50),Technology,North America,Satya Nadella Team,2024-12-13,M365 Business Basic,6.0,26,0.0,156.0,19,58.1,928.4,1,0,1,0,0.064,Low Risk
MS-13753,SMB (1-50),Retail,EMEA,Satya Nadella Team,2025-07-08,M365 Business Premium,22.0,5,0.1,99.0,12,76.2,83.9,3,0,1,0,0.024,Low Risk
MS-13754,SMB (1-50),Financial Services,North America,Commercial Partner Org,2025-01-05,M365 Business Standard,12.5,16,0.1,180.0,18,47.7,56.2,0,0,1,0,0.071,Low Risk
MS-13755,SMB (1-50),Manufacturing,North America,Azure Enterprise Group,2024-10-10,M365 Business Premium,22.0,23,0.1,455.4,21,50.3,35.5,6,0,1,0,0.366,Medium Risk
MS-13756,Enterprise (500+),Manufacturing,North America,Direct Digital,2024-11-11,M365 Business Premium,22.0,3144,0.1,62251.2,20,67.1,31831.2,2,0,1,0,0.032,Low Risk
MS-13757,Mid-Market (51-500),Technology,North America,Direct Digital,2025-05-05,M365 Business Standard,12.5,392,0.15,4165.0,14,56.7,2099.6,2,1,1,0,0.023,Low Risk
MS-13758,Mid-Market (51-500),Healthcare,North America,Satya Nadella Team,2025-05-05,M365 Business Basic,6.0,376,0.0,2256.0,14,74.0,8022.7,3,0,1,0,0.032,Low Risk
MS-13759,SMB (1-50),Technology,APAC,Direct Digital,2025-07-09,M365 Business Basic,6.0,21,0.0,126.0,12,57.4,344.3,1,0,1,0,0.08,Low Risk
MS-13760,Mid-Market (51-500),Manufacturing,North America,Commercial Partner Org,2024-10-04,M365 Business Basic,6.0,309,0.15,1575.9,21,96.7,1199.9,1,0,1,0,0.038,Low Risk
MS-13761,SMB (1-50),Financial Services,EMEA,Azure Enterprise Group,2025-01-07,M365 E3,36.0,43,0.0,1548.0,18,80.5,10.0,2,0,1,0,0.064,Low Risk
MS-13762,Mid-Market (51-500),Manufacturing,EMEA,Direct Digital,2024-09-10,M365 Business Basic,6.0,299,0.15,1524.9,22,80.3,972.0,1,0,0,0,0.161,Low Risk
MS-13763,Mid-Market (51-500),Retail,North America,Direct Digital,2025-02-15,M365 Business Basic,6.0,248,0.0,1488.0,17,57.1,2491.8,1,0,1,0,0.073,Low Risk
MS-13764,SMB (1-50),Education,EMEA,Azure Enterprise Group,2025-04-04,M365 Business Basic,6.0,9,0.1,48.6,15,100.0,10.0,7,0,1,0,0.2,Low Risk
MS-13765,SMB (1-50),Manufacturing,North America,Direct Digital,2025-10-13,M365 E3,36.0,40,0.15,1224.0,9,60.1,515.4,2,1,1,0,0.026,Low Risk
MS-13766,Mid-Market (51-500),Manufacturing,EMEA,Azure Enterprise Group,2026-02-08,M365 Business Standard,12.5,227,0.1,2553.75,5,55.2,3034.0,2,1,1,0,0.034,Low Risk
MS-13767,SMB (1-50),Education,North America,Commercial Partner Org,2026-04-25,M365 Business Basic,6.0,21,0.1,113.4,3,80.7,46.8,1,0,1,0,0.026,Low Risk
MS-13768,SMB (1-50),Retail,North America,Commercial Partner Org,2024-09-18,M365 Business Premium,22.0,48,0.0,1056.0,22,71.5,522.5,2,0,1,0,0.032,Low Risk
MS-13769,SMB (1-50),Healthcare,North America,Commercial Partner Org,2025-08-06,M365 Business Standard,12.5,33,0.0,412.5,11,53.3,369.8,3,1,1,0,0.026,Low Risk
MS-13770,SMB (1-50),Manufacturing,EMEA,Satya Nadella Team,2026-07-13,M365 Business Standard,12.5,8,0.15,85.0,1,100.0,62.4,2,0,1,0,0.033,Low Risk
MS-13771,Mid-Market (51-500),Technology,APAC,Commercial Partner Org,2026-03-22,M365 Business Premium,22.0,457,0.15,8545.9,4,85.6,16796.7,2,0,1,0,0.03,Low Risk
MS-13772,Mid-Market (51-500),Manufacturing,North America,Direct Digital,2026-07-08,M365 Business Standard,12.5,185,0.0,2312.5,1,68.1,254.1,0,0,1,0,0.036,Low Risk
MS-13773,Mid-Market (51-500),Technology,EMEA,Satya Nadella Team,2026-06-26,M365 E3,36.0,356,0.15,10893.6,1,100.0,2229.7,1,1,0,0,0.063,Low Risk
MS-13774,SMB (1-50),Retail,EMEA,Satya Nadella Team,2024-11-29,M365 Business Premium,22.0,8,0.0,176.0,20,82.6,205.9,1,1,0,0,0.045,Low Risk
MS-13775,Mid-Market (51-500),Manufacturing,LATAM,Satya Nadella Team,2025-06-12,M365 Business Standard,12.5,233,0.1,2621.25,13,67.8,1365.2,2,1,1,0,0.015,Low Risk
MS-13776,Enterprise (500+),Retail,APAC,Commercial Partner Org,2026-02-16,M365 Business Standard,12.5,1121,0.0,14012.5,5,100.0,7435.7,2,0,1,0,0.037,Low Risk
MS-13777,SMB (1-50),Retail,EMEA,Satya Nadella Team,2025-05-25,M365 E3,36.0,22,0.0,792.0,14,79.9,291.3,1,1,1,0,0.014,Low Risk
MS-13778,SMB (1-50),Healthcare,EMEA,Commercial Partner Org,2025-11-07,M365 Business Premium,22.0,46,0.0,1012.0,8,79.1,604.6,3,1,1,0,0.022,Low Risk
MS-13779,Enterprise (500+),Manufacturing,APAC,Commercial Partner Org,2026-06-13,M365 Business Basic,6.0,1835,0.1,9909.0,1,61.0,510.2,3,1,1,0,0.04,Low Risk
MS-13780,SMB (1-50),Technology,North America,Satya Nadella Team,2024-10-22,M365 Business Basic,6.0,16,0.1,86.4,21,68.9,116.8,2,0,1,0,0.028,Low Risk
MS-13781,SMB (1-50),Technology,North America,Satya Nadella Team,2024-11-06,M365 Business Standard,12.5,29,0.0,362.5,20,60.6,141.2,1,0,1,0,0.069,Low Risk
MS-13782,SMB (1-50),Manufacturing,North America,Direct Digital,2026-04-20,M365 E3,36.0,34,0.0,1224.0,3,93.9,403.1,1,0,1,0,0.034,Low Risk
MS-13783,SMB (1-50),Education,APAC,Satya Nadella Team,2025-05-08,M365 E5,57.0,19,0.0,1083.0,14,39.0,185.0,3,0,1,0,0.1,Low Risk
MS-13784,SMB (1-50),Healthcare,APAC,Commercial Partner Org,2025-07-28,M365 Business Premium,22.0,40,0.0,880.0,12,92.6,505.1,2,0,0,0,0.138,Low Risk
MS-13785,SMB (1-50),Healthcare,North America,Direct Digital,2025-10-20,M365 Business Standard,12.5,12,0.15,127.5,9,52.2,152.7,2,0,1,0,0.131,Low Risk
MS-13786,Mid-Market (51-500),Healthcare,EMEA,Direct Digital,2025-01-01,M365 Business Standard,12.5,431,0.15,4579.38,18,67.0,1521.6,1,1,0,0,0.039,Low Risk
MS-13787,SMB (1-50),Technology,EMEA,Commercial Partner Org,2025-03-21,M365 Business Premium,22.0,26,0.15,486.2,16,62.7,88.3,1,0,1,0,0.054,Low Risk
MS-13788,Mid-Market (51-500),Retail,North America,Satya Nadella Team,2024-09-06,M365 E5,57.0,257,0.0,14649.0,22,58.6,1426.3,0,0,1,1,0.086,Low Risk
MS-13789,SMB (1-50),Education,LATAM,Satya Nadella Team,2025-12-30,M365 Business Standard,12.5,20,0.15,212.5,7,80.4,66.5,2,0,1,0,0.026,Low Risk
MS-13790,Enterprise (500+),Healthcare,North America,Azure Enterprise Group,2025-03-18,M365 Business Basic,6.0,1926,0.0,11556.0,16,67.9,26538.3,0,1,1,0,0.018,Low Risk
MS-13791,Enterprise (500+),Technology,North America,Satya Nadella Team,2024-09-13,M365 Business Basic,6.0,2940,0.1,15876.0,22,56.0,32580.4,2,1,1,0,0.023,Low Risk
MS-13792,Mid-Market (51-500),Technology,EMEA,Azure Enterprise Group,2024-09-06,M365 Business Standard,12.5,249,0.1,2801.25,22,70.8,728.6,1,0,1,0,0.03,Low Risk
MS-13793,Enterprise (500+),Retail,EMEA,Direct Digital,2025-10-16,M365 Business Premium,22.0,1566,0.0,34452.0,9,55.5,40498.1,1,0,0,0,0.288,Medium Risk
MS-13794,Mid-Market (51-500),Manufacturing,North America,Direct Digital,2024-12-30,M365 E5,57.0,422,0.1,21648.6,19,58.3,3126.6,3,0,1,0,0.066,Low Risk
MS-13795,Enterprise (500+),Manufacturing,EMEA,Direct Digital,2026-03-11,M365 Business Standard,12.5,1739,0.0,21737.5,4,41.0,2835.6,0,0,1,0,0.098,Low Risk
MS-13796,SMB (1-50),Healthcare,EMEA,Azure Enterprise Group,2025-08-28,M365 Business Standard,12.5,29,0.0,362.5,11,59.9,83.3,3,1,1,0,0.023,Low Risk
MS-13797,SMB (1-50),Healthcare,North America,Commercial Partner Org,2026-02-20,M365 Business Standard,12.5,5,0.0,62.5,5,76.9,46.6,3,1,1,0,0.019,Low Risk
MS-13798,Mid-Market (51-500),Education,North America,Commercial Partner Org,2024-09-04,M365 E5,57.0,155,0.1,7951.5,22,68.7,768.4,2,0,1,0,0.036,Low Risk
MS-13799,SMB (1-50),Retail,EMEA,Direct Digital,2025-06-11,M365 Business Standard,12.5,9,0.0,112.5,13,100.0,205.8,0,0,0,0,0.153,Low Risk
MS-13800,Mid-Market (51-500),Healthcare,North America,Azure Enterprise Group,2025-08-25,M365 Business Basic,6.0,287,0.0,1722.0,11,100.0,2351.1,5,0,1,0,0.088,Low Risk
MS-13801,Enterprise (500+),Retail,LATAM,Azure Enterprise Group,2026-07-25,M365 Business Basic,6.0,3265,0.15,16651.5,1,59.6,50000.0,2,1,1,0,0.036,Low Risk
MS-13802,SMB (1-50),Technology,APAC,Direct Digital,2025-06-09,M365 Business Standard,12.5,9,0.2,90.0,13,53.0,11.6,0,1,1,0,0.041,Low Risk
MS-13803,Mid-Market (51-500),Healthcare,LATAM,Satya Nadella Team,2026-06-19,M365 E3,36.0,168,0.15,5140.8,1,88.3,2226.5,0,1,1,0,0.018,Low Risk
MS-13804,SMB (1-50),Technology,North America,Direct Digital,2026-05-21,M365 Business Standard,12.5,20,0.1,225.0,2,74.0,520.7,2,0,1,0,0.029,Low Risk
MS-13805,SMB (1-50),Financial Services,LATAM,Azure Enterprise Group,2025-08-15,M365 Business Standard,12.5,22,0.15,233.75,11,88.4,91.5,3,1,0,0,0.043,Low Risk
MS-13806,Mid-Market (51-500),Retail,North America,Satya Nadella Team,2024-09-30,M365 Business Premium,22.0,140,0.1,2772.0,22,75.2,245.0,2,1,0,0,0.044,Low Risk
MS-13807,SMB (1-50),Financial Services,North America,Commercial Partner Org,2026-01-30,M365 Business Standard,12.5,21,0.0,262.5,6,64.5,153.7,0,1,1,0,0.02,Low Risk
MS-13808,Mid-Market (51-500),Healthcare,North America,Satya Nadella Team,2025-09-09,M365 Business Basic,6.0,133,0.0,798.0,10,64.6,5191.5,5,1,1,0,0.122,Low Risk
MS-13809,Mid-Market (51-500),Technology,North America,Commercial Partner Org,2026-05-11,M365 E5,57.0,70,0.1,3591.0,2,75.8,843.1,1,1,1,0,0.02,Low Risk
MS-13810,SMB (1-50),Healthcare,EMEA,Azure Enterprise Group,2025-01-02,M365 Business Premium,22.0,8,0.1,158.4,18,64.2,99.1,1,0,1,0,0.036,Low Risk
MS-13811,Mid-Market (51-500),Financial Services,EMEA,Direct Digital,2025-11-20,M365 Business Premium,22.0,379,0.2,6670.4,8,90.0,5062.9,2,0,1,0,0.039,Low Risk
MS-13812,Mid-Market (51-500),Healthcare,North America,Direct Digital,2025-09-29,M365 Business Premium,22.0,398,0.15,7442.6,10,44.6,193.8,4,1,0,1,0.268,Medium Risk
MS-13813,SMB (1-50),Education,EMEA,Direct Digital,2026-06-12,M365 E5,57.0,13,0.1,666.9,1,89.9,92.0,4,0,0,0,0.118,Low Risk
MS-13814,SMB (1-50),Manufacturing,North America,Direct Digital,2026-05-11,M365 Business Standard,12.5,35,0.0,437.5,2,34.3,33.9,4,0,1,1,0.172,Low Risk
MS-13815,Enterprise (500+),Financial Services,EMEA,Direct Digital,2024-10-26,M365 Business Standard,12.5,3231,0.1,36348.75,21,70.6,14717.5,0,1,1,0,0.024,Low Risk
MS-13816,Mid-Market (51-500),Healthcare,North America,Azure Enterprise Group,2025-01-10,M365 Business Standard,12.5,459,0.0,5737.5,18,62.0,9494.3,3,0,1,0,0.052,Low Risk
MS-13817,SMB (1-50),Technology,APAC,Azure Enterprise Group,2024-12-31,M365 Business Standard,12.5,20,0.0,250.0,19,40.7,256.3,0,1,1,0,0.027,Low Risk
MS-13818,SMB (1-50),Healthcare,APAC,Direct Digital,2025-03-21,M365 Business Standard,12.5,46,0.1,517.5,16,30.9,2991.8,2,1,1,0,0.023,Low Risk
MS-13819,Mid-Market (51-500),Technology,EMEA,Satya Nadella Team,2026-04-25,M365 E5,57.0,107,0.0,6099.0,3,48.2,242.6,0,1,1,0,0.043,Low Risk
MS-13820,Mid-Market (51-500),Manufacturing,North America,Direct Digital,2025-05-23,M365 E3,36.0,199,0.1,6447.6,14,68.8,1208.2,3,1,1,0,0.014,Low Risk
MS-13821,SMB (1-50),Healthcare,North America,Commercial Partner Org,2026-03-12,M365 Business Standard,12.5,24,0.1,270.0,4,57.2,477.7,3,0,1,0,0.107,Low Risk
MS-13822,Mid-Market (51-500),Manufacturing,APAC,Commercial Partner Org,2024-10-10,M365 Business Standard,12.5,285,0.0,3562.5,21,49.3,830.9,1,1,1,0,0.019,Low Risk
MS-13823,SMB (1-50),Financial Services,North America,Commercial Partner Org,2026-04-02,M365 Business Basic,6.0,30,0.0,180.0,3,92.3,60.1,3,0,1,0,0.03,Low Risk
MS-13824,Mid-Market (51-500),Technology,North America,Commercial Partner Org,2024-12-22,M365 E3,36.0,317,0.0,11412.0,19,45.8,2122.4,4,0,1,0,0.081,Low Risk
MS-13825,SMB (1-50),Education,North America,Direct Digital,2025-08-05,M365 Business Standard,12.5,19,0.0,237.5,11,80.2,110.4,3,0,0,0,0.15,Low Risk
MS-13826,SMB (1-50),Financial Services,EMEA,Commercial Partner Org,2024-11-01,M365 Business Premium,22.0,45,0.0,990.0,20,52.0,2118.1,0,0,1,0,0.068,Low Risk
MS-13827,SMB (1-50),Technology,EMEA,Satya Nadella Team,2025-04-15,M365 E5,57.0,42,0.0,2394.0,15,47.8,307.1,2,0,1,1,0.08,Low Risk
MS-13828,Enterprise (500+),Manufacturing,APAC,Direct Digital,2025-02-21,M365 Business Standard,12.5,837,0.15,8893.12,17,57.1,19815.8,1,1,1,0,0.021,Low Risk
MS-13829,Mid-Market (51-500),Retail,North America,Commercial Partner Org,2025-01-12,M365 E3,36.0,332,0.0,11952.0,18,79.2,8720.8,3,1,1,0,0.014,Low Risk
MS-13830,Mid-Market (51-500),Healthcare,North America,Direct Digital,2025-06-12,M365 Business Standard,12.5,252,0.0,3150.0,13,43.3,519.6,3,1,1,0,0.023,Low Risk
MS-13831,Mid-Market (51-500),Manufacturing,APAC,Direct Digital,2026-05-19,M365 Business Premium,22.0,282,0.15,5273.4,2,73.2,4251.4,4,1,1,0,0.028,Low Risk
MS-13832,SMB (1-50),Technology,APAC,Direct Digital,2024-12-17,M365 Business Standard,12.5,27,0.1,303.75,19,50.7,105.4,2,1,1,0,0.031,Low Risk
MS-13833,Enterprise (500+),Technology,North America,Azure Enterprise Group,2025-01-21,M365 Business Standard,12.5,2812,0.0,35150.0,18,53.9,3358.6,3,0,1,1,0.063,Low Risk
MS-13834,SMB (1-50),Technology,EMEA,Commercial Partner Org,2026-03-23,M365 E5,57.0,43,0.1,2205.9,4,75.2,1071.8,1,0,1,0,0.032,Low Risk
MS-13835,Mid-Market (51-500),Technology,North America,Azure Enterprise Group,2025-06-21,M365 Business Premium,22.0,407,0.0,8954.0,13,100.0,1689.5,4,1,1,0,0.028,Low Risk
MS-13836,SMB (1-50),Healthcare,LATAM,Satya Nadella Team,2025-06-04,M365 Business Standard,12.5,26,0.0,325.0,13,51.6,132.2,2,1,1,0,0.023,Low Risk
MS-13837,SMB (1-50),Financial Services,North America,Satya Nadella Team,2026-01-05,M365 Business Standard,12.5,12,0.1,135.0,6,81.0,56.4,2,1,1,0,0.016,Low Risk
MS-13838,Mid-Market (51-500),Education,LATAM,Azure Enterprise Group,2026-03-17,M365 Business Basic,6.0,128,0.0,768.0,4,62.4,343.3,2,1,1,0,0.029,Low Risk
MS-13839,Mid-Market (51-500),Retail,EMEA,Commercial Partner Org,2025-12-15,M365 Business Premium,22.0,80,0.2,1408.0,7,59.5,547.2,0,0,1,0,0.096,Low Risk
MS-13840,Mid-Market (51-500),Healthcare,EMEA,Direct Digital,2025-06-03,M365 Business Standard,12.5,57,0.0,712.5,13,87.3,382.4,2,0,1,0,0.033,Low Risk
MS-13841,Mid-Market (51-500),Technology,North America,Satya Nadella Team,2025-04-22,M365 E3,36.0,446,0.1,14450.4,15,52.8,2812.6,2,1,1,0,0.025,Low Risk
MS-13842,SMB (1-50),Healthcare,EMEA,Satya Nadella Team,2025-04-30,M365 Business Standard,12.5,41,0.15,435.62,15,47.2,1220.4,1,1,1,0,0.021,Low Risk
MS-13843,Enterprise (500+),Manufacturing,North America,Satya Nadella Team,2025-05-16,M365 Business Standard,12.5,3277,0.0,40962.5,14,76.3,16324.9,3,0,1,0,0.061,Low Risk
MS-13844,SMB (1-50),Education,North America,Commercial Partner Org,2024-10-02,M365 E3,36.0,38,0.1,1231.2,21,96.7,14.1,4,1,0,0,0.092,Low Risk
MS-13845,Mid-Market (51-500),Technology,EMEA,Azure Enterprise Group,2025-09-02,M365 Business Standard,12.5,481,0.2,4810.0,10,81.5,1134.5,1,1,0,0,0.047,Low Risk
MS-13846,Mid-Market (51-500),Retail,LATAM,Azure Enterprise Group,2025-08-14,M365 E3,36.0,80,0.15,2448.0,11,42.7,1227.2,1,0,1,0,0.093,Low Risk
MS-13847,SMB (1-50),Technology,EMEA,Commercial Partner Org,2025-01-10,M365 Business Premium,22.0,39,0.1,772.2,18,56.9,418.2,1,1,1,0,0.02,Low Risk
MS-13848,SMB (1-50),Education,EMEA,Satya Nadella Team,2025-09-03,M365 Business Basic,6.0,13,0.0,78.0,10,85.6,472.8,2,0,1,0,0.025,Low Risk
MS-13849,SMB (1-50),Retail,North America,Commercial Partner Org,2025-05-23,M365 Business Premium,22.0,34,0.0,748.0,14,96.5,483.7,1,0,0,0,0.141,Low Risk
MS-13850,SMB (1-50),Education,North America,Commercial Partner Org,2025-04-03,M365 Business Basic,6.0,30,0.0,180.0,15,72.1,77.7,3,0,0,1,0.228,Medium Risk
MS-13851,SMB (1-50),Retail,North America,Azure Enterprise Group,2025-04-03,M365 Business Standard,12.5,16,0.1,180.0,15,57.6,24.7,1,1,1,0,0.028,Low Risk
MS-13852,SMB (1-50),Financial Services,EMEA,Commercial Partner Org,2025-06-09,M365 Business Basic,6.0,28,0.0,168.0,13,97.6,247.1,1,1,1,0,0.014,Low Risk
MS-13853,SMB (1-50),Financial Services,LATAM,Commercial Partner Org,2026-02-12,M365 Business Premium,22.0,45,0.15,841.5,5,66.7,591.0,3,1,1,0,0.024,Low Risk
MS-13854,Mid-Market (51-500),Healthcare,EMEA,Satya Nadella Team,2024-09-02,M365 Business Basic,6.0,312,0.0,1872.0,22,57.1,678.0,2,1,1,0,0.021,Low Risk
MS-13855,Mid-Market (51-500),Healthcare,North America,Direct Digital,2026-01-26,M365 Business Standard,12.5,231,0.0,2887.5,6,54.1,2551.7,3,0,1,0,0.123,Low Risk
MS-13856,SMB (1-50),Retail,North America,Satya Nadella Team,2025-12-08,M365 Business Standard,12.5,20,0.0,250.0,7,46.5,480.6,4,1,1,0,0.034,Low Risk
MS-13857,SMB (1-50),Technology,EMEA,Azure Enterprise Group,2025-11-21,M365 Business Basic,6.0,30,0.0,180.0,8,100.0,468.1,0,0,1,0,0.028,Low Risk
MS-13858,SMB (1-50),Manufacturing,North America,Direct Digital,2025-08-29,M365 Business Basic,6.0,27,0.0,162.0,11,93.6,353.6,2,0,0,0,0.136,Low Risk
MS-13859,Mid-Market (51-500),Manufacturing,APAC,Satya Nadella Team,2025-04-04,M365 Business Standard,12.5,316,0.0,3950.0,15,56.2,5905.9,0,0,0,0,0.282,Medium Risk
MS-13860,Mid-Market (51-500),Technology,APAC,Commercial Partner Org,2025-02-11,M365 Business Basic,6.0,78,0.0,468.0,17,99.2,102.9,1,0,1,0,0.035,Low Risk
MS-13861,Mid-Market (51-500),Technology,EMEA,Commercial Partner Org,2026-04-10,M365 Business Basic,6.0,309,0.0,1854.0,3,77.6,845.2,1,1,0,0,0.062,Low Risk
MS-13862,Mid-Market (51-500),Financial Services,North America,Direct Digital,2026-02-20,M365 Business Basic,6.0,127,0.0,762.0,5,76.5,59.2,4,0,0,0,0.146,Low Risk
MS-13863,Mid-Market (51-500),Manufacturing,North America,Direct Digital,2026-01-24,M365 E3,36.0,482,0.0,17352.0,6,55.1,905.9,3,1,1,0,0.034,Low Risk
MS-13864,Mid-Market (51-500),Retail,North America,Commercial Partner Org,2025-04-09,M365 Business Premium,22.0,417,0.15,7797.9,15,58.7,12229.5,0,0,1,0,0.084,Low Risk
MS-13865,SMB (1-50),Education,North America,Azure Enterprise Group,2026-03-09,M365 Business Standard,12.5,35,0.0,437.5,4,67.2,105.5,0,0,0,0,0.189,Low Risk
MS-13866,Mid-Market (51-500),Healthcare,North America,Satya Nadella Team,2026-05-27,M365 E5,57.0,432,0.0,24624.0,2,32.6,5624.6,0,1,1,0,0.034,Low Risk
MS-13867,Enterprise (500+),Education,EMEA,Commercial Partner Org,2026-06-03,M365 Business Basic,6.0,3275,0.0,19650.0,1,59.2,46226.7,2,0,0,0,0.237,Medium Risk
MS-13868,Mid-Market (51-500),Financial Services,EMEA,Satya Nadella Team,2025-06-10,M365 Business Standard,12.5,486,0.0,6075.0,13,68.1,6045.2,2,1,1,0,0.015,Low Risk
MS-13869,Mid-Market (51-500),Manufacturing,North America,Satya Nadella Team,2024-11-10,M365 E3,36.0,164,0.0,5904.0,20,91.6,1588.7,0,1,1,0,0.016,Low Risk
MS-13870,SMB (1-50),Technology,North America,Satya Nadella Team,2025-09-09,M365 Business Premium,22.0,42,0.15,785.4,10,56.9,335.6,0,0,1,0,0.116,Low Risk
MS-13871,Enterprise (500+),Manufacturing,North America,Satya Nadella Team,2025-05-17,M365 E5,57.0,1425,0.0,81225.0,14,82.6,9312.5,3,1,1,0,0.01,Low Risk
MS-13872,SMB (1-50),Retail,North America,Azure Enterprise Group,2025-11-19,M365 E5,57.0,27,0.0,1539.0,8,30.9,806.0,4,0,1,0,0.15,Low Risk
MS-13873,SMB (1-50),Financial Services,APAC,Azure Enterprise Group,2025-03-20,M365 Business Basic,6.0,39,0.0,234.0,16,89.0,10.0,3,1,1,0,0.058,Low Risk
MS-13874,SMB (1-50),Technology,North America,Azure Enterprise Group,2026-06-04,M365 E5,57.0,41,0.0,2337.0,1,51.8,27.0,0,0,1,0,0.126,Low Risk
MS-13875,Enterprise (500+),Education,North America,Commercial Partner Org,2025-09-15,M365 E5,57.0,597,0.0,34029.0,10,70.3,4859.2,1,0,0,0,0.148,Low Risk
MS-13876,Enterprise (500+),Retail,North America,Commercial Partner Org,2026-04-16,M365 Business Standard,12.5,2927,0.0,36587.5,3,75.3,14093.1,2,0,0,0,0.131,Low Risk
MS-13877,Enterprise (500+),Education,APAC,Commercial Partner Org,2025-10-20,M365 E5,57.0,3218,0.0,183426.0,9,71.8,20259.4,4,1,0,1,0.398,Medium Risk
MS-13878,Mid-Market (51-500),Healthcare,EMEA,Azure Enterprise Group,2024-11-04,M365 Business Basic,6.0,157,0.0,942.0,20,66.1,11570.8,2,1,1,0,0.018,Low Risk
MS-13879,SMB (1-50),Financial Services,North America,Satya Nadella Team,2025-09-13,M365 Business Premium,22.0,45,0.0,990.0,10,45.7,805.8,2,0,1,0,0.122,Low Risk
MS-13880,Enterprise (500+),Retail,EMEA,Azure Enterprise Group,2026-06-20,M365 Business Standard,12.5,1131,0.1,12723.75,1,52.0,28486.2,1,0,1,0,0.113,Low Risk
MS-13881,Enterprise (500+),Retail,EMEA,Commercial Partner Org,2026-06-08,M365 Business Basic,6.0,3256,0.2,15628.8,1,85.9,17964.3,1,0,1,0,0.105,Low Risk
MS-13882,Mid-Market (51-500),Education,LATAM,Direct Digital,2024-12-11,M365 Business Premium,22.0,338,0.0,7436.0,19,57.2,1110.8,5,0,1,0,0.173,Low Risk
MS-13883,SMB (1-50),Technology,North America,Commercial Partner Org,2024-10-12,M365 Business Standard,12.5,28,0.0,350.0,21,66.1,490.9,1,0,1,0,0.039,Low Risk
MS-13884,Mid-Market (51-500),Healthcare,APAC,Satya Nadella Team,2025-03-15,M365 Business Premium,22.0,289,0.1,5722.2,16,41.1,5715.5,1,0,1,0,0.087,Low Risk
MS-13885,Enterprise (500+),Education,LATAM,Azure Enterprise Group,2025-08-26,M365 Business Standard,12.5,565,0.0,7062.5,11,83.5,5412.4,2,1,1,0,0.013,Low Risk
MS-13886,Enterprise (500+),Retail,APAC,Direct Digital,2024-12-08,M365 Business Standard,12.5,662,0.1,7447.5,19,44.2,17975.7,5,1,1,1,0.165,Low Risk
MS-13887,Enterprise (500+),Financial Services,EMEA,Direct Digital,2025-09-23,M365 Business Basic,6.0,3145,0.0,18870.0,10,84.5,50000.0,0,0,1,0,0.066,Low Risk
MS-13888,Enterprise (500+),Retail,EMEA,Satya Nadella Team,2024-11-04,M365 Business Premium,22.0,3475,0.1,68805.0,20,48.9,26554.8,1,0,1,0,0.057,Low Risk
MS-13889,Enterprise (500+),Manufacturing,North America,Azure Enterprise Group,2025-06-24,M365 E3,36.0,3119,0.0,112284.0,13,86.3,9427.6,2,0,1,0,0.042,Low Risk
MS-13890,Mid-Market (51-500),Financial Services,APAC,Direct Digital,2025-11-01,M365 Business Premium,22.0,142,0.0,3124.0,8,68.2,1240.5,1,0,0,0,0.157,Low Risk
MS-13891,Mid-Market (51-500),Financial Services,EMEA,Commercial Partner Org,2025-04-11,M365 Business Premium,22.0,271,0.15,5067.7,15,57.9,14827.7,0,0,1,0,0.093,Low Risk
MS-13892,SMB (1-50),Retail,EMEA,Satya Nadella Team,2026-07-27,M365 Business Standard,12.5,12,0.0,150.0,1,96.8,49.9,0,1,1,0,0.019,Low Risk
MS-13893,Mid-Market (51-500),Technology,North America,Direct Digital,2025-01-27,M365 Business Standard,12.5,454,0.0,5675.0,18,66.8,5237.1,1,1,1,0,0.015,Low Risk
MS-13894,Mid-Market (51-500),Financial Services,EMEA,Satya Nadella Team,2026-01-22,M365 Business Standard,12.5,278,0.2,2780.0,6,61.5,3950.2,3,1,1,0,0.028,Low Risk
MS-13895,Enterprise (500+),Manufacturing,APAC,Azure Enterprise Group,2025-11-16,M365 E5,57.0,2291,0.1,117528.3,8,84.4,6617.5,3,0,1,0,0.037,Low Risk
MS-13896,SMB (1-50),Education,North America,Azure Enterprise Group,2025-10-19,M365 Business Premium,22.0,10,0.1,198.0,9,41.4,106.5,1,0,1,0,0.132,Low Risk
MS-13897,SMB (1-50),Technology,APAC,Azure Enterprise Group,2024-12-25,M365 Business Standard,12.5,37,0.0,462.5,19,22.5,167.7,1,0,0,1,0.355,Medium Risk
MS-13898,SMB (1-50),Technology,EMEA,Commercial Partner Org,2025-11-27,M365 Business Standard,12.5,11,0.0,137.5,8,88.8,254.2,1,0,0,0,0.15,Low Risk
MS-13899,Mid-Market (51-500),Technology,APAC,Direct Digital,2025-07-17,M365 Business Standard,12.5,458,0.0,5725.0,12,52.9,6894.2,1,0,0,0,0.305,Medium Risk
MS-13900,Mid-Market (51-500),Financial Services,North America,Azure Enterprise Group,2025-11-25,M365 Business Premium,22.0,103,0.1,2039.4,8,83.6,2163.3,2,1,1,0,0.022,Low Risk
MS-13901,SMB (1-50),Technology,North America,Commercial Partner Org,2024-11-18,M365 Business Standard,12.5,42,0.0,525.0,20,68.8,112.3,1,0,0,0,0.207,Medium Risk
MS-13902,SMB (1-50),Retail,APAC,Azure Enterprise Group,2025-08-23,M365 Business Premium,22.0,41,0.0,902.0,11,47.0,17.3,2,0,1,0,0.081,Low Risk
MS-13903,SMB (1-50),Technology,North America,Azure Enterprise Group,2024-12-28,M365 Business Standard,12.5,48,0.1,540.0,19,78.9,1094.8,1,1,1,0,0.021,Low Risk
MS-13904,SMB (1-50),Manufacturing,APAC,Direct Digital,2026-04-09,M365 Business Standard,12.5,36,0.1,405.0,3,60.6,211.2,2,1,0,0,0.116,Low Risk
MS-13905,SMB (1-50),Healthcare,EMEA,Commercial Partner Org,2026-02-03,M365 E3,36.0,7,0.2,201.6,5,48.6,16.6,3,0,1,0,0.144,Low Risk
MS-13906,SMB (1-50),Manufacturing,EMEA,Azure Enterprise Group,2025-06-06,M365 Business Standard,12.5,24,0.0,300.0,13,49.1,27.8,3,0,1,0,0.08,Low Risk
MS-13907,SMB (1-50),Financial Services,North America,Commercial Partner Org,2026-03-20,M365 E5,57.0,18,0.0,1026.0,4,36.8,157.0,4,1,1,0,0.049,Low Risk
MS-13908,SMB (1-50),Technology,EMEA,Commercial Partner Org,2024-10-15,M365 Business Basic,6.0,32,0.2,153.6,21,75.3,62.5,1,0,1,0,0.025,Low Risk
MS-13909,SMB (1-50),Technology,North America,Azure Enterprise Group,2025-04-13,M365 Business Basic,6.0,42,0.1,226.8,15,51.2,421.5,1,0,1,0,0.076,Low Risk
MS-13910,Enterprise (500+),Retail,North America,Azure Enterprise Group,2026-02-10,M365 Business Standard,12.5,543,0.0,6787.5,5,67.4,8466.9,2,0,1,0,0.038,Low Risk
MS-13911,SMB (1-50),Education,North America,Satya Nadella Team,2025-04-29,M365 E3,36.0,19,0.1,615.6,15,64.7,174.6,2,0,1,0,0.036,Low Risk
MS-13912,SMB (1-50),Technology,North America,Direct Digital,2026-05-07,M365 Business Premium,22.0,21,0.0,462.0,2,51.1,589.8,3,1,0,0,0.15,Low Risk
MS-13913,SMB (1-50),Manufacturing,LATAM,Azure Enterprise Group,2025-12-26,M365 Business Basic,6.0,41,0.0,246.0,7,40.6,83.2,0,0,0,1,0.422,Medium Risk
MS-13914,SMB (1-50),Financial Services,LATAM,Satya Nadella Team,2024-12-04,M365 Business Basic,6.0,28,0.0,168.0,19,100.0,228.9,3,1,1,0,0.015,Low Risk
MS-13915,SMB (1-50),Healthcare,North America,Direct Digital,2025-08-31,M365 Business Premium,22.0,42,0.0,924.0,11,67.1,89.8,1,1,1,0,0.02,Low Risk
MS-13916,SMB (1-50),Technology,EMEA,Azure Enterprise Group,2025-03-04,M365 Business Standard,12.5,46,0.0,575.0,16,100.0,1151.8,4,0,0,0,0.148,Low Risk
MS-13917,Mid-Market (51-500),Healthcare,North America,Commercial Partner Org,2025-01-14,M365 Business Standard,12.5,320,0.0,4000.0,18,89.0,10336.4,1,1,1,0,0.012,Low Risk
MS-13918,Mid-Market (51-500),Technology,EMEA,Direct Digital,2024-09-25,M365 Business Standard,12.5,125,0.0,1562.5,22,62.2,766.2,3,0,1,0,0.063,Low Risk
MS-13919,Mid-Market (51-500),Financial Services,APAC,Commercial Partner Org,2025-07-15,M365 Business Premium,22.0,178,0.0,3916.0,12,71.3,779.5,5,0,0,1,0.592,High Risk
MS-13920,Mid-Market (51-500),Education,LATAM,Satya Nadella Team,2025-07-30,M365 Business Standard,12.5,379,0.1,4263.75,12,70.7,1489.7,1,1,1,0,0.015,Low Risk
MS-13921,SMB (1-50),Manufacturing,North America,Azure Enterprise Group,2026-03-16,M365 Business Basic,6.0,7,0.0,42.0,4,100.0,165.0,4,0,1,0,0.058,Low Risk
MS-13922,Enterprise (500+),Financial Services,APAC,Satya Nadella Team,2026-07-13,M365 Business Standard,12.5,714,0.15,7586.25,1,82.9,9828.3,1,0,1,0,0.029,Low Risk
MS-13923,SMB (1-50),Healthcare,North America,Azure Enterprise Group,2024-12-09,M365 Business Basic,6.0,26,0.1,140.4,19,53.5,663.1,0,0,0,0,0.271,Medium Risk
MS-13924,Mid-Market (51-500),Technology,LATAM,Azure Enterprise Group,2025-09-05,M365 Business Standard,12.5,477,0.0,5962.5,10,74.3,715.6,0,0,1,0,0.028,Low Risk
MS-13925,SMB (1-50),Healthcare,North America,Commercial Partner Org,2026-04-16,M365 E3,36.0,29,0.0,1044.0,3,82.5,224.9,2,0,1,0,0.032,Low Risk
MS-13926,Enterprise (500+),Manufacturing,EMEA,Satya Nadella Team,2024-09-12,M365 Business Basic,6.0,2267,0.0,13602.0,22,46.8,30674.3,1,1,0,1,0.293,Medium Risk
MS-13927,Mid-Market (51-500),Financial Services,EMEA,Commercial Partner Org,2024-11-16,M365 Business Basic,6.0,476,0.0,2856.0,20,76.9,12988.6,4,1,1,0,0.029,Low Risk
MS-13928,SMB (1-50),Healthcare,EMEA,Commercial Partner Org,2026-04-10,M365 Business Basic,6.0,7,0.0,42.0,3,92.2,40.4,1,0,1,0,0.036,Low Risk
MS-13929,Mid-Market (51-500),Healthcare,North America,Commercial Partner Org,2026-07-14,M365 E3,36.0,262,0.0,9432.0,1,52.6,1180.7,5,0,1,0,0.261,Medium Risk
MS-13930,SMB (1-50),Manufacturing,LATAM,Satya Nadella Team,2025-08-14,M365 Business Basic,6.0,33,0.0,198.0,11,55.1,966.8,2,1,1,0,0.023,Low Risk
MS-13931,Mid-Market (51-500),Technology,North America,Azure Enterprise Group,2025-11-17,M365 E5,57.0,280,0.1,14364.0,8,88.9,163.6,0,1,1,0,0.018,Low Risk
MS-13932,Mid-Market (51-500),Healthcare,EMEA,Azure Enterprise Group,2026-07-23,M365 Business Standard,12.5,182,0.0,2275.0,1,61.6,1426.5,1,0,1,0,0.106,Low Risk
MS-13933,SMB (1-50),Manufacturing,North America,Satya Nadella Team,2024-11-27,M365 Business Standard,12.5,23,0.15,244.38,20,50.3,169.4,3,0,1,0,0.073,Low Risk
MS-13934,SMB (1-50),Technology,North America,Azure Enterprise Group,2025-12-09,M365 Business Basic,6.0,19,0.0,114.0,7,83.9,36.0,3,0,1,0,0.032,Low Risk
MS-13935,SMB (1-50),Education,EMEA,Satya Nadella Team,2026-01-07,M365 Business Premium,22.0,20,0.1,396.0,6,78.4,120.6,3,0,1,0,0.028,Low Risk
MS-13936,Mid-Market (51-500),Technology,North America,Satya Nadella Team,2025-04-10,M365 Business Premium,22.0,424,0.0,9328.0,15,69.7,6524.3,3,1,1,0,0.013,Low Risk
MS-13937,SMB (1-50),Education,North America,Azure Enterprise Group,2026-01-28,M365 Business Standard,12.5,44,0.0,550.0,6,88.2,241.3,1,1,1,0,0.026,Low Risk
MS-13938,Mid-Market (51-500),Financial Services,North America,Direct Digital,2024-12-27,M365 Business Standard,12.5,66,0.0,825.0,19,89.5,293.5,3,0,1,1,0.046,Low Risk
MS-13939,Enterprise (500+),Manufacturing,North America,Commercial Partner Org,2025-01-14,M365 Business Standard,12.5,843,0.0,10537.5,18,66.5,15404.5,1,1,0,0,0.038,Low Risk
MS-13940,SMB (1-50),Technology,APAC,Satya Nadella Team,2025-03-06,M365 Business Standard,12.5,23,0.0,287.5,16,100.0,1237.7,3,1,1,0,0.016,Low Risk
MS-13941,Enterprise (500+),Education,APAC,Satya Nadella Team,2026-02-24,M365 Business Standard,12.5,2210,0.0,27625.0,5,96.5,40076.7,1,1,1,0,0.019,Low Risk
MS-13942,Mid-Market (51-500),Education,North America,Direct Digital,2026-04-02,M365 Business Standard,12.5,459,0.0,5737.5,3,32.3,10316.7,1,1,1,0,0.044,Low Risk
MS-13943,SMB (1-50),Financial Services,North America,Satya Nadella Team,2025-07-08,M365 Business Premium,22.0,34,0.1,673.2,12,49.5,1144.5,1,0,1,0,0.079,Low Risk
MS-13944,SMB (1-50),Retail,North America,Satya Nadella Team,2025-09-14,M365 Business Standard,12.5,21,0.0,262.5,10,27.4,407.8,0,0,1,1,0.165,Low Risk
MS-13945,Mid-Market (51-500),Manufacturing,North America,Azure Enterprise Group,2025-10-17,M365 Business Standard,12.5,432,0.1,4860.0,9,62.2,20372.6,2,0,1,0,0.066,Low Risk
MS-13946,SMB (1-50),Retail,EMEA,Azure Enterprise Group,2025-10-26,M365 Business Standard,12.5,30,0.0,375.0,9,46.2,495.2,1,1,1,0,0.03,Low Risk
MS-13947,SMB (1-50),Technology,EMEA,Direct Digital,2025-04-05,M365 Business Basic,6.0,17,0.0,102.0,15,53.3,221.0,2,0,0,1,0.407,Medium Risk
MS-13948,SMB (1-50),Manufacturing,North America,Satya Nadella Team,2026-07-02,M365 Business Standard,12.5,26,0.0,325.0,1,87.6,368.8,1,0,1,0,0.034,Low Risk
MS-13949,Mid-Market (51-500),Financial Services,North America,Commercial Partner Org,2024-11-10,M365 Business Standard,12.5,417,0.0,5212.5,20,36.4,11526.2,0,0,1,0,0.077,Low Risk
MS-13950,Mid-Market (51-500),Technology,North America,Azure Enterprise Group,2024-12-19,M365 Business Basic,6.0,132,0.1,712.8,19,70.3,1819.8,3,0,1,0,0.03,Low Risk
MS-13951,Mid-Market (51-500),Manufacturing,APAC,Commercial Partner Org,2025-06-12,M365 E5,57.0,181,0.0,10317.0,13,70.2,3110.6,9,1,1,0,0.042,Low Risk
MS-13952,SMB (1-50),Manufacturing,LATAM,Commercial Partner Org,2026-04-25,M365 Business Standard,12.5,37,0.0,462.5,3,66.5,108.1,3,1,0,0,0.053,Low Risk
MS-13953,Mid-Market (51-500),Retail,North America,Direct Digital,2026-03-23,M365 Business Standard,12.5,339,0.1,3813.75,4,70.4,9917.1,0,1,1,0,0.021,Low Risk
MS-13954,Enterprise (500+),Technology,North America,Direct Digital,2025-06-25,M365 E3,36.0,785,0.2,22608.0,13,27.8,5584.0,3,0,1,1,0.08,Low Risk
MS-13955,SMB (1-50),Financial Services,APAC,Satya Nadella Team,2026-01-12,M365 Business Basic,6.0,16,0.0,96.0,6,53.4,33.7,0,0,0,1,0.461,Medium Risk
MS-13956,SMB (1-50),Financial Services,APAC,Direct Digital,2026-03-15,M365 E3,36.0,13,0.1,421.2,4,95.8,250.9,2,0,1,0,0.029,Low Risk
MS-13957,Enterprise (500+),Technology,North America,Azure Enterprise Group,2026-07-29,M365 Business Basic,6.0,2258,0.0,13548.0,1,46.5,11940.3,4,0,1,0,0.126,Low Risk
MS-13958,Mid-Market (51-500),Technology,North America,Satya Nadella Team,2026-02-12,M365 Business Premium,22.0,210,0.1,4158.0,5,98.0,512.8,3,0,1,0,0.033,Low Risk
MS-13959,Mid-Market (51-500),Education,North America,Satya Nadella Team,2025-03-17,M365 Business Premium,22.0,137,0.15,2561.9,16,42.7,486.7,4,1,1,0,0.033,Low Risk
MS-13960,Enterprise (500+),Healthcare,EMEA,Commercial Partner Org,2026-01-20,M365 E5,57.0,2023,0.1,103779.9,6,40.5,863.6,1,0,0,0,0.328,Medium Risk
MS-13961,Mid-Market (51-500),Retail,North America,Commercial Partner Org,2026-01-02,M365 Business Premium,22.0,67,0.1,1326.6,6,50.9,76.4,2,0,1,0,0.116,Low Risk
MS-13962,SMB (1-50),Technology,North America,Commercial Partner Org,2024-09-27,M365 Business Standard,12.5,48,0.0,600.0,22,88.3,517.3,5,1,1,0,0.061,Low Risk
MS-13963,Mid-Market (51-500),Technology,EMEA,Satya Nadella Team,2024-12-27,M365 Business Premium,22.0,199,0.0,4378.0,19,58.2,4803.6,1,0,1,0,0.074,Low Risk
MS-13964,Mid-Market (51-500),Healthcare,North America,Direct Digital,2024-10-24,M365 Business Basic,6.0,361,0.1,1949.4,21,74.2,2578.3,2,0,0,0,0.193,Low Risk
MS-13965,Enterprise (500+),Healthcare,APAC,Direct Digital,2026-01-17,M365 Business Premium,22.0,1854,0.0,40788.0,6,69.3,21884.4,0,1,1,0,0.024,Low Risk
MS-13966,SMB (1-50),Manufacturing,North America,Direct Digital,2025-01-30,M365 Business Basic,6.0,39,0.1,210.6,18,67.0,776.6,1,1,1,0,0.019,Low Risk
MS-13967,Mid-Market (51-500),Financial Services,North America,Satya Nadella Team,2025-12-23,M365 Business Premium,22.0,483,0.0,10626.0,7,90.9,2557.5,2,0,1,0,0.029,Low Risk
MS-13968,Mid-Market (51-500),Retail,EMEA,Satya Nadella Team,2025-02-09,M365 Business Premium,22.0,134,0.1,2653.2,17,81.9,1708.1,1,1,1,0,0.014,Low Risk
MS-13969,SMB (1-50),Manufacturing,North America,Satya Nadella Team,2026-06-24,M365 E3,36.0,36,0.0,1296.0,1,47.4,186.4,0,1,1,0,0.041,Low Risk
MS-13970,SMB (1-50),Technology,LATAM,Satya Nadella Team,2025-04-04,M365 Business Standard,12.5,26,0.15,276.25,15,63.0,321.1,3,0,1,0,0.052,Low Risk
MS-13971,Enterprise (500+),Healthcare,EMEA,Satya Nadella Team,2025-10-25,M365 E3,36.0,3135,0.0,112860.0,9,99.4,9231.9,1,0,1,1,0.22,Medium Risk
MS-13972,SMB (1-50),Education,North America,Direct Digital,2025-08-14,M365 Business Basic,6.0,23,0.0,138.0,11,73.8,1051.4,5,1,1,0,0.065,Low Risk
MS-13973,Mid-Market (51-500),Financial Services,EMEA,Satya Nadella Team,2025-08-06,M365 Business Basic,6.0,159,0.0,954.0,11,40.9,151.2,1,0,1,0,0.09,Low Risk
MS-13974,Enterprise (500+),Manufacturing,North America,Direct Digital,2026-03-08,M365 Business Standard,12.5,2821,0.0,35262.5,4,42.1,23820.6,0,0,1,0,0.1,Low Risk
MS-13975,SMB (1-50),Education,APAC,Satya Nadella Team,2025-08-18,M365 Business Premium,22.0,15,0.15,280.5,11,84.0,60.7,1,1,1,0,0.016,Low Risk
MS-13976,Enterprise (500+),Financial Services,North America,Direct Digital,2026-07-05,M365 Business Premium,22.0,3171,0.1,62785.8,1,80.6,34946.5,0,0,1,0,0.046,Low Risk
MS-13977,Mid-Market (51-500),Education,EMEA,Azure Enterprise Group,2026-04-09,M365 Business Premium,22.0,335,0.1,6633.0,3,51.4,2247.8,1,0,0,1,0.372,Medium Risk
MS-13978,SMB (1-50),Healthcare,North America,Azure Enterprise Group,2025-09-10,M365 Business Standard,12.5,32,0.0,400.0,10,81.5,140.6,1,1,1,0,0.019,Low Risk
MS-13979,SMB (1-50),Manufacturing,North America,Direct Digital,2026-02-19,M365 Business Premium,22.0,19,0.0,418.0,5,96.8,65.6,5,0,1,0,0.107,Low Risk
MS-13980,Enterprise (500+),Manufacturing,APAC,Azure Enterprise Group,2025-06-30,M365 Business Basic,6.0,697,0.15,3554.7,13,94.2,1685.4,2,0,0,0,0.112,Low Risk
MS-13981,SMB (1-50),Financial Services,APAC,Azure Enterprise Group,2025-04-30,M365 Business Basic,6.0,47,0.15,239.7,15,96.9,861.4,2,0,0,0,0.122,Low Risk
MS-13982,SMB (1-50),Education,North America,Direct Digital,2025-09-13,M365 Business Basic,6.0,37,0.2,177.6,10,78.0,111.6,0,0,1,0,0.029,Low Risk
MS-13983,SMB (1-50),Healthcare,North America,Satya Nadella Team,2026-07-17,M365 Business Premium,22.0,12,0.0,264.0,1,64.8,213.9,2,0,1,0,0.039,Low Risk
MS-13984,SMB (1-50),Technology,APAC,Satya Nadella Team,2025-09-24,M365 Business Standard,12.5,36,0.0,450.0,10,60.8,286.7,1,0,1,1,0.125,Low Risk
MS-13985,SMB (1-50),Manufacturing,LATAM,Direct Digital,2025-06-14,M365 Business Basic,6.0,41,0.15,209.1,13,67.7,36.9,1,1,1,0,0.016,Low Risk
MS-13986,Enterprise (500+),Technology,North America,Commercial Partner Org,2025-02-06,M365 Business Premium,22.0,3122,0.2,54947.2,17,52.2,6775.5,5,1,0,0,0.185,Low Risk
MS-13987,Enterprise (500+),Healthcare,EMEA,Commercial Partner Org,2025-08-20,M365 Business Standard,12.5,530,0.2,5300.0,11,61.5,14208.5,3,0,1,0,0.101,Low Risk
MS-13988,SMB (1-50),Manufacturing,North America,Azure Enterprise Group,2025-11-29,M365 E3,36.0,27,0.1,874.8,8,91.0,299.2,2,0,1,0,0.032,Low Risk
MS-13989,SMB (1-50),Manufacturing,APAC,Commercial Partner Org,2026-05-20,M365 Business Standard,12.5,33,0.0,412.5,2,39.0,80.7,4,0,1,1,0.151,Low Risk
MS-13990,Mid-Market (51-500),Education,North America,Azure Enterprise Group,2025-04-29,M365 Business Basic,6.0,472,0.0,2832.0,15,40.3,6890.8,0,0,0,1,0.298,Medium Risk
MS-13991,SMB (1-50),Technology,North America,Satya Nadella Team,2025-03-31,M365 E5,57.0,17,0.1,872.1,16,82.9,353.5,3,1,1,0,0.016,Low Risk
MS-13992,Mid-Market (51-500),Education,APAC,Direct Digital,2025-08-29,M365 Business Basic,6.0,251,0.0,1506.0,11,61.7,1209.2,0,1,1,0,0.022,Low Risk
MS-13993,Enterprise (500+),Retail,North America,Satya Nadella Team,2026-04-21,M365 Business Premium,22.0,1645,0.2,28952.0,3,33.3,16054.0,0,1,1,0,0.035,Low Risk
MS-13994,Enterprise (500+),Technology,EMEA,Direct Digital,2025-01-11,M365 Business Standard,12.5,3132,0.0,39150.0,18,66.9,13055.2,4,0,1,0,0.037,Low Risk
MS-13995,SMB (1-50),Technology,North America,Commercial Partner Org,2026-01-22,M365 Business Basic,6.0,36,0.0,216.0,6,64.3,36.0,1,0,1,0,0.045,Low Risk
MS-13996,SMB (1-50),Retail,North America,Satya Nadella Team,2025-06-04,M365 Business Premium,22.0,7,0.0,154.0,13,60.2,42.8,4,1,0,0,0.159,Low Risk
MS-13997,SMB (1-50),Healthcare,North America,Satya Nadella Team,2025-05-23,M365 Business Basic,6.0,36,0.0,216.0,14,80.3,601.4,2,0,0,1,0.201,Medium Risk
MS-13998,SMB (1-50),Healthcare,EMEA,Azure Enterprise Group,2026-04-28,M365 E3,36.0,45,0.1,1458.0,3,44.0,331.4,3,1,1,0,0.043,Low Risk
MS-13999,SMB (1-50),Manufacturing,North America,Direct Digital,2026-04-26,M365 Business Standard,12.5,25,0.1,281.25,3,68.2,155.9,2,1,1,0,0.016,Low Risk
MS-14000,Enterprise (500+),Financial Services,EMEA,Commercial Partner Org,2026-06-19,M365 Business Standard,12.5,3281,0.0,41012.5,1,64.2,17942.5,1,1,1,0,0.037,Low Risk
MS-14001,Enterprise (500+),Education,APAC,Satya Nadella Team,2025-08-26,M365 Business Premium,22.0,2628,0.1,52034.4,11,68.7,19368.9,1,0,1,0,0.024,Low Risk
MS-14002,Enterprise (500+),Financial Services,APAC,Direct Digital,2026-06-26,M365 Business Basic,6.0,2967,0.0,17802.0,1,36.8,13638.5,2,0,1,0,0.144,Low Risk
MS-14003,Enterprise (500+),Manufacturing,North America,Commercial Partner Org,2026-06-29,M365 Business Standard,12.5,1084,0.0,13550.0,1,58.6,12321.5,0,1,1,0,0.032,Low Risk
MS-14004,SMB (1-50),Financial Services,North America,Satya Nadella Team,2025-01-14,M365 E3,36.0,35,0.0,1260.0,18,68.4,27.6,1,1,1,0,0.016,Low Risk
MS-14005,Mid-Market (51-500),Technology,North America,Direct Digital,2025-11-02,M365 Business Premium,22.0,406,0.1,8038.8,8,77.7,8024.6,0,0,1,0,0.028,Low Risk
MS-14006,SMB (1-50),Technology,North America,Azure Enterprise Group,2024-09-29,M365 Business Standard,12.5,27,0.15,286.88,22,100.0,61.6,1,0,0,0,0.142,Low Risk
MS-14007,SMB (1-50),Retail,North America,Satya Nadella Team,2026-04-18,M365 Business Premium,22.0,48,0.0,1056.0,3,82.5,578.1,3,0,1,0,0.033,Low Risk
MS-14008,Mid-Market (51-500),Retail,EMEA,Direct Digital,2025-07-27,M365 E5,57.0,343,0.0,19551.0,12,76.3,2459.8,4,0,1,0,0.038,Low Risk
MS-14009,Mid-Market (51-500),Manufacturing,North America,Commercial Partner Org,2024-10-04,M365 Business Basic,6.0,82,0.2,393.6,21,90.9,1461.2,0,0,0,0,0.131,Low Risk
MS-14010,Mid-Market (51-500),Manufacturing,North America,Commercial Partner Org,2026-01-17,M365 Business Standard,12.5,93,0.0,1162.5,6,62.5,1952.4,2,0,1,1,0.082,Low Risk
MS-14011,SMB (1-50),Manufacturing,North America,Azure Enterprise Group,2024-12-13,M365 Business Basic,6.0,17,0.0,102.0,19,96.0,46.6,3,0,1,0,0.037,Low Risk
MS-14012,SMB (1-50),Technology,EMEA,Satya Nadella Team,2026-01-07,M365 E3,36.0,47,0.15,1438.2,6,88.1,637.7,1,1,1,0,0.021,Low Risk
MS-14013,SMB (1-50),Financial Services,North America,Azure Enterprise Group,2025-09-06,M365 Business Premium,22.0,33,0.1,653.4,10,60.0,83.4,0,0,1,0,0.1,Low Risk
MS-14014,SMB (1-50),Education,EMEA,Direct Digital,2025-09-23,M365 E3,36.0,20,0.0,720.0,10,100.0,31.8,3,1,1,0,0.018,Low Risk
MS-14015,SMB (1-50),Manufacturing,North America,Commercial Partner Org,2025-04-25,M365 E5,57.0,42,0.0,2394.0,15,76.0,1342.4,1,0,1,0,0.03,Low Risk
MS-14016,Mid-Market (51-500),Manufacturing,APAC,Azure Enterprise Group,2024-11-29,M365 Business Basic,6.0,158,0.1,853.2,20,100.0,340.5,1,0,1,0,0.037,Low Risk
MS-14017,Mid-Market (51-500),Technology,APAC,Satya Nadella Team,2025-07-30,M365 Business Basic,6.0,146,0.15,744.6,12,73.5,453.7,3,0,1,0,0.03,Low Risk
MS-14018,SMB (1-50),Education,North America,Direct Digital,2025-09-12,M365 Business Standard,12.5,15,0.0,187.5,10,57.9,25.1,0,1,0,0,0.201,Medium Risk
MS-14019,Mid-Market (51-500),Technology,North America,Satya Nadella Team,2025-04-28,M365 Business Standard,12.5,59,0.1,663.75,15,54.2,449.9,4,0,0,1,0.251,Medium Risk
MS-14020,SMB (1-50),Education,North America,Azure Enterprise Group,2025-03-01,M365 Business Premium,22.0,7,0.2,123.2,17,61.6,211.7,1,0,1,0,0.062,Low Risk
MS-14021,Enterprise (500+),Technology,North America,Commercial Partner Org,2025-05-15,M365 E3,36.0,563,0.0,20268.0,14,57.7,2071.4,4,1,1,0,0.027,Low Risk
MS-14022,SMB (1-50),Financial Services,EMEA,Commercial Partner Org,2025-03-08,M365 Business Standard,12.5,38,0.0,475.0,16,90.9,355.9,3,1,1,0,0.02,Low Risk
MS-14023,Mid-Market (51-500),Manufacturing,APAC,Azure Enterprise Group,2025-10-20,M365 Business Standard,12.5,452,0.0,5650.0,9,67.5,2875.3,2,1,1,0,0.019,Low Risk
MS-14024,Enterprise (500+),Healthcare,EMEA,Satya Nadella Team,2025-05-13,M365 E3,36.0,3117,0.1,100990.8,14,38.9,15316.5,2,0,1,0,0.076,Low Risk
MS-14025,Enterprise (500+),Healthcare,APAC,Satya Nadella Team,2024-10-15,M365 Business Basic,6.0,3491,0.15,17804.1,21,71.8,35565.8,1,1,1,0,0.027,Low Risk
MS-14026,SMB (1-50),Manufacturing,North America,Satya Nadella Team,2026-04-21,M365 Business Basic,6.0,32,0.0,192.0,3,70.3,314.3,0,1,1,0,0.02,Low Risk
MS-14027,Mid-Market (51-500),Manufacturing,North America,Satya Nadella Team,2025-03-20,M365 Business Premium,22.0,313,0.0,6886.0,16,59.6,1672.5,1,1,0,0,0.156,Low Risk
MS-14028,SMB (1-50),Manufacturing,EMEA,Commercial Partner Org,2025-08-25,M365 Business Standard,12.5,42,0.15,446.25,11,72.8,958.0,1,0,1,0,0.03,Low Risk
MS-14029,SMB (1-50),Manufacturing,North America,Satya Nadella Team,2025-08-09,M365 E5,57.0,48,0.0,2736.0,11,67.2,31.5,3,0,1,0,0.045,Low Risk
MS-14030,SMB (1-50),Education,EMEA,Azure Enterprise Group,2025-03-31,M365 Business Standard,12.5,20,0.0,250.0,16,79.4,21.4,0,1,1,0,0.018,Low Risk
MS-14031,Enterprise (500+),Financial Services,North America,Azure Enterprise Group,2026-05-24,M365 E3,36.0,2747,0.1,89002.8,2,78.3,50000.0,2,0,1,0,0.02,Low Risk
MS-14032,Enterprise (500+),Healthcare,North America,Azure Enterprise Group,2025-06-25,M365 Business Premium,22.0,3429,0.0,75438.0,13,74.6,50000.0,2,0,1,0,0.03,Low Risk
MS-14033,SMB (1-50),Retail,LATAM,Azure Enterprise Group,2025-02-02,M365 Business Basic,6.0,48,0.15,244.8,17,44.6,938.5,4,1,1,0,0.025,Low Risk
MS-14034,Mid-Market (51-500),Healthcare,North America,Satya Nadella Team,2026-07-30,M365 Business Basic,6.0,78,0.0,468.0,1,100.0,864.0,2,0,1,0,0.036,Low Risk
MS-14035,Enterprise (500+),Healthcare,LATAM,Commercial Partner Org,2025-03-16,M365 Business Basic,6.0,1780,0.0,10680.0,16,40.0,11630.2,0,0,1,0,0.079,Low Risk
MS-14036,SMB (1-50),Technology,LATAM,Direct Digital,2025-12-26,M365 Business Basic,6.0,36,0.0,216.0,7,65.7,428.6,1,0,1,0,0.037,Low Risk
MS-14037,SMB (1-50),Manufacturing,APAC,Satya Nadella Team,2025-09-14,M365 Business Standard,12.5,17,0.1,191.25,10,48.3,19.8,1,0,1,0,0.108,Low Risk
MS-14038,SMB (1-50),Manufacturing,EMEA,Direct Digital,2025-09-02,M365 Business Premium,22.0,9,0.15,168.3,10,75.1,153.1,2,0,1,0,0.024,Low Risk
MS-14039,Mid-Market (51-500),Manufacturing,EMEA,Commercial Partner Org,2026-02-19,M365 Business Premium,22.0,447,0.1,8850.6,5,70.5,4174.0,3,0,1,0,0.031,Low Risk
MS-14040,SMB (1-50),Technology,APAC,Satya Nadella Team,2024-11-10,M365 Business Premium,22.0,46,0.0,1012.0,20,65.0,1733.5,2,0,1,0,0.04,Low Risk
MS-14041,Mid-Market (51-500),Financial Services,North America,Direct Digital,2024-09-28,M365 Business Basic,6.0,364,0.1,1965.6,22,95.3,4432.0,1,0,1,1,0.075,Low Risk
MS-14042,SMB (1-50),Financial Services,EMEA,Commercial Partner Org,2025-09-28,M365 Business Premium,22.0,45,0.0,990.0,10,88.0,88.8,3,0,1,0,0.032,Low Risk
MS-14043,SMB (1-50),Retail,EMEA,Direct Digital,2026-02-05,M365 Business Standard,12.5,15,0.15,159.38,5,62.1,116.9,0,1,1,0,0.038,Low Risk
MS-14044,SMB (1-50),Financial Services,North America,Azure Enterprise Group,2025-08-15,M365 E5,57.0,41,0.0,2337.0,11,82.5,29.3,4,0,1,0,0.04,Low Risk
MS-14045,SMB (1-50),Financial Services,North America,Azure Enterprise Group,2024-12-27,M365 E5,57.0,36,0.0,2052.0,19,96.2,591.1,2,0,0,0,0.153,Low Risk
MS-14046,SMB (1-50),Manufacturing,North America,Commercial Partner Org,2025-09-15,M365 E3,36.0,49,0.0,1764.0,10,87.8,409.7,0,0,0,0,0.126,Low Risk
MS-14047,SMB (1-50),Education,EMEA,Commercial Partner Org,2025-03-27,M365 Business Premium,22.0,46,0.0,1012.0,16,65.5,254.7,3,1,1,0,0.018,Low Risk
MS-14048,Mid-Market (51-500),Healthcare,APAC,Direct Digital,2025-10-28,M365 Business Basic,6.0,220,0.1,1188.0,9,39.4,9132.6,2,1,1,0,0.031,Low Risk
MS-14049,SMB (1-50),Financial Services,North America,Commercial Partner Org,2024-12-02,M365 Business Basic,6.0,33,0.0,198.0,19,73.8,1118.1,1,0,1,0,0.029,Low Risk
MS-14050,Mid-Market (51-500),Financial Services,LATAM,Azure Enterprise Group,2025-01-19,M365 E3,36.0,294,0.0,10584.0,18,80.0,10774.7,2,0,1,0,0.028,Low Risk
MS-14051,Enterprise (500+),Technology,EMEA,Azure Enterprise Group,2025-08-21,M365 Business Standard,12.5,1701,0.0,21262.5,11,54.1,5097.0,1,1,0,0,0.154,Low Risk
MS-14052,Mid-Market (51-500),Retail,APAC,Satya Nadella Team,2026-02-05,M365 Business Standard,12.5,311,0.0,3887.5,5,68.4,4866.7,3,0,1,0,0.037,Low Risk
MS-14053,Enterprise (500+),Education,EMEA,Direct Digital,2024-11-08,M365 E3,36.0,1248,0.0,44928.0,20,66.5,43541.1,1,1,1,0,0.011,Low Risk
MS-14054,Mid-Market (51-500),Technology,APAC,Commercial Partner Org,2026-04-05,M365 Business Premium,22.0,96,0.0,2112.0,3,93.0,974.6,1,1,1,0,0.023,Low Risk
MS-14055,SMB (1-50),Manufacturing,North America,Commercial Partner Org,2026-07-29,M365 Business Basic,6.0,44,0.1,237.6,1,100.0,127.2,4,1,1,0,0.026,Low Risk
MS-14056,Enterprise (500+),Healthcare,APAC,Commercial Partner Org,2025-01-02,M365 Business Basic,6.0,1001,0.2,4804.8,18,89.2,20453.1,0,1,1,0,0.013,Low Risk
MS-14057,Enterprise (500+),Retail,North America,Direct Digital,2025-10-24,M365 Business Basic,6.0,705,0.0,4230.0,9,66.5,17931.7,5,0,1,0,0.122,Low Risk
MS-14058,Enterprise (500+),Technology,APAC,Azure Enterprise Group,2026-02-05,M365 Business Premium,22.0,1984,0.2,34918.4,5,88.7,28922.3,4,1,1,0,0.025,Low Risk
MS-14059,Mid-Market (51-500),Financial Services,LATAM,Commercial Partner Org,2026-07-10,M365 Business Standard,12.5,73,0.0,912.5,1,79.7,304.4,1,0,1,0,0.034,Low Risk
MS-14060,Mid-Market (51-500),Financial Services,North America,Commercial Partner Org,2026-04-26,M365 E5,57.0,137,0.1,7028.1,3,66.7,347.8,2,0,1,0,0.037,Low Risk
MS-14061,SMB (1-50),Retail,North America,Azure Enterprise Group,2025-08-07,M365 Business Premium,22.0,46,0.1,910.8,11,100.0,540.3,2,1,0,1,0.122,Low Risk
MS-14062,Mid-Market (51-500),Financial Services,APAC,Commercial Partner Org,2025-07-02,M365 Business Basic,6.0,171,0.0,1026.0,12,54.7,1352.9,0,0,1,0,0.079,Low Risk
MS-14063,SMB (1-50),Technology,North America,Satya Nadella Team,2025-02-04,M365 Business Basic,6.0,45,0.1,243.0,17,78.9,596.7,1,0,1,0,0.032,Low Risk
MS-14064,SMB (1-50),Technology,APAC,Azure Enterprise Group,2024-11-27,M365 Business Standard,12.5,5,0.15,53.12,20,83.1,10.0,1,1,0,0,0.054,Low Risk
MS-14065,Mid-Market (51-500),Financial Services,North America,Azure Enterprise Group,2025-04-16,M365 E5,57.0,200,0.2,9120.0,15,62.8,350.6,1,0,1,0,0.058,Low Risk
MS-14066,SMB (1-50),Financial Services,North America,Azure Enterprise Group,2025-08-31,M365 Business Basic,6.0,24,0.1,129.6,11,78.1,129.8,0,0,1,0,0.022,Low Risk
MS-14067,SMB (1-50),Manufacturing,LATAM,Satya Nadella Team,2026-06-08,M365 E3,36.0,39,0.1,1263.6,1,85.0,140.1,5,0,0,1,0.553,High Risk
MS-14068,Mid-Market (51-500),Healthcare,EMEA,Azure Enterprise Group,2025-05-24,M365 Business Standard,12.5,496,0.0,6200.0,14,72.4,5748.7,3,0,1,0,0.026,Low Risk
MS-14069,Enterprise (500+),Retail,APAC,Direct Digital,2024-11-23,M365 Business Standard,12.5,2593,0.0,32412.5,20,76.5,14255.5,1,1,1,0,0.011,Low Risk
MS-14070,Mid-Market (51-500),Technology,North America,Direct Digital,2025-03-31,M365 E5,57.0,132,0.0,7524.0,16,69.9,1824.6,1,0,1,0,0.028,Low Risk
MS-14071,Mid-Market (51-500),Retail,EMEA,Direct Digital,2025-04-06,M365 Business Basic,6.0,57,0.0,342.0,15,82.4,1001.7,0,0,0,0,0.178,Low Risk
MS-14072,Enterprise (500+),Manufacturing,EMEA,Azure Enterprise Group,2025-01-29,M365 Business Premium,22.0,2547,0.0,56034.0,18,63.9,6333.8,1,0,1,0,0.029,Low Risk
MS-14073,SMB (1-50),Technology,EMEA,Azure Enterprise Group,2026-07-18,M365 Business Basic,6.0,41,0.1,221.4,1,62.4,1241.6,2,1,1,0,0.025,Low Risk
MS-14074,Mid-Market (51-500),Manufacturing,EMEA,Azure Enterprise Group,2025-01-18,M365 E3,36.0,64,0.0,2304.0,18,68.4,1188.3,0,0,1,0,0.035,Low Risk
MS-14075,SMB (1-50),Manufacturing,EMEA,Satya Nadella Team,2024-10-25,M365 E3,36.0,39,0.1,1263.6,21,89.3,461.3,2,0,1,0,0.031,Low Risk
MS-14076,SMB (1-50),Education,North America,Direct Digital,2025-01-19,M365 E3,36.0,49,0.1,1587.6,18,36.5,1408.9,2,0,0,0,0.25,Medium Risk
MS-14077,Mid-Market (51-500),Financial Services,North America,Commercial Partner Org,2024-11-13,M365 Business Basic,6.0,94,0.1,507.6,20,51.6,348.6,0,0,1,0,0.07,Low Risk
MS-14078,Mid-Market (51-500),Education,APAC,Commercial Partner Org,2025-01-13,M365 Business Basic,6.0,224,0.15,1142.4,18,100.0,1472.2,2,1,1,0,0.016,Low Risk
MS-14079,SMB (1-50),Retail,North America,Azure Enterprise Group,2026-06-04,M365 Business Standard,12.5,19,0.15,201.88,1,73.0,20.4,2,0,0,0,0.154,Low Risk
MS-14080,SMB (1-50),Retail,EMEA,Satya Nadella Team,2024-09-26,M365 Business Standard,12.5,9,0.1,101.25,22,60.7,65.8,1,0,0,0,0.436,Medium Risk
MS-14081,Mid-Market (51-500),Financial Services,North America,Azure Enterprise Group,2026-01-01,M365 Business Premium,22.0,475,0.0,10450.0,6,82.3,4024.4,2,0,1,0,0.027,Low Risk
MS-14082,Mid-Market (51-500),Education,EMEA,Commercial Partner Org,2025-11-09,M365 Business Standard,12.5,123,0.1,1383.75,8,53.9,1413.0,0,0,0,0,0.293,Medium Risk
MS-14083,Mid-Market (51-500),Retail,EMEA,Direct Digital,2026-04-04,M365 Business Basic,6.0,273,0.0,1638.0,3,30.1,216.8,2,0,1,0,0.158,Low Risk
MS-14084,SMB (1-50),Education,North America,Commercial Partner Org,2024-11-01,M365 Business Premium,22.0,18,0.1,356.4,20,74.4,10.0,1,0,1,1,0.108,Low Risk
MS-14085,Mid-Market (51-500),Financial Services,North America,Direct Digital,2025-03-19,M365 E3,36.0,260,0.0,9360.0,16,54.8,1699.0,1,0,1,0,0.081,Low Risk
MS-14086,SMB (1-50),Technology,North America,Direct Digital,2026-01-03,M365 E5,57.0,7,0.2,319.2,6,69.8,17.6,0,0,1,0,0.044,Low Risk
MS-14087,SMB (1-50),Manufacturing,EMEA,Satya Nadella Team,2026-01-06,M365 Business Standard,12.5,46,0.1,517.5,6,73.9,785.0,3,1,0,0,0.051,Low Risk
MS-14088,Mid-Market (51-500),Manufacturing,APAC,Commercial Partner Org,2026-07-11,M365 Business Standard,12.5,393,0.0,4912.5,1,70.6,5210.4,1,0,1,0,0.032,Low Risk
MS-14089,Mid-Market (51-500),Education,North America,Azure Enterprise Group,2025-12-12,M365 Business Basic,6.0,446,0.0,2676.0,7,37.2,2110.1,1,0,1,1,0.149,Low Risk
MS-14090,SMB (1-50),Retail,EMEA,Satya Nadella Team,2024-12-25,M365 Business Basic,6.0,42,0.15,214.2,19,68.5,23.6,2,0,1,0,0.036,Low Risk
MS-14091,SMB (1-50),Education,North America,Direct Digital,2025-09-06,M365 Business Standard,12.5,9,0.0,112.5,10,76.0,21.8,0,0,1,0,0.024,Low Risk
MS-14092,Mid-Market (51-500),Education,EMEA,Commercial Partner Org,2026-06-13,M365 E5,57.0,433,0.0,24681.0,1,42.8,6113.7,1,0,1,0,0.113,Low Risk
MS-14093,SMB (1-50),Healthcare,APAC,Azure Enterprise Group,2025-04-20,M365 Business Basic,6.0,17,0.0,102.0,15,40.7,942.8,2,1,1,0,0.022,Low Risk
MS-14094,SMB (1-50),Manufacturing,North America,Satya Nadella Team,2025-11-22,M365 Business Standard,12.5,48,0.1,540.0,8,48.8,227.6,1,1,1,0,0.034,Low Risk
MS-14095,SMB (1-50),Financial Services,EMEA,Azure Enterprise Group,2025-04-02,M365 Business Basic,6.0,25,0.0,150.0,15,81.4,485.8,1,0,1,0,0.026,Low Risk
MS-14096,SMB (1-50),Education,North America,Commercial Partner Org,2025-03-27,M365 Business Standard,12.5,41,0.0,512.5,16,32.0,992.9,1,1,1,0,0.022,Low Risk
MS-14097,SMB (1-50),Healthcare,North America,Azure Enterprise Group,2024-12-11,M365 Business Basic,6.0,29,0.0,174.0,19,82.9,17.2,5,0,1,0,0.105,Low Risk
MS-14098,Enterprise (500+),Healthcare,North America,Satya Nadella Team,2024-09-10,M365 Business Standard,12.5,2467,0.0,30837.5,22,75.1,50000.0,2,1,1,0,0.01,Low Risk
MS-14099,Mid-Market (51-500),Manufacturing,North America,Azure Enterprise Group,2025-12-17,M365 Business Standard,12.5,453,0.2,4530.0,7,63.4,3412.4,1,1,1,0,0.023,Low Risk
MS-14100,Mid-Market (51-500),Manufacturing,EMEA,Commercial Partner Org,2025-01-01,M365 Business Basic,6.0,129,0.0,774.0,18,41.3,5156.4,2,0,1,0,0.082,Low Risk
MS-14101,Mid-Market (51-500),Manufacturing,North America,Satya Nadella Team,2024-09-04,M365 Business Basic,6.0,497,0.0,2982.0,22,53.7,4612.5,4,1,1,0,0.048,Low Risk
MS-14102,Mid-Market (51-500),Financial Services,EMEA,Direct Digital,2025-12-11,M365 Business Premium,22.0,421,0.1,8335.8,7,82.1,1354.3,1,0,1,0,0.027,Low Risk
MS-14103,Enterprise (500+),Healthcare,North America,Satya Nadella Team,2025-05-17,M365 Business Standard,12.5,2728,0.15,28985.0,14,90.6,50000.0,3,1,1,0,0.011,Low Risk
MS-14104,Mid-Market (51-500),Retail,North America,Commercial Partner Org,2025-06-14,M365 Business Basic,6.0,73,0.15,372.3,13,49.4,244.2,1,0,0,0,0.322,Medium Risk
MS-14105,SMB (1-50),Financial Services,EMEA,Azure Enterprise Group,2024-10-01,M365 E5,57.0,11,0.0,627.0,22,88.6,282.6,0,1,1,0,0.016,Low Risk
MS-14106,Mid-Market (51-500),Technology,LATAM,Direct Digital,2026-07-20,M365 Business Standard,12.5,329,0.0,4112.5,1,80.3,750.5,4,1,0,0,0.052,Low Risk
MS-14107,SMB (1-50),Education,North America,Direct Digital,2026-02-03,M365 Business Premium,22.0,27,0.2,475.2,5,67.9,363.9,1,0,0,0,0.172,Low Risk
MS-14108,Mid-Market (51-500),Manufacturing,APAC,Azure Enterprise Group,2026-05-13,M365 E3,36.0,464,0.0,16704.0,2,54.7,2950.1,1,1,1,0,0.038,Low Risk
MS-14109,Mid-Market (51-500),Healthcare,EMEA,Commercial Partner Org,2025-01-02,M365 Business Standard,12.5,220,0.1,2475.0,18,57.5,9441.2,1,0,1,1,0.101,Low Risk
MS-14110,Enterprise (500+),Education,EMEA,Satya Nadella Team,2025-01-08,M365 E3,36.0,3142,0.0,113112.0,18,100.0,7702.5,3,1,1,0,0.067,Low Risk
MS-14111,Mid-Market (51-500),Financial Services,EMEA,Commercial Partner Org,2026-01-29,M365 E5,57.0,445,0.0,25365.0,6,71.2,2806.7,2,1,0,0,0.037,Low Risk
MS-14112,SMB (1-50),Technology,North America,Direct Digital,2025-12-24,M365 Business Basic,6.0,10,0.2,48.0,7,91.9,122.5,2,0,1,0,0.029,Low Risk
MS-14113,SMB (1-50),Financial Services,North America,Satya Nadella Team,2026-02-24,M365 E3,36.0,22,0.1,712.8,5,72.3,1003.1,0,1,1,0,0.022,Low Risk
MS-14114,SMB (1-50),Financial Services,EMEA,Satya Nadella Team,2024-11-16,M365 Business Basic,6.0,49,0.0,294.0,20,59.9,213.0,0,1,0,0,0.14,Low Risk
MS-14115,SMB (1-50),Retail,North America,Azure Enterprise Group,2025-03-02,M365 Business Standard,12.5,11,0.0,137.5,17,78.5,66.7,1,0,1,0,0.026,Low Risk
MS-14116,SMB (1-50),Education,APAC,Commercial Partner Org,2025-09-01,M365 E3,36.0,39,0.0,1404.0,10,100.0,289.9,4,0,1,0,0.047,Low Risk
MS-14117,SMB (1-50),Retail,North America,Satya Nadella Team,2025-06-19,M365 E5,57.0,35,0.0,1995.0,13,56.4,122.3,0,0,0,0,0.288,Medium Risk
MS-14118,SMB (1-50),Financial Services,North America,Azure Enterprise Group,2025-09-24,M365 Business Premium,22.0,42,0.15,785.4,10,84.4,856.9,2,1,1,0,0.018,Low Risk
MS-14119,Enterprise (500+),Technology,EMEA,Commercial Partner Org,2025-02-04,M365 Business Basic,6.0,766,0.1,4136.4,17,71.4,887.1,2,0,1,0,0.025,Low Risk
MS-14120,SMB (1-50),Healthcare,North America,Direct Digital,2024-12-09,M365 Business Standard,12.5,39,0.0,487.5,19,41.9,571.0,1,1,1,0,0.021,Low Risk
MS-14121,SMB (1-50),Healthcare,EMEA,Direct Digital,2026-05-27,M365 Business Premium,22.0,32,0.0,704.0,2,41.5,293.2,2,0,1,1,0.154,Low Risk
MS-14122,SMB (1-50),Education,EMEA,Commercial Partner Org,2024-12-19,M365 Business Standard,12.5,48,0.15,510.0,19,59.9,159.5,1,0,1,0,0.068,Low Risk
MS-14123,Mid-Market (51-500),Manufacturing,APAC,Satya Nadella Team,2026-07-11,M365 E5,57.0,353,0.0,20121.0,1,74.3,2875.9,4,0,1,0,0.036,Low Risk
MS-14124,SMB (1-50),Manufacturing,APAC,Satya Nadella Team,2026-06-04,M365 Business Standard,12.5,34,0.0,425.0,1,83.8,722.8,0,1,1,0,0.024,Low Risk
MS-14125,Mid-Market (51-500),Healthcare,EMEA,Direct Digital,2025-05-28,M365 Business Basic,6.0,313,0.0,1878.0,14,39.7,2214.5,1,0,1,0,0.098,Low Risk
MS-14126,SMB (1-50),Financial Services,EMEA,Direct Digital,2025-01-16,M365 Business Basic,6.0,21,0.0,126.0,18,79.7,32.8,4,0,1,0,0.047,Low Risk
MS-14127,Mid-Market (51-500),Financial Services,LATAM,Satya Nadella Team,2026-07-20,M365 Business Standard,12.5,214,0.0,2675.0,1,65.9,107.0,1,0,0,0,0.137,Low Risk
MS-14128,Mid-Market (51-500),Retail,North America,Commercial Partner Org,2024-11-03,M365 Business Premium,22.0,186,0.2,3273.6,20,68.1,3357.3,0,1,1,0,0.018,Low Risk
MS-14129,SMB (1-50),Education,North America,Direct Digital,2026-06-05,M365 Business Basic,6.0,8,0.0,48.0,1,78.6,38.5,1,0,1,0,0.039,Low Risk
MS-14130,SMB (1-50),Retail,North America,Satya Nadella Team,2026-01-20,M365 E3,36.0,46,0.1,1490.4,6,99.4,1477.8,4,1,1,0,0.037,Low Risk
MS-14131,SMB (1-50),Manufacturing,North America,Commercial Partner Org,2025-08-16,M365 Business Basic,6.0,31,0.1,167.4,11,73.5,357.2,3,0,1,0,0.027,Low Risk
MS-14132,Mid-Market (51-500),Healthcare,EMEA,Azure Enterprise Group,2025-01-25,M365 Business Standard,12.5,352,0.0,4400.0,18,43.6,2421.2,2,0,1,1,0.078,Low Risk
MS-14133,SMB (1-50),Financial Services,EMEA,Commercial Partner Org,2025-08-01,M365 Business Premium,22.0,27,0.15,504.9,12,64.6,269.3,1,0,1,0,0.036,Low Risk
MS-14134,Mid-Market (51-500),Healthcare,EMEA,Satya Nadella Team,2026-02-14,M365 Business Basic,6.0,370,0.0,2220.0,5,83.3,2712.4,1,1,1,0,0.047,Low Risk
MS-14135,Mid-Market (51-500),Technology,North America,Commercial Partner Org,2026-03-08,M365 Business Premium,22.0,465,0.2,8184.0,4,83.9,13182.5,4,1,1,0,0.027,Low Risk
MS-14136,Mid-Market (51-500),Healthcare,EMEA,Satya Nadella Team,2025-10-12,M365 E3,36.0,329,0.0,11844.0,9,80.0,2418.3,1,1,1,0,0.016,Low Risk
MS-14137,SMB (1-50),Technology,North America,Direct Digital,2025-08-10,M365 Business Premium,22.0,41,0.2,721.6,11,58.8,54.1,2,0,1,0,0.068,Low Risk
MS-14138,SMB (1-50),Retail,EMEA,Azure Enterprise Group,2026-06-14,M365 Business Standard,12.5,9,0.1,101.25,1,43.4,98.2,1,1,0,0,0.154,Low Risk
MS-14139,Mid-Market (51-500),Retail,EMEA,Direct Digital,2026-02-03,M365 E3,36.0,352,0.0,12672.0,5,78.6,4120.3,0,1,1,0,0.025,Low Risk
MS-14140,Enterprise (500+),Manufacturing,North America,Direct Digital,2026-04-14,M365 E5,57.0,2369,0.0,135033.0,3,46.1,41208.5,0,1,0,0,0.17,Low Risk
MS-14141,Enterprise (500+),Healthcare,North America,Satya Nadella Team,2026-06-22,M365 Business Basic,6.0,2580,0.0,15480.0,1,80.5,50000.0,1,1,0,0,0.038,Low Risk
MS-14142,Enterprise (500+),Healthcare,North America,Satya Nadella Team,2025-01-14,M365 Business Premium,22.0,3494,0.0,76868.0,18,80.5,24542.0,0,0,1,0,0.037,Low Risk
MS-14143,Mid-Market (51-500),Technology,APAC,Satya Nadella Team,2024-10-09,M365 Business Basic,6.0,198,0.1,1069.2,21,59.6,1031.1,6,0,1,0,0.167,Low Risk
MS-14144,Mid-Market (51-500),Retail,APAC,Satya Nadella Team,2025-07-17,M365 Business Basic,6.0,450,0.0,2700.0,12,66.0,3644.2,2,1,0,0,0.03,Low Risk
MS-14145,Mid-Market (51-500),Technology,EMEA,Direct Digital,2025-06-14,M365 Business Standard,12.5,309,0.1,3476.25,13,71.6,8545.4,2,0,1,0,0.031,Low Risk
MS-14146,SMB (1-50),Retail,North America,Satya Nadella Team,2025-12-07,M365 E5,57.0,46,0.0,2622.0,7,56.9,2159.0,0,0,1,0,0.11,Low Risk
MS-14147,Mid-Market (51-500),Technology,North America,Satya Nadella Team,2026-06-24,M365 Business Premium,22.0,68,0.0,1496.0,1,43.1,2895.7,5,0,1,0,0.303,Medium Risk
MS-14148,SMB (1-50),Retail,EMEA,Direct Digital,2025-08-18,M365 Business Standard,12.5,42,0.1,472.5,11,67.3,131.5,1,0,1,0,0.035,Low Risk
MS-14149,SMB (1-50),Technology,APAC,Azure Enterprise Group,2024-09-05,M365 Business Basic,6.0,49,0.15,249.9,22,69.2,403.9,3,0,1,0,0.034,Low Risk
MS-14150,Mid-Market (51-500),Retail,North America,Azure Enterprise Group,2025-04-24,M365 E5,57.0,85,0.0,4845.0,15,92.5,306.4,3,0,1,0,0.037,Low Risk
MS-14151,SMB (1-50),Education,North America,Commercial Partner Org,2025-04-24,M365 Business Standard,12.5,27,0.0,337.5,15,53.9,148.7,2,0,1,0,0.074,Low Risk
MS-14152,SMB (1-50),Technology,EMEA,Direct Digital,2026-01-14,M365 Business Standard,12.5,6,0.0,75.0,6,87.2,10.0,3,0,1,1,0.12,Low Risk
MS-14153,SMB (1-50),Healthcare,North America,Satya Nadella Team,2024-12-14,M365 E3,36.0,30,0.0,1080.0,19,47.4,63.0,0,0,1,0,0.066,Low Risk
MS-14154,Enterprise (500+),Manufacturing,North America,Commercial Partner Org,2025-03-26,M365 Business Premium,22.0,2340,0.1,46332.0,16,43.8,14207.5,1,0,1,0,0.07,Low Risk
MS-14155,Mid-Market (51-500),Education,North America,Azure Enterprise Group,2025-04-27,M365 Business Basic,6.0,122,0.0,732.0,15,62.6,664.2,2,0,1,0,0.06,Low Risk
MS-14156,Mid-Market (51-500),Education,EMEA,Azure Enterprise Group,2024-10-22,M365 Business Standard,12.5,299,0.15,3176.88,21,51.1,1172.9,2,0,1,0,0.079,Low Risk
MS-14157,SMB (1-50),Technology,APAC,Direct Digital,2024-12-17,M365 E5,57.0,36,0.0,2052.0,19,43.5,113.1,1,0,1,1,0.083,Low Risk
MS-14158,SMB (1-50),Manufacturing,LATAM,Satya Nadella Team,2025-08-23,M365 E5,57.0,18,0.0,1026.0,11,100.0,298.5,2,0,1,0,0.031,Low Risk
MS-14159,SMB (1-50),Healthcare,EMEA,Satya Nadella Team,2024-10-03,M365 Business Basic,6.0,34,0.0,204.0,21,59.9,142.4,5,0,0,1,0.671,High Risk
MS-14160,SMB (1-50),Education,EMEA,Commercial Partner Org,2024-09-22,M365 Business Standard,12.5,17,0.0,212.5,22,100.0,250.1,1,0,1,0,0.029,Low Risk
MS-14161,Mid-Market (51-500),Healthcare,North America,Azure Enterprise Group,2025-07-04,M365 Business Basic,6.0,263,0.1,1420.2,12,50.1,1451.3,0,1,1,0,0.022,Low Risk
MS-14162,SMB (1-50),Retail,EMEA,Commercial Partner Org,2024-09-11,M365 Business Standard,12.5,35,0.15,371.88,22,37.2,680.1,1,1,1,0,0.021,Low Risk
MS-14163,SMB (1-50),Manufacturing,North America,Commercial Partner Org,2026-06-01,M365 Business Premium,22.0,41,0.0,902.0,2,91.2,90.0,1,0,1,0,0.034,Low Risk
MS-14164,SMB (1-50),Financial Services,EMEA,Commercial Partner Org,2025-11-16,M365 Business Standard,12.5,49,0.0,612.5,8,54.9,100.8,6,1,1,0,0.234,Medium Risk
MS-14165,SMB (1-50),Retail,North America,Satya Nadella Team,2026-03-16,M365 E3,36.0,42,0.15,1285.2,4,70.5,573.8,1,0,1,0,0.032,Low Risk
MS-14166,SMB (1-50),Manufacturing,North America,Azure Enterprise Group,2025-03-17,M365 Business Premium,22.0,26,0.0,572.0,16,43.6,768.8,2,1,1,0,0.022,Low Risk
MS-14167,Mid-Market (51-500),Technology,North America,Commercial Partner Org,2026-02-11,M365 Business Premium,22.0,154,0.15,2879.8,5,67.3,285.1,1,0,0,0,0.151,Low Risk
MS-14168,Mid-Market (51-500),Technology,North America,Azure Enterprise Group,2024-10-14,M365 E5,57.0,377,0.1,19340.1,21,43.3,346.4,4,1,0,0,0.186,Low Risk
MS-14169,Mid-Market (51-500),Healthcare,North America,Azure Enterprise Group,2025-03-04,M365 Business Standard,12.5,148,0.0,1850.0,16,66.7,4844.6,4,1,1,0,0.04,Low Risk
MS-14170,Mid-Market (51-500),Education,North America,Commercial Partner Org,2025-09-24,M365 Business Standard,12.5,276,0.0,3450.0,10,59.5,413.3,3,0,1,0,0.109,Low Risk
MS-14171,SMB (1-50),Financial Services,LATAM,Commercial Partner Org,2026-03-05,M365 Business Premium,22.0,9,0.1,178.2,4,72.1,31.1,2,0,1,0,0.038,Low Risk
MS-14172,Mid-Market (51-500),Technology,North America,Direct Digital,2026-01-20,M365 E3,36.0,374,0.15,11444.4,6,79.3,11902.4,6,1,1,0,0.067,Low Risk
MS-14173,Mid-Market (51-500),Manufacturing,EMEA,Satya Nadella Team,2025-11-16,M365 Business Basic,6.0,384,0.0,2304.0,8,72.3,7484.0,1,1,1,0,0.02,Low Risk
MS-14174,SMB (1-50),Education,APAC,Azure Enterprise Group,2026-01-09,M365 E3,36.0,14,0.0,504.0,6,76.1,70.5,2,1,1,0,0.02,Low Risk
MS-14175,Mid-Market (51-500),Education,LATAM,Commercial Partner Org,2026-01-18,M365 Business Basic,6.0,93,0.1,502.2,6,66.0,3449.2,4,0,0,0,0.182,Low Risk
MS-14176,Enterprise (500+),Manufacturing,EMEA,Commercial Partner Org,2025-01-15,M365 Business Basic,6.0,813,0.0,4878.0,18,60.2,8189.6,1,0,1,0,0.081,Low Risk
MS-14177,SMB (1-50),Education,APAC,Azure Enterprise Group,2025-06-06,M365 Business Basic,6.0,33,0.1,178.2,13,76.5,29.7,1,0,1,0,0.027,Low Risk
MS-14178,Mid-Market (51-500),Technology,North America,Commercial Partner Org,2025-02-11,M365 E5,57.0,473,0.0,26961.0,17,66.0,6892.1,3,0,0,0,0.166,Low Risk
MS-14179,Mid-Market (51-500),Manufacturing,North America,Direct Digital,2026-02-25,M365 Business Standard,12.5,398,0.15,4228.75,5,66.7,3680.5,1,0,1,0,0.034,Low Risk
MS-14180,Mid-Market (51-500),Manufacturing,North America,Azure Enterprise Group,2024-09-23,M365 Business Basic,6.0,203,0.0,1218.0,22,75.2,2070.6,1,0,1,0,0.03,Low Risk
MS-14181,Mid-Market (51-500),Healthcare,EMEA,Commercial Partner Org,2026-01-20,M365 E5,57.0,389,0.0,22173.0,6,49.4,23963.3,2,0,1,0,0.101,Low Risk
MS-14182,SMB (1-50),Financial Services,EMEA,Azure Enterprise Group,2026-07-18,M365 Business Premium,22.0,20,0.0,440.0,1,93.7,39.7,0,1,1,0,0.027,Low Risk
MS-14183,SMB (1-50),Healthcare,North America,Commercial Partner Org,2026-01-23,M365 E3,36.0,39,0.15,1193.4,6,63.5,500.5,2,0,1,1,0.096,Low Risk
MS-14184,Mid-Market (51-500),Financial Services,North America,Commercial Partner Org,2026-03-24,M365 Business Basic,6.0,169,0.0,1014.0,4,70.2,1244.9,1,1,1,0,0.02,Low Risk
MS-14185,Mid-Market (51-500),Manufacturing,EMEA,Satya Nadella Team,2026-04-23,M365 Business Basic,6.0,264,0.2,1267.2,3,67.2,1005.2,2,1,1,0,0.019,Low Risk
MS-14186,Enterprise (500+),Education,North America,Azure Enterprise Group,2025-11-18,M365 Business Standard,12.5,2763,0.1,31083.75,8,79.7,39213.1,2,0,0,0,0.131,Low Risk
MS-14187,SMB (1-50),Financial Services,EMEA,Satya Nadella Team,2025-01-20,M365 E3,36.0,13,0.1,421.2,18,74.1,172.1,2,1,1,0,0.017,Low Risk
MS-14188,SMB (1-50),Manufacturing,EMEA,Commercial Partner Org,2025-06-08,M365 Business Premium,22.0,44,0.1,871.2,13,67.1,1025.1,4,1,1,0,0.035,Low Risk
MS-14189,SMB (1-50),Manufacturing,EMEA,Azure Enterprise Group,2025-03-26,M365 Business Premium,22.0,33,0.0,726.0,16,94.1,835.9,3,1,1,0,0.026,Low Risk
MS-14190,SMB (1-50),Healthcare,APAC,Azure Enterprise Group,2026-07-16,M365 E3,36.0,9,0.15,275.4,1,10.3,89.1,1,0,1,1,0.266,Medium Risk
MS-14191,SMB (1-50),Healthcare,APAC,Direct Digital,2025-06-29,M365 Business Basic,6.0,7,0.2,33.6,13,90.4,33.1,3,1,1,0,0.024,Low Risk
MS-14192,SMB (1-50),Education,EMEA,Direct Digital,2025-10-02,M365 Business Premium,22.0,14,0.0,308.0,9,84.6,126.7,0,1,1,0,0.017,Low Risk
MS-14193,SMB (1-50),Retail,EMEA,Commercial Partner Org,2025-07-15,M365 Business Standard,12.5,35,0.15,371.88,12,35.0,187.0,0,0,1,0,0.093,Low Risk
MS-14194,SMB (1-50),Technology,EMEA,Commercial Partner Org,2024-10-18,M365 Business Basic,6.0,15,0.1,81.0,21,84.7,58.5,1,1,1,0,0.014,Low Risk
MS-14195,SMB (1-50),Retail,North America,Commercial Partner Org,2026-07-05,M365 Business Basic,6.0,21,0.1,113.4,1,87.1,202.1,2,0,0,0,0.156,Low Risk
MS-14196,Enterprise (500+),Retail,North America,Commercial Partner Org,2026-07-09,M365 E3,36.0,2848,0.0,102528.0,1,78.1,36662.4,1,0,1,0,0.024,Low Risk
MS-14197,Mid-Market (51-500),Education,North America,Direct Digital,2025-09-25,M365 E3,36.0,445,0.0,16020.0,10,39.9,4768.6,1,0,1,0,0.117,Low Risk
MS-14198,SMB (1-50),Financial Services,North America,Azure Enterprise Group,2025-09-14,M365 Business Standard,12.5,12,0.0,150.0,10,80.3,444.7,3,1,1,0,0.017,Low Risk
MS-14199,Enterprise (500+),Education,EMEA,Satya Nadella Team,2025-04-05,M365 Business Basic,6.0,2720,0.0,16320.0,15,86.1,11578.3,1,1,1,0,0.012,Low Risk
MS-14200,Mid-Market (51-500),Education,APAC,Azure Enterprise Group,2026-05-22,M365 Business Basic,6.0,341,0.2,1636.8,2,57.7,1905.9,1,0,1,0,0.111,Low Risk
MS-14201,Enterprise (500+),Manufacturing,North America,Azure Enterprise Group,2025-05-09,M365 E5,57.0,1423,0.0,81111.0,14,75.9,18810.0,1,0,0,0,0.14,Low Risk
MS-14202,SMB (1-50),Manufacturing,North America,Direct Digital,2025-11-08,M365 Business Premium,22.0,45,0.1,891.0,8,61.6,495.3,2,0,1,0,0.097,Low Risk
MS-14203,SMB (1-50),Manufacturing,LATAM,Azure Enterprise Group,2026-04-08,M365 E5,57.0,45,0.0,2565.0,3,83.9,10.0,3,0,1,0,0.156,Low Risk
MS-14204,Enterprise (500+),Technology,North America,Azure Enterprise Group,2025-06-11,M365 E3,36.0,1814,0.0,65304.0,13,62.4,8149.5,3,1,1,0,0.012,Low Risk
MS-14205,SMB (1-50),Financial Services,EMEA,Commercial Partner Org,2025-12-27,M365 Business Standard,12.5,9,0.0,112.5,7,57.6,31.6,3,0,1,0,0.15,Low Risk
MS-14206,Enterprise (500+),Financial Services,EMEA,Satya Nadella Team,2025-05-25,M365 Business Basic,6.0,585,0.1,3159.0,14,67.3,12861.0,1,0,0,0,0.167,Low Risk
MS-14207,Mid-Market (51-500),Manufacturing,EMEA,Azure Enterprise Group,2026-04-22,M365 Business Standard,12.5,311,0.1,3498.75,3,43.9,7507.9,0,0,1,0,0.13,Low Risk
MS-14208,Enterprise (500+),Retail,North America,Azure Enterprise Group,2025-05-04,M365 Business Basic,6.0,3212,0.0,19272.0,14,65.5,12870.8,3,0,1,0,0.063,Low Risk
MS-14209,SMB (1-50),Technology,North America,Satya Nadella Team,2025-02-05,M365 Business Basic,6.0,10,0.0,60.0,17,74.5,12.9,2,1,1,0,0.037,Low Risk
MS-14210,SMB (1-50),Retail,North America,Commercial Partner Org,2025-08-23,M365 Business Basic,6.0,20,0.15,102.0,11,83.7,55.1,1,0,0,1,0.202,Medium Risk
MS-14211,SMB (1-50),Healthcare,EMEA,Direct Digital,2026-03-02,M365 Business Premium,22.0,27,0.0,594.0,5,72.5,62.9,2,1,1,0,0.02,Low Risk
MS-14212,Enterprise (500+),Financial Services,EMEA,Direct Digital,2025-04-24,M365 Business Standard,12.5,684,0.2,6840.0,15,42.2,2224.9,0,0,1,0,0.081,Low Risk
MS-14213,SMB (1-50),Financial Services,North America,Azure Enterprise Group,2025-12-04,M365 Business Standard,12.5,46,0.0,575.0,7,92.3,147.6,2,1,1,0,0.024,Low Risk
MS-14214,Mid-Market (51-500),Retail,EMEA,Commercial Partner Org,2024-12-09,M365 Business Premium,22.0,63,0.15,1178.1,19,93.9,494.1,1,0,1,0,0.035,Low Risk
MS-14215,SMB (1-50),Technology,APAC,Direct Digital,2024-12-28,M365 Business Basic,6.0,45,0.15,229.5,19,70.0,208.0,1,1,1,0,0.019,Low Risk
MS-14216,SMB (1-50),Financial Services,North America,Direct Digital,2025-08-20,M365 E3,36.0,23,0.0,828.0,11,54.5,226.5,1,1,1,0,0.022,Low Risk
MS-14217,SMB (1-50),Retail,EMEA,Direct Digital,2024-11-27,M365 Business Premium,22.0,16,0.1,316.8,20,58.4,81.0,1,1,1,0,0.023,Low Risk
MS-14218,Mid-Market (51-500),Education,EMEA,Direct Digital,2024-10-06,M365 Business Basic,6.0,309,0.1,1668.6,21,64.3,6250.4,0,1,1,0,0.022,Low Risk
MS-14219,Mid-Market (51-500),Education,North America,Direct Digital,2025-07-11,M365 Business Premium,22.0,231,0.0,5082.0,12,73.0,8348.5,2,1,1,0,0.013,Low Risk
MS-14220,SMB (1-50),Technology,North America,Azure Enterprise Group,2026-02-22,M365 Business Standard,12.5,6,0.2,60.0,5,62.5,37.3,2,1,1,0,0.032,Low Risk
MS-14221,Enterprise (500+),Retail,EMEA,Direct Digital,2026-03-05,M365 Business Basic,6.0,1066,0.1,5756.4,4,52.5,649.0,2,1,0,0,0.147,Low Risk
MS-14222,Mid-Market (51-500),Education,APAC,Azure Enterprise Group,2025-07-19,M365 Business Standard,12.5,372,0.0,4650.0,12,86.4,1222.6,3,1,1,0,0.018,Low Risk
MS-14223,Mid-Market (51-500),Technology,APAC,Satya Nadella Team,2025-11-01,M365 E5,57.0,245,0.0,13965.0,8,72.6,315.8,4,0,1,0,0.033,Low Risk
MS-14224,Mid-Market (51-500),Manufacturing,EMEA,Satya Nadella Team,2026-01-30,M365 Business Basic,6.0,390,0.1,2106.0,6,49.1,1978.5,3,1,1,0,0.048,Low Risk
MS-14225,SMB (1-50),Technology,EMEA,Commercial Partner Org,2026-06-15,M365 Business Standard,12.5,12,0.0,150.0,1,73.2,149.2,3,0,1,0,0.03,Low Risk
MS-14226,SMB (1-50),Healthcare,North America,Azure Enterprise Group,2024-09-09,M365 E3,36.0,43,0.0,1548.0,22,70.9,377.6,2,0,0,0,0.197,Low Risk
MS-14227,Mid-Market (51-500),Manufacturing,EMEA,Commercial Partner Org,2025-08-25,M365 Business Standard,12.5,379,0.2,3790.0,11,55.1,1265.4,1,0,1,0,0.08,Low Risk
MS-14228,SMB (1-50),Retail,EMEA,Satya Nadella Team,2025-12-22,M365 Business Standard,12.5,33,0.1,371.25,7,89.5,577.3,2,1,1,0,0.021,Low Risk
MS-14229,SMB (1-50),Manufacturing,North America,Satya Nadella Team,2024-10-27,M365 E3,36.0,23,0.1,745.2,21,70.4,38.9,3,1,1,0,0.016,Low Risk
MS-14230,SMB (1-50),Manufacturing,EMEA,Satya Nadella Team,2025-06-10,M365 Business Standard,12.5,39,0.0,487.5,13,64.1,121.2,0,0,1,0,0.037,Low Risk
MS-14231,Mid-Market (51-500),Retail,EMEA,Satya Nadella Team,2025-11-19,M365 Business Premium,22.0,75,0.0,1650.0,8,66.5,1014.4,0,0,1,0,0.039,Low Risk
MS-14232,SMB (1-50),Retail,North America,Direct Digital,2025-12-05,M365 Business Premium,22.0,42,0.0,924.0,7,76.0,110.7,0,0,1,0,0.03,Low Risk
MS-14233,Mid-Market (51-500),Education,APAC,Satya Nadella Team,2026-01-03,M365 E3,36.0,100,0.1,3240.0,6,66.7,1362.7,1,0,1,0,0.037,Low Risk
MS-14234,SMB (1-50),Healthcare,North America,Direct Digital,2025-08-25,M365 E5,57.0,15,0.0,855.0,11,66.6,678.5,1,0,1,0,0.036,Low Risk
MS-14235,Enterprise (500+),Retail,North America,Direct Digital,2026-07-22,M365 E3,36.0,639,0.0,23004.0,1,87.2,13648.7,3,0,1,0,0.036,Low Risk
MS-14236,SMB (1-50),Financial Services,North America,Commercial Partner Org,2026-04-17,M365 Business Premium,22.0,39,0.15,729.3,3,42.5,81.6,2,0,1,0,0.144,Low Risk
MS-14237,Mid-Market (51-500),Financial Services,APAC,Direct Digital,2026-04-20,M365 E3,36.0,102,0.15,3121.2,3,45.5,899.6,5,1,0,0,0.281,Medium Risk
MS-14238,Mid-Market (51-500),Healthcare,EMEA,Commercial Partner Org,2024-11-04,M365 E5,57.0,382,0.1,19596.6,20,82.0,2515.4,3,0,1,0,0.027,Low Risk
MS-14239,Mid-Market (51-500),Technology,North America,Direct Digital,2025-11-03,M365 E5,57.0,90,0.0,5130.0,8,100.0,5170.8,1,0,1,0,0.036,Low Risk
MS-14240,SMB (1-50),Technology,EMEA,Direct Digital,2025-12-01,M365 E3,36.0,16,0.0,576.0,7,83.8,640.4,0,0,1,0,0.03,Low Risk
MS-14241,Mid-Market (51-500),Financial Services,North America,Satya Nadella Team,2025-01-14,M365 Business Basic,6.0,110,0.0,660.0,18,100.0,179.5,2,0,1,0,0.034,Low Risk
MS-14242,SMB (1-50),Retail,APAC,Azure Enterprise Group,2026-04-29,M365 Business Premium,22.0,30,0.15,561.0,3,60.2,861.8,0,0,1,0,0.103,Low Risk
MS-14243,SMB (1-50),Healthcare,EMEA,Direct Digital,2024-10-18,M365 Business Basic,6.0,47,0.0,282.0,21,56.5,121.2,6,0,1,1,0.457,Medium Risk
MS-14244,Mid-Market (51-500),Technology,North America,Azure Enterprise Group,2026-05-05,M365 Business Standard,12.5,390,0.1,4387.5,2,76.2,1801.1,3,0,1,0,0.028,Low Risk
MS-14245,Mid-Market (51-500),Technology,LATAM,Azure Enterprise Group,2025-03-13,M365 Business Basic,6.0,247,0.0,1482.0,16,85.2,1292.4,4,0,1,0,0.037,Low Risk
MS-14246,Mid-Market (51-500),Manufacturing,North America,Azure Enterprise Group,2024-12-26,M365 E5,57.0,326,0.1,16723.8,19,44.4,1322.4,1,0,1,0,0.087,Low Risk
MS-14247,Enterprise (500+),Financial Services,North America,Direct Digital,2025-02-11,M365 Business Standard,12.5,2396,0.0,29950.0,17,64.2,50000.0,1,1,1,0,0.011,Low Risk
MS-14248,SMB (1-50),Retail,EMEA,Azure Enterprise Group,2025-12-23,M365 Business Premium,22.0,33,0.0,726.0,7,67.5,158.5,3,0,1,0,0.036,Low Risk
MS-14249,Enterprise (500+),Healthcare,LATAM,Direct Digital,2025-06-14,M365 Business Premium,22.0,2340,0.0,51480.0,13,55.8,47647.3,3,1,1,0,0.02,Low Risk
MS-14250,SMB (1-50),Technology,North America,Satya Nadella Team,2026-02-18,M365 Business Basic,6.0,39,0.0,234.0,5,57.9,2424.6,2,1,1,0,0.029,Low Risk
MS-14251,Mid-Market (51-500),Manufacturing,North America,Direct Digital,2026-01-07,M365 Business Premium,22.0,315,0.1,6237.0,6,83.2,6945.2,1,0,1,0,0.029,Low Risk
MS-14252,Mid-Market (51-500),Financial Services,North America,Commercial Partner Org,2025-10-10,M365 Business Premium,22.0,217,0.0,4774.0,9,76.5,1106.4,2,1,1,0,0.017,Low Risk
MS-14253,SMB (1-50),Financial Services,EMEA,Satya Nadella Team,2024-12-05,M365 E3,36.0,35,0.0,1260.0,19,82.4,521.7,1,1,1,0,0.016,Low Risk
MS-14254,SMB (1-50),Healthcare,North America,Azure Enterprise Group,2026-01-10,M365 Business Basic,6.0,7,0.1,37.8,6,74.1,64.1,1,0,1,0,0.024,Low Risk
MS-14255,Mid-Market (51-500),Technology,EMEA,Azure Enterprise Group,2025-05-12,M365 Business Standard,12.5,488,0.0,6100.0,14,52.3,9042.8,2,1,1,0,0.032,Low Risk
MS-14256,SMB (1-50),Healthcare,LATAM,Commercial Partner Org,2025-10-19,M365 Business Premium,22.0,28,0.0,616.0,9,75.6,55.8,3,0,1,0,0.031,Low Risk
MS-14257,SMB (1-50),Healthcare,EMEA,Satya Nadella Team,2026-05-26,M365 Business Basic,6.0,11,0.0,66.0,2,50.9,134.2,0,0,1,0,0.158,Low Risk
MS-14258,SMB (1-50),Education,North America,Commercial Partner Org,2026-04-07,M365 Business Basic,6.0,39,0.1,210.6,3,62.4,695.3,3,1,0,0,0.078,Low Risk
MS-14259,Mid-Market (51-500),Manufacturing,North America,Azure Enterprise Group,2025-09-06,M365 Business Basic,6.0,93,0.0,558.0,10,49.3,1598.4,1,0,1,0,0.112,Low Risk
MS-14260,SMB (1-50),Financial Services,North America,Direct Digital,2026-03-30,M365 Business Premium,22.0,5,0.0,110.0,4,57.0,198.8,4,0,1,0,0.162,Low Risk
MS-14261,SMB (1-50),Education,APAC,Azure Enterprise Group,2025-05-01,M365 Business Standard,12.5,48,0.15,510.0,15,69.6,34.7,1,0,1,0,0.031,Low Risk
MS-14262,SMB (1-50),Retail,North America,Commercial Partner Org,2026-06-01,M365 Business Premium,22.0,10,0.0,220.0,2,59.8,50.9,2,1,0,1,0.295,Medium Risk
MS-14263,SMB (1-50),Financial Services,North America,Direct Digital,2025-09-08,M365 E5,57.0,43,0.0,2451.0,10,52.1,334.0,0,1,1,0,0.026,Low Risk
MS-14264,Mid-Market (51-500),Financial Services,EMEA,Direct Digital,2024-10-09,M365 E3,36.0,264,0.1,8553.6,21,88.5,1174.4,1,0,1,0,0.029,Low Risk
MS-14265,Enterprise (500+),Manufacturing,North America,Azure Enterprise Group,2025-08-19,M365 Business Standard,12.5,1764,0.0,22050.0,11,65.8,7848.2,1,1,1,0,0.011,Low Risk
MS-14266,SMB (1-50),Retail,EMEA,Direct Digital,2025-10-31,M365 Business Standard,12.5,29,0.0,362.5,9,58.5,67.4,0,1,1,0,0.031,Low Risk
MS-14267,Mid-Market (51-500),Technology,North America,Satya Nadella Team,2024-11-16,M365 Business Basic,6.0,439,0.15,2238.9,20,48.5,8831.2,1,1,1,0,0.037,Low Risk
MS-14268,Mid-Market (51-500),Retail,APAC,Azure Enterprise Group,2026-01-23,M365 Business Basic,6.0,248,0.2,1190.4,6,34.3,7102.9,2,0,0,0,0.268,Medium Risk
MS-14269,Mid-Market (51-500),Technology,LATAM,Azure Enterprise Group,2026-01-30,M365 Business Standard,12.5,252,0.0,3150.0,6,64.0,259.8,1,0,1,0,0.037,Low Risk
MS-14270,Mid-Market (51-500),Retail,EMEA,Satya Nadella Team,2025-01-18,M365 Business Standard,12.5,242,0.0,3025.0,18,43.2,488.7,0,0,1,0,0.079,Low Risk
MS-14271,SMB (1-50),Healthcare,LATAM,Azure Enterprise Group,2025-05-10,M365 Business Premium,22.0,35,0.1,693.0,14,80.8,108.9,2,0,0,0,0.158,Low Risk
MS-14272,SMB (1-50),Retail,North America,Commercial Partner Org,2026-07-01,M365 E5,57.0,33,0.0,1881.0,1,68.5,281.7,3,0,1,0,0.036,Low Risk
MS-14273,SMB (1-50),Education,EMEA,Commercial Partner Org,2025-07-14,M365 E5,57.0,19,0.0,1083.0,12,96.1,357.1,2,0,1,0,0.031,Low Risk
MS-14274,SMB (1-50),Education,EMEA,Azure Enterprise Group,2025-10-25,M365 Business Basic,6.0,27,0.0,162.0,9,72.0,24.0,1,0,1,0,0.031,Low Risk
MS-14275,Mid-Market (51-500),Manufacturing,EMEA,Satya Nadella Team,2024-11-14,M365 Business Premium,22.0,182,0.0,4004.0,20,54.9,2212.0,2,0,0,0,0.253,Medium Risk
MS-14276,SMB (1-50),Technology,North America,Direct Digital,2024-09-29,M365 Business Basic,6.0,45,0.15,229.5,22,34.2,87.3,3,1,1,0,0.028,Low Risk
MS-14277,SMB (1-50),Financial Services,North America,Satya Nadella Team,2024-10-11,M365 Business Premium,22.0,15,0.0,330.0,21,82.5,640.1,1,1,1,0,0.016,Low Risk
MS-14278,SMB (1-50),Manufacturing,North America,Commercial Partner Org,2026-02-23,M365 Business Basic,6.0,19,0.0,114.0,5,44.6,522.2,2,1,1,0,0.035,Low Risk
MS-14279,Mid-Market (51-500),Education,North America,Azure Enterprise Group,2026-01-05,M365 E5,57.0,272,0.1,13953.6,6,60.7,9751.0,3,0,1,1,0.162,Low Risk
MS-14280,Mid-Market (51-500),Education,North America,Satya Nadella Team,2024-12-09,M365 E3,36.0,156,0.0,5616.0,19,98.1,210.1,2,1,0,0,0.051,Low Risk
MS-14281,Mid-Market (51-500),Technology,EMEA,Direct Digital,2025-07-17,M365 Business Basic,6.0,344,0.1,1857.6,12,79.0,2763.7,0,0,0,1,0.207,Medium Risk
MS-14282,SMB (1-50),Education,North America,Direct Digital,2026-03-24,M365 E3,36.0,5,0.0,180.0,4,75.0,10.8,7,0,0,1,0.733,High Risk
MS-14283,Mid-Market (51-500),Education,North America,Direct Digital,2026-06-12,M365 Business Premium,22.0,245,0.0,5390.0,1,85.0,2696.5,2,1,1,0,0.019,Low Risk
MS-14284,SMB (1-50),Technology,EMEA,Direct Digital,2026-02-05,M365 Business Standard,12.5,15,0.1,168.75,5,84.3,47.7,1,1,1,0,0.015,Low Risk
MS-14285,SMB (1-50),Education,EMEA,Satya Nadella Team,2025-03-08,M365 Business Premium,22.0,34,0.0,748.0,16,96.5,600.7,1,1,1,0,0.016,Low Risk
MS-14286,SMB (1-50),Financial Services,APAC,Direct Digital,2025-11-24,M365 Business Premium,22.0,15,0.0,330.0,8,57.2,185.9,2,1,1,0,0.036,Low Risk
MS-14287,Mid-Market (51-500),Healthcare,EMEA,Commercial Partner Org,2024-12-03,M365 E3,36.0,409,0.1,13251.6,19,61.2,4160.6,3,0,1,0,0.079,Low Risk
MS-14288,Mid-Market (51-500),Manufacturing,North America,Direct Digital,2025-02-28,M365 E3,36.0,75,0.0,2700.0,17,51.4,1569.8,3,0,0,0,0.233,Medium Risk
MS-14289,Enterprise (500+),Financial Services,APAC,Commercial Partner Org,2025-07-18,M365 Business Premium,22.0,2758,0.0,60676.0,12,67.4,22958.5,1,0,1,0,0.025,Low Risk
MS-14290,Mid-Market (51-500),Financial Services,EMEA,Satya Nadella Team,2025-06-10,M365 E3,36.0,385,0.2,11088.0,13,65.6,1453.0,2,1,0,0,0.041,Low Risk
MS-14291,SMB (1-50),Healthcare,North America,Commercial Partner Org,2025-09-26,M365 E5,57.0,29,0.15,1405.05,10,36.4,337.4,2,0,0,1,0.386,Medium Risk
MS-14292,SMB (1-50),Manufacturing,EMEA,Satya Nadella Team,2025-07-18,M365 Business Standard,12.5,12,0.0,150.0,12,56.2,453.3,5,0,1,1,0.344,Medium Risk
MS-14293,SMB (1-50),Financial Services,APAC,Direct Digital,2026-03-24,M365 Business Basic,6.0,19,0.1,102.6,4,93.9,209.6,0,0,0,0,0.157,Low Risk
MS-14294,Mid-Market (51-500),Education,North America,Azure Enterprise Group,2024-09-25,M365 Business Premium,22.0,346,0.0,7612.0,22,72.4,4123.9,4,1,1,1,0.063,Low Risk
MS-14295,Mid-Market (51-500),Healthcare,North America,Commercial Partner Org,2025-05-18,M365 E5,57.0,150,0.0,8550.0,14,80.9,4913.2,1,0,1,0,0.03,Low Risk
MS-14296,Enterprise (500+),Manufacturing,North America,Commercial Partner Org,2026-01-10,M365 Business Basic,6.0,741,0.0,4446.0,6,65.8,6439.4,1,1,1,0,0.018,Low Risk
MS-14297,Mid-Market (51-500),Retail,North America,Azure Enterprise Group,2025-04-01,M365 Business Standard,12.5,165,0.1,1856.25,16,34.0,11117.8,3,1,1,0,0.029,Low Risk
MS-14298,Mid-Market (51-500),Technology,North America,Satya Nadella Team,2024-12-24,M365 Business Basic,6.0,218,0.0,1308.0,19,65.7,455.1,1,1,1,0,0.018,Low Risk
MS-14299,Mid-Market (51-500),Education,EMEA,Satya Nadella Team,2025-11-26,M365 E3,36.0,169,0.1,5475.6,8,86.8,1561.8,3,0,0,0,0.163,Low Risk
MS-14300,Enterprise (500+),Healthcare,North America,Direct Digital,2026-06-10,M365 E5,57.0,3180,0.0,181260.0,1,46.7,9135.5,2,1,0,0,0.127,Low Risk
MS-14301,Mid-Market (51-500),Technology,LATAM,Commercial Partner Org,2026-01-03,M365 Business Standard,12.5,269,0.1,3026.25,6,81.4,1949.4,1,0,0,0,0.136,Low Risk
MS-14302,Mid-Market (51-500),Retail,APAC,Satya Nadella Team,2026-04-25,M365 Business Standard,12.5,247,0.15,2624.38,3,37.4,554.3,1,0,1,0,0.143,Low Risk
MS-14303,Mid-Market (51-500),Financial Services,EMEA,Direct Digital,2026-02-10,M365 E5,57.0,451,0.1,23136.3,5,68.4,1362.2,6,0,1,0,0.128,Low Risk
MS-14304,Mid-Market (51-500),Financial Services,APAC,Satya Nadella Team,2026-06-21,M365 Business Basic,6.0,368,0.0,2208.0,1,77.8,1045.4,1,1,1,0,0.043,Low Risk
MS-14305,SMB (1-50),Manufacturing,North America,Azure Enterprise Group,2025-09-20,M365 E3,36.0,12,0.2,345.6,10,62.4,55.5,0,0,0,0,0.155,Low Risk
MS-14306,SMB (1-50),Healthcare,EMEA,Azure Enterprise Group,2026-05-06,M365 Business Standard,12.5,27,0.0,337.5,2,100.0,46.8,3,1,1,0,0.02,Low Risk
MS-14307,SMB (1-50),Healthcare,EMEA,Azure Enterprise Group,2025-10-23,M365 Business Premium,22.0,27,0.0,594.0,9,59.1,537.0,0,0,1,0,0.1,Low Risk
MS-14308,SMB (1-50),Manufacturing,APAC,Direct Digital,2025-04-07,M365 Business Standard,12.5,46,0.0,575.0,15,57.6,137.6,2,0,1,0,0.072,Low Risk
MS-14309,Mid-Market (51-500),Technology,APAC,Commercial Partner Org,2026-03-11,M365 Business Premium,22.0,337,0.0,7414.0,4,71.7,2179.0,1,1,1,0,0.019,Low Risk
MS-14310,SMB (1-50),Financial Services,North America,Azure Enterprise Group,2024-11-02,M365 E5,57.0,17,0.0,969.0,20,54.4,10.0,1,1,1,0,0.034,Low Risk
MS-14311,SMB (1-50),Financial Services,LATAM,Azure Enterprise Group,2025-08-16,M365 E5,57.0,43,0.0,2451.0,11,42.1,57.2,2,0,1,0,0.086,Low Risk
MS-14312,SMB (1-50),Healthcare,North America,Satya Nadella Team,2025-09-25,M365 E3,36.0,39,0.0,1404.0,10,48.2,1060.5,1,0,1,0,0.111,Low Risk
MS-14313,Mid-Market (51-500),Healthcare,APAC,Azure Enterprise Group,2025-09-12,M365 Business Basic,6.0,280,0.15,1428.0,10,81.6,6098.4,0,1,1,0,0.018,Low Risk
MS-14314,SMB (1-50),Manufacturing,LATAM,Commercial Partner Org,2024-11-05,M365 Business Standard,12.5,16,0.1,180.0,20,62.5,353.0,2,1,1,0,0.023,Low Risk
MS-14315,SMB (1-50),Retail,North America,Direct Digital,2024-12-28,M365 Business Standard,12.5,35,0.0,437.5,19,98.6,222.6,1,1,1,0,0.018,Low Risk
MS-14316,SMB (1-50),Technology,EMEA,Azure Enterprise Group,2024-09-08,M365 E5,57.0,9,0.1,461.7,22,60.1,16.5,2,0,1,0,0.08,Low Risk
MS-14317,SMB (1-50),Education,North America,Direct Digital,2024-09-27,M365 Business Standard,12.5,44,0.15,467.5,22,80.8,60.3,2,0,1,0,0.029,Low Risk
MS-14318,Mid-Market (51-500),Retail,North America,Direct Digital,2025-06-17,M365 E5,57.0,497,0.2,22663.2,13,77.2,5548.9,1,0,1,0,0.027,Low Risk
MS-14319,SMB (1-50),Retail,EMEA,Commercial Partner Org,2024-09-28,M365 E5,57.0,29,0.0,1653.0,22,59.8,613.0,0,0,1,0,0.069,Low Risk
MS-14320,Mid-Market (51-500),Healthcare,EMEA,Satya Nadella Team,2025-02-06,M365 Business Premium,22.0,464,0.1,9187.2,17,52.2,12827.2,0,0,1,1,0.086,Low Risk
MS-14321,Mid-Market (51-500),Healthcare,LATAM,Satya Nadella Team,2025-01-23,M365 E3,36.0,481,0.2,13852.8,18,36.8,1966.6,3,1,1,0,0.026,Low Risk
MS-14322,Enterprise (500+),Healthcare,EMEA,Direct Digital,2025-12-11,M365 E5,57.0,2994,0.0,170658.0,7,78.0,13910.4,2,1,1,0,0.025,Low Risk
MS-14323,SMB (1-50),Retail,EMEA,Azure Enterprise Group,2024-12-17,M365 E3,36.0,27,0.2,777.6,19,89.6,34.5,2,0,1,0,0.03,Low Risk
MS-14324,SMB (1-50),Technology,APAC,Direct Digital,2025-11-13,M365 Business Premium,22.0,21,0.2,369.6,8,39.4,375.2,2,1,1,0,0.029,Low Risk
MS-14325,SMB (1-50),Healthcare,LATAM,Satya Nadella Team,2025-03-22,M365 E3,36.0,46,0.1,1490.4,16,61.3,178.0,1,0,1,0,0.07,Low Risk
MS-14326,SMB (1-50),Financial Services,North America,Azure Enterprise Group,2025-06-28,M365 Business Basic,6.0,39,0.15,198.9,13,56.0,306.9,2,0,0,0,0.287,Medium Risk
MS-14327,Mid-Market (51-500),Technology,LATAM,Satya Nadella Team,2025-11-12,M365 Business Premium,22.0,221,0.0,4862.0,8,77.9,7010.9,2,1,0,0,0.034,Low Risk
MS-14328,SMB (1-50),Financial Services,North America,Commercial Partner Org,2024-09-11,M365 Business Basic,6.0,6,0.15,30.6,22,62.1,100.5,2,0,0,0,0.256,Medium Risk
MS-14329,SMB (1-50),Technology,APAC,Satya Nadella Team,2026-04-30,M365 Business Basic,6.0,31,0.1,167.4,3,91.8,20.2,2,1,1,0,0.023,Low Risk
MS-14330,Enterprise (500+),Healthcare,North America,Azure Enterprise Group,2026-06-04,M365 E3,36.0,3433,0.0,123588.0,1,61.1,337.3,3,1,1,1,0.402,Medium Risk
MS-14331,Mid-Market (51-500),Education,North America,Azure Enterprise Group,2024-12-12,M365 Business Premium,22.0,438,0.15,8190.6,19,45.7,8138.3,2,1,1,0,0.025,Low Risk
MS-14332,SMB (1-50),Manufacturing,North America,Direct Digital,2025-12-30,M365 Business Basic,6.0,30,0.15,153.0,7,59.6,289.5,2,0,1,0,0.114,Low Risk
MS-14333,SMB (1-50),Healthcare,EMEA,Azure Enterprise Group,2024-12-19,M365 Business Standard,12.5,36,0.1,405.0,19,61.5,550.4,1,0,1,0,0.069,Low Risk
MS-14334,SMB (1-50),Retail,North America,Commercial Partner Org,2026-06-05,M365 E5,57.0,33,0.0,1881.0,1,77.5,67.5,2,1,1,0,0.022,Low Risk
MS-14335,Enterprise (500+),Education,North America,Satya Nadella Team,2024-12-02,M365 E3,36.0,2307,0.1,74746.8,19,61.3,50000.0,0,0,1,0,0.073,Low Risk
MS-14336,Mid-Market (51-500),Retail,EMEA,Direct Digital,2026-02-23,M365 Business Basic,6.0,249,0.15,1269.9,5,75.9,4434.9,3,1,0,0,0.046,Low Risk
MS-14337,Mid-Market (51-500),Technology,APAC,Direct Digital,2026-07-31,M365 E5,57.0,115,0.0,6555.0,1,53.8,3056.6,1,0,0,1,0.362,Medium Risk
MS-14338,Enterprise (500+),Retail,North America,Azure Enterprise Group,2026-01-20,M365 Business Standard,12.5,2744,0.2,27440.0,6,62.7,13736.8,2,0,0,0,0.143,Low Risk
MS-14339,Mid-Market (51-500),Education,North America,Commercial Partner Org,2025-02-24,M365 Business Premium,22.0,139,0.15,2599.3,17,53.9,538.0,0,0,1,0,0.078,Low Risk
MS-14340,SMB (1-50),Education,North America,Direct Digital,2025-11-13,M365 Business Premium,22.0,40,0.0,880.0,8,52.8,79.0,2,0,0,0,0.333,Medium Risk
MS-14341,SMB (1-50),Healthcare,North America,Commercial Partner Org,2026-06-30,M365 E5,57.0,44,0.0,2508.0,1,90.9,1404.8,1,1,1,0,0.028,Low Risk
MS-14342,Mid-Market (51-500),Financial Services,APAC,Commercial Partner Org,2026-01-24,M365 E3,36.0,73,0.0,2628.0,6,55.1,170.5,4,1,1,0,0.041,Low Risk
MS-14343,Enterprise (500+),Healthcare,APAC,Satya Nadella Team,2024-12-18,M365 Business Standard,12.5,547,0.1,6153.75,19,61.7,834.0,2,0,1,0,0.058,Low Risk
MS-14344,SMB (1-50),Technology,EMEA,Satya Nadella Team,2024-11-11,M365 Business Premium,22.0,18,0.0,396.0,20,86.8,46.2,1,0,1,0,0.031,Low Risk
MS-14345,Mid-Market (51-500),Retail,North America,Satya Nadella Team,2026-01-02,M365 Business Standard,12.5,204,0.1,2295.0,6,81.5,3612.5,1,0,1,0,0.03,Low Risk
MS-14346,Enterprise (500+),Financial Services,APAC,Commercial Partner Org,2025-06-08,M365 Business Standard,12.5,730,0.1,8212.5,13,97.5,19298.3,1,1,1,0,0.012,Low Risk
MS-14347,SMB (1-50),Manufacturing,EMEA,Satya Nadella Team,2025-04-02,M365 Business Premium,22.0,34,0.0,748.0,15,76.7,679.5,1,0,1,0,0.03,Low Risk
MS-14348,Enterprise (500+),Education,APAC,Direct Digital,2025-12-01,M365 Business Standard,12.5,1257,0.0,15712.5,7,57.2,12495.1,3,0,1,0,0.099,Low Risk
MS-14349,SMB (1-50),Financial Services,EMEA,Direct Digital,2026-04-10,M365 Business Standard,12.5,31,0.15,329.38,3,100.0,1896.0,5,1,1,0,0.082,Low Risk
MS-14350,SMB (1-50),Financial Services,APAC,Azure Enterprise Group,2025-10-23,M365 Business Basic,6.0,44,0.0,264.0,9,78.5,37.7,2,0,1,0,0.038,Low Risk
MS-14351,SMB (1-50),Healthcare,EMEA,Commercial Partner Org,2026-01-23,M365 Business Premium,22.0,18,0.0,396.0,6,65.2,436.1,2,0,1,0,0.037,Low Risk
MS-14352,Mid-Market (51-500),Manufacturing,North America,Satya Nadella Team,2026-06-24,M365 E3,36.0,389,0.1,12603.6,1,69.0,2605.3,4,1,1,0,0.031,Low Risk
MS-14353,Mid-Market (51-500),Education,LATAM,Direct Digital,2025-07-20,M365 Business Standard,12.5,167,0.1,1878.75,12,71.2,1216.8,2,1,1,0,0.017,Low Risk
MS-14354,SMB (1-50),Technology,EMEA,Commercial Partner Org,2025-02-25,M365 E5,57.0,48,0.0,2736.0,17,63.7,78.6,1,1,1,0,0.029,Low Risk
MS-14355,Enterprise (500+),Technology,EMEA,Commercial Partner Org,2026-07-20,M365 Business Basic,6.0,3282,0.1,17722.8,1,43.2,1339.2,1,1,0,0,0.166,Low Risk
MS-14356,Mid-Market (51-500),Financial Services,North America,Satya Nadella Team,2024-12-13,M365 Business Premium,22.0,376,0.0,8272.0,19,97.3,1717.8,1,0,1,0,0.033,Low Risk
MS-14357,Mid-Market (51-500),Financial Services,EMEA,Commercial Partner Org,2024-12-28,M365 Business Premium,22.0,85,0.15,1589.5,19,67.6,196.0,2,0,1,0,0.032,Low Risk
MS-14358,SMB (1-50),Retail,EMEA,Satya Nadella Team,2026-04-05,M365 Business Basic,6.0,5,0.2,24.0,3,71.3,39.6,0,0,1,0,0.026,Low Risk
MS-14359,Enterprise (500+),Manufacturing,North America,Satya Nadella Team,2024-10-27,M365 Business Basic,6.0,2485,0.0,14910.0,21,100.0,4752.8,0,1,1,0,0.013,Low Risk
MS-14360,SMB (1-50),Education,North America,Satya Nadella Team,2025-10-14,M365 E5,57.0,10,0.15,484.5,9,55.7,17.8,2,0,1,0,0.113,Low Risk
MS-14361,SMB (1-50),Financial Services,EMEA,Commercial Partner Org,2026-04-01,M365 Business Standard,12.5,5,0.15,53.12,4,79.8,125.7,3,0,0,1,0.324,Medium Risk
MS-14362,SMB (1-50),Retail,APAC,Commercial Partner Org,2024-10-28,M365 Business Standard,12.5,26,0.0,325.0,21,53.7,793.1,4,1,1,0,0.024,Low Risk
MS-14363,SMB (1-50),Manufacturing,EMEA,Satya Nadella Team,2024-12-26,M365 Business Standard,12.5,17,0.0,212.5,19,73.8,679.4,2,0,1,0,0.028,Low Risk
MS-14364,Enterprise (500+),Education,North America,Commercial Partner Org,2025-10-30,M365 E3,36.0,850,0.1,27540.0,9,71.6,11638.3,2,0,1,0,0.026,Low Risk
MS-14365,SMB (1-50),Technology,EMEA,Satya Nadella Team,2024-09-21,M365 Business Standard,12.5,49,0.0,612.5,22,82.2,866.8,1,0,1,0,0.031,Low Risk
MS-14366,SMB (1-50),Retail,North America,Azure Enterprise Group,2024-11-18,M365 E3,36.0,45,0.0,1620.0,20,89.7,975.6,2,0,1,0,0.033,Low Risk
MS-14367,Mid-Market (51-500),Manufacturing,North America,Commercial Partner Org,2026-03-13,M365 Business Standard,12.5,151,0.0,1887.5,4,57.6,1949.1,2,0,1,0,0.109,Low Risk
MS-14368,Mid-Market (51-500),Retail,North America,Commercial Partner Org,2026-07-15,M365 Business Standard,12.5,411,0.0,5137.5,1,93.5,1976.9,5,1,1,0,0.091,Low Risk
MS-14369,Mid-Market (51-500),Financial Services,North America,Azure Enterprise Group,2026-04-19,M365 Business Basic,6.0,279,0.0,1674.0,3,94.8,569.4,0,0,0,0,0.139,Low Risk
MS-14370,SMB (1-50),Healthcare,North America,Azure Enterprise Group,2024-12-17,M365 E3,36.0,6,0.1,194.4,19,63.5,19.5,2,1,0,0,0.079,Low Risk
MS-14371,Mid-Market (51-500),Technology,North America,Azure Enterprise Group,2025-05-29,M365 Business Premium,22.0,452,0.1,8949.6,14,67.9,9954.0,3,0,1,0,0.03,Low Risk
MS-14372,SMB (1-50),Financial Services,North America,Satya Nadella Team,2026-07-20,M365 Business Standard,12.5,30,0.0,375.0,1,59.1,428.8,5,1,1,1,0.379,Medium Risk
MS-14373,Enterprise (500+),Financial Services,North America,Satya Nadella Team,2025-12-20,M365 Business Basic,6.0,1708,0.1,9223.2,7,62.5,12470.4,2,1,1,0,0.02,Low Risk
MS-14374,Mid-Market (51-500),Manufacturing,EMEA,Direct Digital,2024-11-09,M365 Business Standard,12.5,362,0.15,3846.25,20,46.3,129.7,2,0,1,0,0.078,Low Risk
MS-14375,Mid-Market (51-500),Retail,EMEA,Azure Enterprise Group,2025-09-22,M365 Business Basic,6.0,180,0.15,918.0,10,82.0,668.6,2,0,1,0,0.031,Low Risk
MS-14376,SMB (1-50),Technology,North America,Direct Digital,2025-02-13,M365 Business Standard,12.5,22,0.15,233.75,17,31.1,344.6,1,1,1,0,0.037,Low Risk
MS-14377,SMB (1-50),Financial Services,APAC,Satya Nadella Team,2024-10-28,M365 E3,36.0,25,0.0,900.0,21,55.5,215.5,1,0,1,0,0.069,Low Risk
MS-14378,SMB (1-50),Manufacturing,North America,Commercial Partner Org,2025-11-25,M365 E3,36.0,35,0.0,1260.0,8,67.2,240.2,1,0,1,0,0.036,Low Risk
MS-14379,SMB (1-50),Technology,EMEA,Azure Enterprise Group,2025-05-03,M365 Business Basic,6.0,30,0.15,153.0,14,91.4,135.5,3,0,1,0,0.039,Low Risk
MS-14380,SMB (1-50),Retail,North America,Commercial Partner Org,2024-10-15,M365 E5,57.0,34,0.2,1550.4,21,58.2,381.0,1,0,1,0,0.068,Low Risk
MS-14381,Mid-Market (51-500),Financial Services,North America,Satya Nadella Team,2026-07-16,M365 E5,57.0,451,0.1,23136.3,1,75.7,18361.8,1,0,0,0,0.118,Low Risk
MS-14382,SMB (1-50),Education,EMEA,Azure Enterprise Group,2025-09-18,M365 Business Standard,12.5,25,0.1,281.25,10,66.5,694.2,2,0,1,0,0.036,Low Risk
MS-14383,Mid-Market (51-500),Financial Services,EMEA,Direct Digital,2026-04-01,M365 Business Standard,12.5,236,0.1,2655.0,4,85.0,87.7,1,0,1,0,0.029,Low Risk
MS-14384,SMB (1-50),Financial Services,APAC,Direct Digital,2024-11-10,M365 E5,57.0,11,0.0,627.0,20,74.8,86.6,1,1,1,0,0.015,Low Risk
MS-14385,SMB (1-50),Technology,EMEA,Satya Nadella Team,2026-03-02,M365 Business Premium,22.0,26,0.0,572.0,5,82.9,124.7,5,0,1,1,0.124,Low Risk
MS-14386,Mid-Market (51-500),Technology,LATAM,Commercial Partner Org,2025-04-27,M365 Business Standard,12.5,268,0.0,3350.0,15,58.1,2298.1,2,0,1,0,0.078,Low Risk
MS-14387,Mid-Market (51-500),Technology,North America,Satya Nadella Team,2026-04-03,M365 Business Premium,22.0,472,0.1,9345.6,3,49.7,5278.5,2,0,1,0,0.123,Low Risk
MS-14388,SMB (1-50),Technology,North America,Commercial Partner Org,2024-12-17,M365 Business Basic,6.0,41,0.1,221.4,19,74.6,109.8,2,0,0,0,0.171,Low Risk
MS-14389,SMB (1-50),Manufacturing,North America,Satya Nadella Team,2025-03-27,M365 E3,36.0,18,0.0,648.0,16,59.2,328.6,3,0,1,0,0.072,Low Risk
MS-14390,Mid-Market (51-500),Healthcare,North America,Direct Digital,2025-06-29,M365 Business Standard,12.5,446,0.0,5575.0,13,68.5,3449.3,5,0,0,1,0.573,High Risk
MS-14391,SMB (1-50),Manufacturing,EMEA,Commercial Partner Org,2025-11-04,M365 Business Premium,22.0,33,0.2,580.8,8,73.7,1912.3,2,1,1,0,0.02,Low Risk
MS-14392,SMB (1-50),Financial Services,EMEA,Satya Nadella Team,2025-08-14,M365 Business Basic,6.0,48,0.0,288.0,11,90.4,14.7,1,1,1,0,0.03,Low Risk
MS-14393,Mid-Market (51-500),Manufacturing,North America,Azure Enterprise Group,2024-12-16,M365 Business Standard,12.5,105,0.2,1050.0,19,82.2,265.1,2,1,1,0,0.015,Low Risk
MS-14394,SMB (1-50),Retail,LATAM,Direct Digital,2026-02-10,M365 Business Standard,12.5,42,0.1,472.5,5,55.7,589.7,1,0,1,0,0.116,Low Risk
MS-14395,SMB (1-50),Education,APAC,Direct Digital,2025-10-11,M365 Business Standard,12.5,49,0.0,612.5,9,47.4,698.6,2,1,0,0,0.119,Low Risk
MS-14396,Enterprise (500+),Technology,North America,Azure Enterprise Group,2025-05-14,M365 E3,36.0,2478,0.0,89208.0,14,98.7,25951.3,3,1,1,0,0.011,Low Risk
MS-14397,Mid-Market (51-500),Retail,North America,Satya Nadella Team,2025-06-28,M365 Business Standard,12.5,95,0.1,1068.75,13,39.5,4074.5,0,1,1,0,0.021,Low Risk
MS-14398,SMB (1-50),Education,North America,Commercial Partner Org,2025-01-23,M365 Business Basic,6.0,21,0.1,113.4,18,59.9,135.2,2,0,1,0,0.07,Low Risk
MS-14399,Mid-Market (51-500),Retail,North America,Direct Digital,2026-07-08,M365 Business Premium,22.0,450,0.0,9900.0,1,79.6,2914.0,1,1,1,0,0.019,Low Risk
MS-14400,SMB (1-50),Financial Services,North America,Satya Nadella Team,2026-02-06,M365 Business Premium,22.0,37,0.0,814.0,5,97.5,1071.5,2,1,1,0,0.021,Low Risk
MS-14401,Mid-Market (51-500),Technology,EMEA,Azure Enterprise Group,2026-03-16,M365 Business Basic,6.0,329,0.0,1974.0,4,64.6,3052.4,0,0,1,0,0.05,Low Risk
MS-14402,Mid-Market (51-500),Retail,North America,Commercial Partner Org,2025-08-26,M365 Business Basic,6.0,374,0.1,2019.6,11,68.5,1959.2,1,1,1,0,0.033,Low Risk
MS-14403,SMB (1-50),Financial Services,North America,Satya Nadella Team,2026-02-06,M365 E5,57.0,42,0.0,2394.0,5,52.2,639.7,1,1,0,1,0.181,Low Risk
MS-14404,SMB (1-50),Technology,LATAM,Satya Nadella Team,2025-12-28,M365 Business Basic,6.0,36,0.1,194.4,7,70.3,417.6,1,1,1,0,0.019,Low Risk
MS-14405,SMB (1-50),Healthcare,EMEA,Direct Digital,2025-03-09,M365 E3,36.0,7,0.15,214.2,16,47.3,30.7,0,0,1,0,0.09,Low Risk
MS-14406,Mid-Market (51-500),Financial Services,LATAM,Direct Digital,2025-06-23,M365 Business Standard,12.5,56,0.0,700.0,13,54.5,237.7,3,1,1,0,0.024,Low Risk
MS-14407,Mid-Market (51-500),Manufacturing,North America,Commercial Partner Org,2024-12-02,M365 Business Premium,22.0,132,0.0,2904.0,19,81.8,797.6,1,0,1,0,0.03,Low Risk
MS-14408,SMB (1-50),Technology,North America,Satya Nadella Team,2025-01-08,M365 Business Basic,6.0,35,0.0,210.0,18,60.2,31.2,3,1,1,0,0.028,Low Risk
MS-14409,SMB (1-50),Retail,EMEA,Azure Enterprise Group,2025-12-28,M365 E3,36.0,13,0.0,468.0,7,84.5,445.8,3,0,1,0,0.03,Low Risk
MS-14410,SMB (1-50),Education,North America,Azure Enterprise Group,2025-10-14,M365 Business Basic,6.0,9,0.0,54.0,9,65.2,21.8,2,0,1,0,0.044,Low Risk
MS-14411,SMB (1-50),Retail,North America,Commercial Partner Org,2025-08-07,M365 Business Standard,12.5,32,0.0,400.0,11,43.4,82.7,3,0,0,0,0.287,Medium Risk
MS-14412,SMB (1-50),Manufacturing,EMEA,Satya Nadella Team,2025-04-02,M365 Business Basic,6.0,19,0.0,114.0,15,89.0,237.4,1,1,1,0,0.013,Low Risk
MS-14413,Mid-Market (51-500),Manufacturing,EMEA,Direct Digital,2025-07-27,M365 E3,36.0,288,0.0,10368.0,12,44.3,4452.2,1,0,1,0,0.102,Low Risk
MS-14414,Mid-Market (51-500),Retail,North America,Satya Nadella Team,2025-02-22,M365 E3,36.0,360,0.0,12960.0,17,57.2,5767.1,1,0,1,0,0.079,Low Risk
MS-14415,Enterprise (500+),Education,EMEA,Direct Digital,2025-11-18,M365 Business Standard,12.5,2352,0.15,24990.0,8,64.4,13268.8,3,0,0,0,0.158,Low Risk
MS-14416,Enterprise (500+),Technology,North America,Azure Enterprise Group,2025-03-20,M365 Business Standard,12.5,3430,0.0,42875.0,16,86.1,50000.0,1,0,1,0,0.031,Low Risk
MS-14417,Mid-Market (51-500),Financial Services,North America,Commercial Partner Org,2026-05-10,M365 E3,36.0,371,0.2,10684.8,2,58.5,3496.0,2,1,0,0,0.153,Low Risk
MS-14418,Mid-Market (51-500),Manufacturing,North America,Commercial Partner Org,2024-12-07,M365 E3,36.0,393,0.0,14148.0,19,51.3,2722.5,1,0,1,0,0.071,Low Risk
MS-14419,Enterprise (500+),Manufacturing,North America,Commercial Partner Org,2024-12-12,M365 Business Premium,22.0,1307,0.0,28754.0,19,70.9,26078.8,1,1,1,0,0.01,Low Risk
MS-14420,SMB (1-50),Manufacturing,North America,Direct Digital,2026-03-07,M365 E5,57.0,25,0.1,1282.5,4,64.1,83.7,1,0,1,0,0.037,Low Risk
MS-14421,SMB (1-50),Education,LATAM,Azure Enterprise Group,2025-01-29,M365 Business Standard,12.5,46,0.0,575.0,18,59.6,1086.0,2,0,1,0,0.068,Low Risk
MS-14422,SMB (1-50),Healthcare,EMEA,Azure Enterprise Group,2025-05-26,M365 Business Basic,6.0,27,0.15,137.7,14,71.9,250.8,0,1,1,0,0.014,Low Risk
MS-14423,Mid-Market (51-500),Education,EMEA,Commercial Partner Org,2025-08-18,M365 Business Basic,6.0,466,0.1,2516.4,11,46.3,12879.3,1,0,1,0,0.102,Low Risk
MS-14424,Mid-Market (51-500),Technology,North America,Commercial Partner Org,2025-12-11,M365 Business Premium,22.0,116,0.0,2552.0,7,37.0,313.4,1,0,0,1,0.421,Medium Risk
MS-14425,SMB (1-50),Technology,North America,Direct Digital,2025-06-05,M365 Business Standard,12.5,5,0.0,62.5,13,100.0,165.0,1,1,1,0,0.018,Low Risk
MS-14426,Mid-Market (51-500),Technology,North America,Direct Digital,2026-03-22,M365 Business Basic,6.0,406,0.15,2070.6,4,69.9,5672.7,2,0,1,0,0.041,Low Risk
MS-14427,Mid-Market (51-500),Technology,North America,Satya Nadella Team,2024-09-16,M365 Business Standard,12.5,479,0.15,5089.38,22,71.1,5536.4,0,1,1,0,0.015,Low Risk
MS-14428,SMB (1-50),Technology,North America,Direct Digital,2025-11-30,M365 Business Standard,12.5,32,0.0,400.0,8,53.9,210.5,2,0,1,0,0.116,Low Risk
MS-14429,SMB (1-50),Retail,APAC,Satya Nadella Team,2025-02-26,M365 Business Basic,6.0,41,0.1,221.4,17,84.2,1540.3,5,0,0,1,0.547,High Risk
MS-14430,SMB (1-50),Manufacturing,EMEA,Commercial Partner Org,2025-01-12,M365 Business Basic,6.0,15,0.1,81.0,18,58.4,105.6,1,1,1,0,0.034,Low Risk
MS-14431,SMB (1-50),Education,EMEA,Azure Enterprise Group,2025-05-16,M365 E5,57.0,26,0.15,1259.7,14,17.8,215.4,2,0,1,0,0.1,Low Risk
MS-14432,Mid-Market (51-500),Retail,EMEA,Direct Digital,2024-11-01,M365 Business Standard,12.5,118,0.15,1253.75,20,57.8,2153.7,3,0,1,0,0.069,Low Risk
MS-14433,Mid-Market (51-500),Education,APAC,Azure Enterprise Group,2025-12-26,M365 Business Basic,6.0,84,0.0,504.0,7,62.9,337.9,1,1,1,0,0.03,Low Risk
MS-14434,Mid-Market (51-500),Healthcare,North America,Direct Digital,2025-12-21,M365 Business Premium,22.0,51,0.15,953.7,7,64.9,210.9,4,0,1,0,0.05,Low Risk
MS-14435,Mid-Market (51-500),Financial Services,North America,Direct Digital,2026-05-28,M365 E3,36.0,201,0.2,5788.8,2,64.4,3601.1,2,0,1,0,0.031,Low Risk
MS-14436,Mid-Market (51-500),Manufacturing,North America,Satya Nadella Team,2024-10-12,M365 Business Premium,22.0,440,0.0,9680.0,21,56.4,726.7,2,1,1,0,0.023,Low Risk
MS-14437,Mid-Market (51-500),Healthcare,APAC,Direct Digital,2025-09-08,M365 Business Standard,12.5,322,0.1,3622.5,10,54.7,6690.1,0,1,1,0,0.031,Low Risk
MS-14438,Mid-Market (51-500),Retail,LATAM,Commercial Partner Org,2025-09-08,M365 E3,36.0,308,0.0,11088.0,10,62.6,3626.9,1,0,1,0,0.069,Low Risk
MS-14439,Mid-Market (51-500),Financial Services,North America,Azure Enterprise Group,2025-06-26,M365 Business Standard,12.5,288,0.0,3600.0,13,38.4,2676.8,3,0,1,1,0.087,Low Risk
MS-14440,Mid-Market (51-500),Healthcare,APAC,Direct Digital,2024-10-22,M365 Business Standard,12.5,166,0.1,1867.5,21,32.8,518.3,3,0,1,0,0.088,Low Risk
MS-14441,SMB (1-50),Education,APAC,Azure Enterprise Group,2025-09-14,M365 Business Premium,22.0,6,0.0,132.0,10,69.8,111.1,2,1,1,0,0.018,Low Risk
MS-14442,Mid-Market (51-500),Financial Services,North America,Azure Enterprise Group,2025-07-09,M365 Business Premium,22.0,333,0.15,6227.1,12,70.1,6531.5,0,0,1,0,0.028,Low Risk
MS-14443,SMB (1-50),Education,North America,Azure Enterprise Group,2026-04-02,M365 Business Premium,22.0,17,0.0,374.0,3,83.8,134.6,4,1,1,0,0.028,Low Risk
MS-14444,Mid-Market (51-500),Healthcare,North America,Direct Digital,2024-10-29,M365 E5,57.0,334,0.1,17134.2,21,63.4,1975.7,1,0,1,0,0.061,Low Risk
MS-14445,SMB (1-50),Retail,LATAM,Satya Nadella Team,2025-07-01,M365 Business Premium,22.0,13,0.0,286.0,13,46.5,44.1,4,0,0,1,0.303,Medium Risk
MS-14446,SMB (1-50),Education,North America,Azure Enterprise Group,2024-10-05,M365 E3,36.0,31,0.1,1004.4,21,33.1,522.1,2,0,1,0,0.087,Low Risk
MS-14447,Enterprise (500+),Financial Services,APAC,Azure Enterprise Group,2026-06-10,M365 Business Premium,22.0,1509,0.0,33198.0,1,52.0,18472.5,0,0,1,0,0.085,Low Risk
MS-14448,SMB (1-50),Healthcare,North America,Direct Digital,2026-04-11,M365 Business Standard,12.5,10,0.2,100.0,3,75.6,27.8,2,1,0,0,0.048,Low Risk
MS-14449,SMB (1-50),Education,EMEA,Direct Digital,2026-01-06,M365 Business Standard,12.5,40,0.15,425.0,6,93.9,759.4,2,1,1,0,0.02,Low Risk
MS-14450,SMB (1-50),Retail,North America,Commercial Partner Org,2026-01-04,M365 Business Basic,6.0,28,0.0,168.0,6,69.0,718.6,1,0,1,0,0.033,Low Risk
MS-14451,Mid-Market (51-500),Manufacturing,EMEA,Commercial Partner Org,2025-04-09,M365 Business Basic,6.0,87,0.0,522.0,15,46.2,63.8,3,0,0,0,0.261,Medium Risk
MS-14452,Mid-Market (51-500),Retail,APAC,Satya Nadella Team,2026-04-20,M365 E3,36.0,421,0.0,15156.0,3,52.2,7478.3,2,0,1,0,0.119,Low Risk
MS-14453,Mid-Market (51-500),Retail,APAC,Satya Nadella Team,2025-01-01,M365 Business Premium,22.0,203,0.1,4019.4,18,52.7,4667.3,2,0,1,0,0.081,Low Risk
MS-14454,Mid-Market (51-500),Manufacturing,APAC,Satya Nadella Team,2024-12-11,M365 Business Basic,6.0,295,0.0,1770.0,19,60.7,16880.9,1,0,1,0,0.085,Low Risk
MS-14455,SMB (1-50),Retail,North America,Satya Nadella Team,2026-01-28,M365 Business Standard,12.5,17,0.0,212.5,6,88.2,55.3,4,0,1,0,0.038,Low Risk
MS-14456,SMB (1-50),Manufacturing,EMEA,Azure Enterprise Group,2025-07-10,M365 Business Basic,6.0,15,0.1,81.0,12,89.6,83.5,3,1,1,0,0.017,Low Risk
MS-14457,SMB (1-50),Manufacturing,North America,Direct Digital,2026-01-19,M365 E3,36.0,12,0.0,432.0,6,64.9,487.7,0,0,1,0,0.036,Low Risk
MS-14458,Mid-Market (51-500),Education,North America,Commercial Partner Org,2026-01-07,M365 Business Basic,6.0,387,0.0,2322.0,6,71.3,458.5,4,0,1,0,0.034,Low Risk
MS-14459,Mid-Market (51-500),Education,EMEA,Azure Enterprise Group,2026-06-22,M365 Business Premium,22.0,112,0.15,2094.4,1,53.6,996.9,2,0,1,0,0.132,Low Risk
MS-14460,SMB (1-50),Manufacturing,North America,Direct Digital,2025-03-18,M365 Business Premium,22.0,6,0.0,132.0,16,37.2,50.9,6,0,1,0,0.305,Medium Risk
MS-14461,SMB (1-50),Healthcare,EMEA,Direct Digital,2026-05-26,M365 Business Standard,12.5,5,0.0,62.5,2,100.0,56.0,2,1,1,0,0.02,Low Risk
MS-14462,SMB (1-50),Financial Services,LATAM,Azure Enterprise Group,2026-07-13,M365 Business Standard,12.5,15,0.1,168.75,1,26.2,72.3,2,1,0,0,0.242,Medium Risk
MS-14463,Mid-Market (51-500),Healthcare,North America,Azure Enterprise Group,2026-01-26,M365 Business Standard,12.5,308,0.15,3272.5,6,35.0,9619.2,4,0,1,0,0.139,Low Risk
MS-14464,SMB (1-50),Manufacturing,EMEA,Commercial Partner Org,2025-07-27,M365 E3,36.0,36,0.1,1166.4,12,100.0,136.0,0,1,1,0,0.017,Low Risk
MS-14465,SMB (1-50),Financial Services,North America,Satya Nadella Team,2026-05-14,M365 E3,36.0,19,0.0,684.0,2,68.3,239.2,2,0,1,0,0.038,Low Risk
MS-14466,SMB (1-50),Education,North America,Satya Nadella Team,2025-07-24,M365 Business Premium,22.0,16,0.2,281.6,12,47.7,131.5,1,0,1,0,0.085,Low Risk
MS-14467,Mid-Market (51-500),Financial Services,North America,Commercial Partner Org,2024-09-10,M365 Business Premium,22.0,361,0.1,7147.8,22,80.3,1343.6,1,1,1,0,0.015,Low Risk
MS-14468,Mid-Market (51-500),Manufacturing,LATAM,Commercial Partner Org,2025-01-05,M365 Business Basic,6.0,62,0.0,372.0,18,81.9,155.7,1,0,1,0,0.031,Low Risk
MS-14469,SMB (1-50),Education,APAC,Satya Nadella Team,2026-07-01,M365 Business Basic,6.0,48,0.0,288.0,1,44.0,1806.6,4,0,0,0,0.268,Medium Risk
MS-14470,Mid-Market (51-500),Financial Services,APAC,Azure Enterprise Group,2025-04-19,M365 E3,36.0,294,0.0,10584.0,15,58.4,2906.8,3,0,1,0,0.078,Low Risk
MS-14471,Mid-Market (51-500),Financial Services,LATAM,Satya Nadella Team,2024-09-15,M365 E3,36.0,289,0.0,10404.0,22,83.8,3214.2,1,0,1,0,0.028,Low Risk
MS-14472,Enterprise (500+),Healthcare,North America,Direct Digital,2025-12-31,M365 Business Premium,22.0,704,0.1,13939.2,7,53.3,12903.3,1,0,1,1,0.135,Low Risk
MS-14473,SMB (1-50),Financial Services,North America,Direct Digital,2025-11-16,M365 Business Premium,22.0,9,0.0,198.0,8,73.1,10.0,1,0,1,0,0.057,Low Risk
MS-14474,Mid-Market (51-500),Manufacturing,EMEA,Commercial Partner Org,2026-03-12,M365 Business Standard,12.5,285,0.0,3562.5,4,93.6,4278.2,2,0,1,0,0.034,Low Risk
MS-14475,SMB (1-50),Technology,EMEA,Satya Nadella Team,2025-06-01,M365 Business Basic,6.0,29,0.0,174.0,14,24.9,62.8,2,0,1,0,0.099,Low Risk
MS-14476,SMB (1-50),Technology,North America,Satya Nadella Team,2026-05-11,M365 Business Premium,22.0,42,0.0,924.0,2,61.9,679.9,1,0,0,1,0.245,Medium Risk
MS-14477,Mid-Market (51-500),Technology,North America,Direct Digital,2024-09-03,M365 E5,57.0,153,0.0,8721.0,22,72.7,279.7,3,1,1,0,0.024,Low Risk
MS-14478,SMB (1-50),Manufacturing,EMEA,Satya Nadella Team,2025-07-23,M365 Business Standard,12.5,11,0.15,116.88,12,35.7,235.8,1,0,1,1,0.157,Low Risk
MS-14479,SMB (1-50),Technology,EMEA,Commercial Partner Org,2025-05-11,M365 Business Standard,12.5,22,0.0,275.0,14,58.5,301.7,3,1,1,0,0.022,Low Risk
MS-14480,SMB (1-50),Healthcare,North America,Commercial Partner Org,2026-02-16,M365 Business Standard,12.5,6,0.15,63.75,5,86.8,35.1,0,1,0,0,0.04,Low Risk
MS-14481,SMB (1-50),Manufacturing,EMEA,Direct Digital,2024-10-25,M365 Business Basic,6.0,14,0.2,67.2,21,55.3,74.7,1,0,0,1,0.48,Medium Risk
MS-14482,SMB (1-50),Education,EMEA,Satya Nadella Team,2025-11-22,M365 Business Standard,12.5,48,0.1,540.0,8,41.3,92.9,5,0,1,0,0.307,Medium Risk
MS-14483,SMB (1-50),Manufacturing,EMEA,Satya Nadella Team,2025-06-24,M365 E5,57.0,6,0.0,342.0,13,88.4,168.8,4,0,1,0,0.047,Low Risk
MS-14484,Mid-Market (51-500),Manufacturing,North America,Direct Digital,2026-05-15,M365 E3,36.0,462,0.0,16632.0,2,76.0,699.5,1,1,1,0,0.018,Low Risk
MS-14485,Mid-Market (51-500),Financial Services,EMEA,Azure Enterprise Group,2025-09-08,M365 E3,36.0,149,0.0,5364.0,10,66.8,1142.2,2,1,1,0,0.017,Low Risk
MS-14486,SMB (1-50),Financial Services,North America,Azure Enterprise Group,2025-12-13,M365 Business Premium,22.0,11,0.0,242.0,7,66.2,35.6,3,1,0,0,0.041,Low Risk
MS-14487,Mid-Market (51-500),Financial Services,North America,Satya Nadella Team,2025-01-14,M365 Business Standard,12.5,295,0.0,3687.5,18,86.5,19848.4,5,1,0,0,0.152,Low Risk
MS-14488,Enterprise (500+),Retail,APAC,Commercial Partner Org,2025-05-04,M365 E5,57.0,537,0.0,30609.0,14,73.3,5680.5,1,0,1,0,0.029,Low Risk
MS-14489,SMB (1-50),Healthcare,EMEA,Azure Enterprise Group,2024-11-09,M365 Business Standard,12.5,12,0.0,150.0,20,79.6,23.3,2,0,1,0,0.027,Low Risk
MS-14490,SMB (1-50),Manufacturing,North America,Satya Nadella Team,2025-12-25,M365 E5,57.0,25,0.0,1425.0,7,55.5,330.4,1,0,1,0,0.116,Low Risk
MS-14491,Mid-Market (51-500),Manufacturing,EMEA,Azure Enterprise Group,2026-02-12,M365 E3,36.0,118,0.0,4248.0,5,33.5,6769.3,2,1,1,0,0.042,Low Risk
MS-14492,Mid-Market (51-500),Financial Services,EMEA,Direct Digital,2026-01-03,M365 Business Standard,12.5,442,0.0,5525.0,6,79.2,4927.3,4,0,1,0,0.031,Low Risk
MS-14493,SMB (1-50),Manufacturing,APAC,Azure Enterprise Group,2026-01-16,M365 Business Standard,12.5,16,0.0,200.0,6,87.8,117.4,2,1,1,0,0.015,Low Risk
MS-14494,SMB (1-50),Education,EMEA,Azure Enterprise Group,2026-07-30,M365 Business Standard,12.5,15,0.1,168.75,1,64.0,62.5,4,1,1,0,0.033,Low Risk
MS-14495,Mid-Market (51-500),Manufacturing,EMEA,Direct Digital,2024-12-26,M365 Business Basic,6.0,342,0.0,2052.0,19,84.0,396.6,1,0,1,0,0.036,Low Risk
MS-14496,Enterprise (500+),Technology,EMEA,Commercial Partner Org,2025-05-15,M365 Business Standard,12.5,1314,0.1,14782.5,14,62.0,4085.3,3,0,1,0,0.061,Low Risk
MS-14497,SMB (1-50),Education,North America,Satya Nadella Team,2026-04-30,M365 E3,36.0,38,0.0,1368.0,3,66.4,367.8,1,0,1,0,0.038,Low Risk
MS-14498,Enterprise (500+),Education,North America,Commercial Partner Org,2025-11-02,M365 E3,36.0,1624,0.1,52617.6,8,99.5,27313.5,0,0,1,0,0.028,Low Risk
MS-14499,SMB (1-50),Manufacturing,North America,Commercial Partner Org,2024-12-24,M365 Business Standard,12.5,36,0.0,450.0,19,62.8,908.6,1,0,0,0,0.217,Medium Risk
MS-14500,SMB (1-50),Retail,EMEA,Azure Enterprise Group,2026-01-07,M365 Business Standard,12.5,7,0.15,74.38,6,61.7,132.6,4,1,1,0,0.065,Low Risk
MS-14501,SMB (1-50),Financial Services,EMEA,Satya Nadella Team,2024-11-01,M365 Business Premium,22.0,32,0.0,704.0,20,34.3,51.5,4,0,1,0,0.094,Low Risk
MS-14502,Mid-Market (51-500),Healthcare,North America,Azure Enterprise Group,2026-01-10,M365 Business Standard,12.5,262,0.1,2947.5,6,80.4,4668.3,3,1,0,0,0.034,Low Risk
MS-14503,SMB (1-50),Healthcare,North America,Direct Digital,2026-05-29,M365 Business Standard,12.5,16,0.0,200.0,2,55.2,167.3,3,1,1,0,0.043,Low Risk
MS-14504,SMB (1-50),Technology,EMEA,Commercial Partner Org,2024-11-19,M365 Business Premium,22.0,28,0.15,523.6,20,70.7,212.8,0,1,1,0,0.015,Low Risk
MS-14505,Enterprise (500+),Healthcare,North America,Commercial Partner Org,2026-06-21,M365 Business Standard,12.5,2532,0.0,31650.0,1,62.3,25839.1,0,0,0,0,0.153,Low Risk
MS-14506,Enterprise (500+),Healthcare,EMEA,Direct Digital,2025-12-29,M365 Business Basic,6.0,2179,0.0,13074.0,7,60.0,212.0,0,1,1,0,0.027,Low Risk
MS-14507,SMB (1-50),Financial Services,North America,Satya Nadella Team,2024-09-22,M365 Business Standard,12.5,8,0.0,100.0,22,65.9,10.0,1,0,0,1,0.289,Medium Risk
MS-14508,SMB (1-50),Financial Services,EMEA,Commercial Partner Org,2026-04-18,M365 Business Standard,12.5,34,0.1,382.5,3,67.3,304.5,2,0,1,0,0.038,Low Risk
MS-14509,Mid-Market (51-500),Retail,LATAM,Commercial Partner Org,2025-07-21,M365 Business Standard,12.5,94,0.0,1175.0,12,89.2,215.1,0,0,1,0,0.031,Low Risk
MS-14510,Mid-Market (51-500),Technology,North America,Satya Nadella Team,2026-01-30,M365 Business Standard,12.5,481,0.1,5411.25,6,95.4,4552.1,2,0,0,0,0.111,Low Risk
MS-14511,SMB (1-50),Healthcare,EMEA,Azure Enterprise Group,2025-05-19,M365 Business Standard,12.5,12,0.15,127.5,14,79.7,63.0,2,0,1,0,0.024,Low Risk
MS-14512,Enterprise (500+),Retail,North America,Direct Digital,2025-01-07,M365 E3,36.0,1773,0.0,63828.0,18,90.9,50000.0,2,0,1,0,0.025,Low Risk
MS-14513,SMB (1-50),Technology,EMEA,Satya Nadella Team,2026-05-19,M365 Business Premium,22.0,20,0.0,440.0,2,83.4,717.5,1,0,1,0,0.033,Low Risk
MS-14514,Mid-Market (51-500),Education,EMEA,Direct Digital,2025-06-11,M365 Business Premium,22.0,387,0.15,7236.9,13,76.9,18117.6,1,0,1,0,0.036,Low Risk
MS-14515,SMB (1-50),Healthcare,North America,Direct Digital,2024-10-17,M365 Business Standard,12.5,28,0.0,350.0,21,94.2,770.1,1,1,1,0,0.016,Low Risk
MS-14516,Mid-Market (51-500),Healthcare,EMEA,Commercial Partner Org,2025-03-07,M365 Business Basic,6.0,221,0.15,1127.1,16,44.4,11300.0,1,1,1,0,0.027,Low Risk
MS-14517,SMB (1-50),Financial Services,APAC,Satya Nadella Team,2024-09-19,M365 Business Standard,12.5,36,0.0,450.0,22,55.7,529.1,0,0,1,0,0.071,Low Risk
MS-14518,Mid-Market (51-500),Manufacturing,North America,Direct Digital,2026-04-22,M365 E3,36.0,233,0.0,8388.0,3,53.2,9038.1,2,1,1,0,0.04,Low Risk
MS-14519,Enterprise (500+),Technology,North America,Azure Enterprise Group,2026-06-16,M365 Business Standard,12.5,2077,0.0,25962.5,1,62.6,25588.0,2,1,1,1,0.016,Low Risk
MS-14520,SMB (1-50),Healthcare,APAC,Direct Digital,2024-09-08,M365 Business Premium,22.0,25,0.1,495.0,22,80.3,497.0,1,0,0,0,0.175,Low Risk
MS-14521,Mid-Market (51-500),Technology,EMEA,Commercial Partner Org,2024-10-07,M365 Business Basic,6.0,425,0.15,2167.5,21,47.9,721.4,3,0,1,0,0.079,Low Risk
MS-14522,SMB (1-50),Retail,APAC,Azure Enterprise Group,2026-04-21,M365 E5,57.0,40,0.0,2280.0,3,77.1,550.8,1,0,0,1,0.206,Medium Risk
MS-14523,Enterprise (500+),Retail,EMEA,Azure Enterprise Group,2024-11-11,M365 E5,57.0,2142,0.0,122094.0,20,57.4,50000.0,0,0,1,0,0.066,Low Risk
MS-14524,Enterprise (500+),Manufacturing,APAC,Satya Nadella Team,2025-09-16,M365 Business Basic,6.0,800,0.2,3840.0,10,61.8,7455.7,0,0,0,0,0.182,Low Risk
MS-14525,Mid-Market (51-500),Healthcare,North America,Azure Enterprise Group,2025-05-24,M365 Business Premium,22.0,91,0.1,1801.8,14,71.6,225.8,1,0,0,0,0.197,Low Risk
MS-14526,Mid-Market (51-500),Financial Services,EMEA,Satya Nadella Team,2024-11-06,M365 Business Basic,6.0,356,0.0,2136.0,20,98.3,3197.3,1,1,1,0,0.032,Low Risk
MS-14527,Enterprise (500+),Healthcare,APAC,Satya Nadella Team,2026-06-15,M365 Business Premium,22.0,901,0.0,19822.0,1,55.2,13270.4,2,1,1,0,0.034,Low Risk
MS-14528,SMB (1-50),Technology,EMEA,Azure Enterprise Group,2024-11-03,M365 Business Basic,6.0,14,0.15,71.4,20,66.6,246.8,1,1,1,0,0.021,Low Risk
MS-14529,SMB (1-50),Education,North America,Satya Nadella Team,2024-09-30,M365 Business Basic,6.0,30,0.1,162.0,22,48.6,267.0,2,1,0,1,0.223,Medium Risk
MS-14530,Mid-Market (51-500),Retail,North America,Satya Nadella Team,2026-03-11,M365 Business Basic,6.0,323,0.0,1938.0,4,55.0,950.0,2,1,1,1,0.042,Low Risk
MS-14531,SMB (1-50),Technology,North America,Azure Enterprise Group,2026-06-08,M365 E5,57.0,7,0.0,399.0,1,48.4,219.5,0,0,1,0,0.15,Low Risk
MS-14532,Mid-Market (51-500),Manufacturing,North America,Commercial Partner Org,2024-09-16,M365 E3,36.0,235,0.1,7614.0,22,72.4,4189.2,2,0,1,0,0.033,Low Risk
MS-14533,Mid-Market (51-500),Retail,North America,Direct Digital,2025-06-05,M365 Business Basic,6.0,373,0.0,2238.0,13,75.7,1412.9,1,0,0,1,0.203,Medium Risk
MS-14534,SMB (1-50),Financial Services,EMEA,Satya Nadella Team,2025-06-04,M365 Business Premium,22.0,36,0.1,712.8,13,80.4,721.6,4,0,1,0,0.038,Low Risk
MS-14535,SMB (1-50),Retail,EMEA,Satya Nadella Team,2025-04-09,M365 Business Basic,6.0,7,0.1,37.8,15,54.4,35.9,1,1,1,0,0.061,Low Risk
MS-14536,SMB (1-50),Education,North America,Azure Enterprise Group,2025-03-12,M365 Business Standard,12.5,8,0.1,90.0,16,77.1,36.0,0,0,1,0,0.021,Low Risk
MS-14537,Mid-Market (51-500),Healthcare,EMEA,Direct Digital,2026-07-02,M365 E3,36.0,140,0.0,5040.0,1,70.0,3340.4,0,1,0,0,0.038,Low Risk
MS-14538,SMB (1-50),Education,North America,Direct Digital,2024-09-24,M365 Business Basic,6.0,13,0.1,70.2,22,67.0,322.2,2,0,1,0,0.035,Low Risk
MS-14539,SMB (1-50),Education,North America,Satya Nadella Team,2025-01-19,M365 Business Premium,22.0,30,0.1,594.0,18,45.7,183.0,1,0,0,0,0.309,Medium Risk
MS-14540,Mid-Market (51-500),Healthcare,North America,Azure Enterprise Group,2024-09-26,M365 Business Standard,12.5,468,0.0,5850.0,22,70.8,50.3,2,1,1,0,0.015,Low Risk
MS-14541,Enterprise (500+),Retail,EMEA,Commercial Partner Org,2024-12-07,M365 Business Basic,6.0,590,0.0,3540.0,19,71.3,1461.9,2,1,1,0,0.013,Low Risk
MS-14542,Enterprise (500+),Manufacturing,North America,Direct Digital,2025-06-03,M365 Business Standard,12.5,564,0.0,7050.0,13,69.8,16244.3,1,0,1,0,0.027,Low Risk
MS-14543,Enterprise (500+),Healthcare,North America,Commercial Partner Org,2026-03-27,M365 E5,57.0,1612,0.0,91884.0,4,75.2,44300.8,3,1,1,0,0.016,Low Risk
MS-14544,Mid-Market (51-500),Healthcare,North America,Azure Enterprise Group,2025-05-01,M365 E3,36.0,326,0.1,10562.4,15,80.5,2362.6,0,0,1,0,0.026,Low Risk
MS-14545,SMB (1-50),Financial Services,APAC,Commercial Partner Org,2025-11-07,M365 Business Basic,6.0,39,0.0,234.0,8,48.2,169.7,0,1,1,0,0.03,Low Risk
MS-14546,Enterprise (500+),Retail,North America,Azure Enterprise Group,2024-09-09,M365 E3,36.0,2080,0.2,59904.0,22,64.1,9000.8,2,1,1,0,0.012,Low Risk
MS-14547,SMB (1-50),Healthcare,EMEA,Satya Nadella Team,2025-05-30,M365 E5,57.0,37,0.1,1898.1,14,77.3,1010.1,4,1,0,0,0.055,Low Risk
MS-14548,Mid-Market (51-500),Manufacturing,EMEA,Commercial Partner Org,2024-10-02,M365 Business Standard,12.5,359,0.0,4487.5,21,63.2,1691.5,2,0,1,0,0.055,Low Risk
MS-14549,Mid-Market (51-500),Technology,APAC,Satya Nadella Team,2026-04-28,M365 Business Standard,12.5,99,0.0,1237.5,3,85.3,851.3,1,0,0,0,0.177,Low Risk
MS-14550,Mid-Market (51-500),Retail,LATAM,Satya Nadella Team,2025-12-23,M365 Business Basic,6.0,310,0.0,1860.0,7,69.6,4884.7,3,0,1,0,0.037,Low Risk
MS-14551,SMB (1-50),Financial Services,North America,Azure Enterprise Group,2025-01-06,M365 Business Standard,12.5,40,0.0,500.0,18,32.8,112.8,2,0,0,0,0.33,Medium Risk
MS-14552,SMB (1-50),Education,North America,Commercial Partner Org,2024-09-17,M365 Business Premium,22.0,18,0.0,396.0,22,83.1,63.2,1,0,1,0,0.026,Low Risk
MS-14553,Mid-Market (51-500),Healthcare,APAC,Direct Digital,2026-03-07,M365 Business Standard,12.5,423,0.1,4758.75,4,65.9,2250.0,0,1,1,0,0.023,Low Risk
MS-14554,SMB (1-50),Manufacturing,EMEA,Commercial Partner Org,2025-12-17,M365 Business Basic,6.0,49,0.1,264.6,7,36.1,624.4,4,0,1,0,0.146,Low Risk
MS-14555,Enterprise (500+),Retail,EMEA,Direct Digital,2025-06-28,M365 Business Standard,12.5,2002,0.0,25025.0,13,63.5,40863.7,1,0,0,1,0.209,Medium Risk
MS-14556,Mid-Market (51-500),Manufacturing,EMEA,Satya Nadella Team,2024-10-12,M365 Business Standard,12.5,424,0.0,5300.0,21,45.2,4025.7,3,0,1,0,0.074,Low Risk
MS-14557,Mid-Market (51-500),Manufacturing,EMEA,Satya Nadella Team,2024-10-22,M365 Business Premium,22.0,302,0.0,6644.0,21,81.6,516.9,2,1,1,0,0.012,Low Risk
MS-14558,Enterprise (500+),Education,LATAM,Azure Enterprise Group,2025-03-07,M365 Business Premium,22.0,1618,0.0,35596.0,16,67.4,11475.5,3,0,0,0,0.16,Low Risk
MS-14559,Mid-Market (51-500),Financial Services,LATAM,Direct Digital,2025-01-29,M365 Business Basic,6.0,132,0.0,792.0,18,51.4,216.4,2,0,0,0,0.271,Medium Risk
MS-14560,SMB (1-50),Retail,EMEA,Commercial Partner Org,2025-05-02,M365 Business Standard,12.5,25,0.0,312.5,15,82.6,27.7,1,1,1,0,0.019,Low Risk
MS-14561,SMB (1-50),Healthcare,North America,Azure Enterprise Group,2026-01-04,M365 Business Standard,12.5,38,0.0,475.0,6,76.3,406.1,2,0,0,0,0.175,Low Risk
MS-14562,Mid-Market (51-500),Financial Services,APAC,Azure Enterprise Group,2025-01-05,M365 E5,57.0,375,0.1,19237.5,18,63.8,14077.8,2,0,1,0,0.04,Low Risk
MS-14563,Enterprise (500+),Healthcare,North America,Azure Enterprise Group,2025-10-14,M365 Business Standard,12.5,2739,0.0,34237.5,9,45.6,50000.0,2,1,0,0,0.128,Low Risk
MS-14564,Mid-Market (51-500),Technology,North America,Commercial Partner Org,2026-05-05,M365 Business Basic,6.0,219,0.2,1051.2,2,52.8,3913.9,0,0,1,0,0.112,Low Risk
MS-14565,Enterprise (500+),Manufacturing,APAC,Azure Enterprise Group,2025-08-10,M365 Business Basic,6.0,2244,0.0,13464.0,11,52.6,34965.7,3,0,1,0,0.085,Low Risk
MS-14566,SMB (1-50),Technology,North America,Commercial Partner Org,2026-04-14,M365 Business Standard,12.5,35,0.15,371.88,3,81.4,955.2,2,0,1,0,0.03,Low Risk
MS-14567,SMB (1-50),Manufacturing,North America,Azure Enterprise Group,2026-07-27,M365 Business Basic,6.0,15,0.15,76.5,1,37.7,251.6,3,0,1,0,0.153,Low Risk
MS-14568,SMB (1-50),Education,North America,Direct Digital,2024-12-07,M365 Business Premium,22.0,12,0.0,264.0,19,67.1,142.0,2,0,1,0,0.031,Low Risk
MS-14569,Mid-Market (51-500),Financial Services,APAC,Satya Nadella Team,2024-11-07,M365 E3,36.0,385,0.0,13860.0,20,63.5,2095.8,5,1,1,0,0.076,Low Risk
MS-14570,SMB (1-50),Healthcare,EMEA,Direct Digital,2024-09-28,M365 Business Standard,12.5,24,0.15,255.0,22,86.6,30.6,1,0,1,0,0.026,Low Risk
MS-14571,SMB (1-50),Education,EMEA,Direct Digital,2024-09-29,M365 Business Premium,22.0,42,0.0,924.0,22,72.2,311.5,1,0,1,0,0.03,Low Risk
MS-14572,Mid-Market (51-500),Healthcare,North America,Azure Enterprise Group,2026-05-27,M365 Business Premium,22.0,199,0.1,3940.2,2,77.6,6178.7,5,0,1,0,0.13,Low Risk
MS-14573,SMB (1-50),Financial Services,APAC,Direct Digital,2025-03-31,M365 Business Standard,12.5,17,0.15,180.62,16,58.5,178.5,1,0,1,0,0.068,Low Risk
MS-14574,Mid-Market (51-500),Retail,APAC,Direct Digital,2026-07-20,M365 Business Basic,6.0,276,0.15,1407.6,1,45.8,675.5,1,0,1,0,0.135,Low Risk
MS-14575,SMB (1-50),Technology,North America,Direct Digital,2026-05-10,M365 Business Basic,6.0,47,0.0,282.0,2,62.1,590.5,4,0,0,0,0.213,Medium Risk
MS-14576,SMB (1-50),Technology,North America,Azure Enterprise Group,2025-12-24,M365 E3,36.0,14,0.2,403.2,7,82.0,105.2,0,1,0,0,0.045,Low Risk
MS-14577,SMB (1-50),Healthcare,North America,Commercial Partner Org,2024-11-11,M365 E3,36.0,12,0.2,345.6,20,81.9,385.8,2,0,1,0,0.025,Low Risk
MS-14578,Enterprise (500+),Healthcare,LATAM,Satya Nadella Team,2026-01-04,M365 Business Basic,6.0,711,0.0,4266.0,6,60.2,1497.1,1,1,0,0,0.115,Low Risk
MS-14579,SMB (1-50),Healthcare,EMEA,Satya Nadella Team,2024-12-19,M365 Business Basic,6.0,47,0.1,253.8,19,52.5,702.1,2,0,1,0,0.071,Low Risk
MS-14580,SMB (1-50),Financial Services,LATAM,Commercial Partner Org,2024-12-22,M365 E3,36.0,24,0.0,864.0,19,49.0,329.6,2,1,1,0,0.022,Low Risk
MS-14581,SMB (1-50),Retail,North America,Commercial Partner Org,2025-10-02,M365 Business Standard,12.5,21,0.0,262.5,9,65.5,1034.9,1,0,1,0,0.037,Low Risk
MS-14582,SMB (1-50),Technology,APAC,Direct Digital,2025-04-20,M365 E3,36.0,15,0.1,486.0,15,70.5,149.8,3,1,1,0,0.018,Low Risk
MS-14583,Enterprise (500+),Education,APAC,Satya Nadella Team,2024-10-13,M365 Business Basic,6.0,1507,0.1,8137.8,21,94.5,37115.7,1,0,1,0,0.027,Low Risk
MS-14584,SMB (1-50),Manufacturing,EMEA,Commercial Partner Org,2025-05-23,M365 E5,57.0,41,0.0,2337.0,14,70.2,12.3,0,0,0,0,0.154,Low Risk
MS-14585,Enterprise (500+),Financial Services,LATAM,Direct Digital,2024-10-16,M365 E3,36.0,1345,0.1,43578.0,21,79.0,2116.4,2,0,0,0,0.14,Low Risk
MS-14586,SMB (1-50),Technology,North America,Satya Nadella Team,2026-03-24,M365 Business Basic,6.0,36,0.1,194.4,4,54.0,183.4,3,1,0,0,0.139,Low Risk
MS-14587,Enterprise (500+),Retail,North America,Azure Enterprise Group,2025-04-13,M365 Business Premium,22.0,898,0.0,19756.0,15,68.8,10407.6,4,1,1,0,0.024,Low Risk
MS-14588,Mid-Market (51-500),Financial Services,EMEA,Azure Enterprise Group,2026-06-14,M365 Business Basic,6.0,439,0.1,2370.6,1,70.5,3140.6,4,0,0,0,0.145,Low Risk
MS-14589,Mid-Market (51-500),Education,EMEA,Satya Nadella Team,2024-12-10,M365 Business Standard,12.5,388,0.1,4365.0,19,65.5,1054.7,2,1,1,0,0.016,Low Risk
MS-14590,Mid-Market (51-500),Technology,EMEA,Satya Nadella Team,2025-06-08,M365 Business Premium,22.0,410,0.0,9020.0,13,67.6,4377.1,2,1,1,0,0.015,Low Risk
MS-14591,SMB (1-50),Financial Services,North America,Azure Enterprise Group,2025-04-26,M365 Business Standard,12.5,7,0.0,87.5,15,70.3,70.3,1,0,0,0,0.201,Medium Risk
MS-14592,Mid-Market (51-500),Technology,EMEA,Azure Enterprise Group,2026-04-24,M365 Business Premium,22.0,263,0.0,5786.0,3,76.7,2345.8,1,1,1,0,0.018,Low Risk
MS-14593,SMB (1-50),Technology,North America,Satya Nadella Team,2025-05-04,M365 Business Basic,6.0,46,0.15,234.6,14,89.0,52.4,2,1,1,0,0.021,Low Risk
MS-14594,SMB (1-50),Retail,North America,Direct Digital,2026-07-23,M365 Business Premium,22.0,11,0.0,242.0,1,27.2,345.5,6,0,1,1,0.707,High Risk
MS-14595,Mid-Market (51-500),Manufacturing,EMEA,Commercial Partner Org,2024-12-08,M365 Business Standard,12.5,395,0.0,4937.5,19,88.0,4252.3,2,1,1,0,0.014,Low Risk
MS-14596,SMB (1-50),Retail,EMEA,Commercial Partner Org,2025-03-19,M365 E3,36.0,29,0.1,939.6,16,37.2,106.7,3,1,0,0,0.148,Low Risk
MS-14597,Mid-Market (51-500),Technology,North America,Satya Nadella Team,2025-05-14,M365 Business Basic,6.0,85,0.2,408.0,14,73.6,1186.1,0,0,0,1,0.168,Low Risk
MS-14598,SMB (1-50),Financial Services,North America,Commercial Partner Org,2025-11-11,M365 Business Standard,12.5,16,0.0,200.0,8,100.0,73.5,0,1,1,0,0.018,Low Risk
MS-14599,Mid-Market (51-500),Education,North America,Azure Enterprise Group,2026-01-07,M365 Business Standard,12.5,481,0.0,6012.5,6,67.2,4068.8,3,1,1,0,0.026,Low Risk
MS-14600,Enterprise (500+),Retail,North America,Azure Enterprise Group,2025-11-10,M365 Business Standard,12.5,948,0.0,11850.0,8,71.2,4746.4,1,0,1,0,0.026,Low Risk
MS-14601,Mid-Market (51-500),Manufacturing,APAC,Commercial Partner Org,2024-09-24,M365 Business Standard,12.5,361,0.0,4512.5,22,62.4,9199.2,1,0,1,0,0.059,Low Risk
MS-14602,Mid-Market (51-500),Technology,APAC,Satya Nadella Team,2025-08-29,M365 Business Standard,12.5,298,0.0,3725.0,11,80.0,18283.2,2,1,1,0,0.014,Low Risk
MS-14603,Mid-Market (51-500),Education,North America,Azure Enterprise Group,2025-05-28,M365 E5,57.0,162,0.0,9234.0,14,74.5,341.7,3,0,1,0,0.031,Low Risk
MS-14604,Enterprise (500+),Retail,APAC,Direct Digital,2025-04-16,M365 Business Basic,6.0,1437,0.0,8622.0,15,55.8,411.5,1,0,0,0,0.289,Medium Risk
MS-14605,SMB (1-50),Retail,APAC,Direct Digital,2025-01-06,M365 E3,36.0,21,0.2,604.8,18,65.9,62.4,3,0,1,0,0.035,Low Risk
MS-14606,Mid-Market (51-500),Retail,APAC,Azure Enterprise Group,2026-02-25,M365 Business Premium,22.0,344,0.1,6811.2,5,47.9,3680.0,0,0,0,0,0.389,Medium Risk
MS-14607,SMB (1-50),Retail,North America,Azure Enterprise Group,2024-10-28,M365 Business Standard,12.5,37,0.1,416.25,21,65.9,84.8,4,1,1,0,0.036,Low Risk
MS-14608,SMB (1-50),Education,LATAM,Commercial Partner Org,2025-07-22,M365 Business Premium,22.0,5,0.0,110.0,12,60.5,100.1,3,0,1,0,0.093,Low Risk
MS-14609,SMB (1-50),Financial Services,North America,Satya Nadella Team,2026-06-21,M365 E3,36.0,44,0.1,1425.6,1,70.5,277.4,2,1,1,0,0.023,Low Risk
MS-14610,SMB (1-50),Manufacturing,North America,Commercial Partner Org,2024-12-15,M365 Business Standard,12.5,17,0.0,212.5,19,55.2,192.4,0,0,1,0,0.068,Low Risk
MS-14611,Mid-Market (51-500),Manufacturing,North America,Satya Nadella Team,2025-11-11,M365 E3,36.0,388,0.0,13968.0,8,64.1,2831.3,2,0,1,0,0.037,Low Risk
MS-14612,Enterprise (500+),Technology,EMEA,Direct Digital,2024-11-24,M365 Business Basic,6.0,1377,0.1,7435.8,20,68.2,38607.2,3,0,1,0,0.027,Low Risk
MS-14613,Mid-Market (51-500),Healthcare,North America,Direct Digital,2024-09-02,M365 Business Premium,22.0,309,0.0,6798.0,22,69.4,132.6,3,0,1,0,0.031,Low Risk
MS-14614,Mid-Market (51-500),Financial Services,North America,Satya Nadella Team,2025-11-11,M365 Business Standard,12.5,137,0.2,1370.0,8,72.9,2148.3,0,1,1,0,0.019,Low Risk
MS-14615,SMB (1-50),Technology,North America,Commercial Partner Org,2025-11-25,M365 Business Standard,12.5,11,0.1,123.75,8,64.9,139.4,1,1,0,0,0.06,Low Risk
MS-14616,SMB (1-50),Technology,APAC,Azure Enterprise Group,2026-03-19,M365 Business Premium,22.0,7,0.1,138.6,4,53.8,88.1,1,0,1,0,0.147,Low Risk
MS-14617,SMB (1-50),Retail,APAC,Satya Nadella Team,2025-11-15,M365 Business Standard,12.5,18,0.0,225.0,8,69.5,115.4,1,1,1,0,0.015,Low Risk
MS-14618,Mid-Market (51-500),Healthcare,North America,Commercial Partner Org,2025-04-10,M365 Business Standard,12.5,359,0.1,4038.75,15,64.8,68.1,1,1,0,0,0.04,Low Risk
MS-14619,SMB (1-50),Healthcare,APAC,Direct Digital,2024-09-25,M365 Business Standard,12.5,8,0.2,80.0,22,86.4,112.2,2,0,1,0,0.022,Low Risk
MS-14620,Mid-Market (51-500),Financial Services,APAC,Azure Enterprise Group,2024-10-05,M365 Business Premium,22.0,279,0.1,5524.2,21,88.7,5922.1,3,0,1,0,0.03,Low Risk
MS-14621,Enterprise (500+),Healthcare,APAC,Direct Digital,2026-07-01,M365 Business Standard,12.5,2046,0.1,23017.5,1,43.3,2187.2,7,1,1,0,0.168,Low Risk
MS-14622,Mid-Market (51-500),Technology,North America,Satya Nadella Team,2025-08-09,M365 Business Standard,12.5,107,0.2,1070.0,11,79.1,748.2,2,0,1,0,0.029,Low Risk
MS-14623,Mid-Market (51-500),Healthcare,EMEA,Direct Digital,2025-09-01,M365 Business Basic,6.0,488,0.0,2928.0,10,82.7,1039.1,2,1,1,0,0.015,Low Risk
MS-14624,Mid-Market (51-500),Healthcare,LATAM,Direct Digital,2026-06-19,M365 E3,36.0,78,0.15,2386.8,1,43.8,883.6,1,0,1,1,0.156,Low Risk
MS-14625,SMB (1-50),Manufacturing,EMEA,Satya Nadella Team,2025-08-02,M365 E3,36.0,41,0.0,1476.0,11,78.4,757.6,1,1,0,0,0.053,Low Risk
MS-14626,SMB (1-50),Technology,North America,Azure Enterprise Group,2025-11-07,M365 Business Basic,6.0,48,0.0,288.0,8,84.1,632.9,3,0,1,0,0.034,Low Risk
MS-14627,Mid-Market (51-500),Education,EMEA,Satya Nadella Team,2025-12-01,M365 Business Standard,12.5,250,0.1,2812.5,7,50.9,1148.4,3,1,0,0,0.15,Low Risk
MS-14628,Mid-Market (51-500),Healthcare,EMEA,Commercial Partner Org,2025-12-23,M365 Business Basic,6.0,234,0.0,1404.0,7,63.7,422.6,1,0,1,1,0.159,Low Risk
MS-14629,Mid-Market (51-500),Healthcare,EMEA,Satya Nadella Team,2025-10-03,M365 E3,36.0,359,0.2,10339.2,9,71.4,6811.7,2,0,1,0,0.028,Low Risk
MS-14630,SMB (1-50),Retail,North America,Satya Nadella Team,2025-08-09,M365 E3,36.0,18,0.0,648.0,11,78.3,84.6,1,0,1,0,0.027,Low Risk
MS-14631,Mid-Market (51-500),Healthcare,North America,Azure Enterprise Group,2026-07-23,M365 Business Basic,6.0,331,0.0,1986.0,1,50.2,88.9,3,0,1,0,0.134,Low Risk
MS-14632,SMB (1-50),Healthcare,APAC,Commercial Partner Org,2025-06-07,M365 E3,36.0,28,0.0,1008.0,13,88.8,284.7,1,1,1,0,0.015,Low Risk
MS-14633,SMB (1-50),Manufacturing,APAC,Direct Digital,2025-08-18,M365 Business Basic,6.0,7,0.15,35.7,11,31.5,23.8,1,0,1,0,0.166,Low Risk
MS-14634,SMB (1-50),Technology,North America,Direct Digital,2025-03-16,M365 Business Standard,12.5,43,0.0,537.5,16,91.8,949.5,1,0,1,0,0.033,Low Risk
MS-14635,SMB (1-50),Financial Services,LATAM,Direct Digital,2025-04-13,M365 E5,57.0,31,0.1,1590.3,15,77.9,57.5,5,1,1,0,0.054,Low Risk
MS-14636,SMB (1-50),Technology,North America,Direct Digital,2024-10-17,M365 E3,36.0,5,0.2,144.0,21,56.8,34.2,2,0,1,0,0.09,Low Risk
MS-14637,SMB (1-50),Retail,EMEA,Azure Enterprise Group,2025-03-04,M365 E3,36.0,42,0.0,1512.0,16,83.6,147.1,4,1,1,0,0.025,Low Risk
MS-14638,Mid-Market (51-500),Technology,APAC,Commercial Partner Org,2025-02-09,M365 Business Standard,12.5,475,0.0,5937.5,17,49.1,6668.4,3,0,1,0,0.085,Low Risk
MS-14639,Mid-Market (51-500),Healthcare,APAC,Azure Enterprise Group,2026-06-05,M365 Business Standard,12.5,144,0.0,1800.0,1,70.1,1374.2,3,0,1,0,0.033,Low Risk
MS-14640,Mid-Market (51-500),Retail,LATAM,Satya Nadella Team,2025-06-22,M365 E3,36.0,317,0.0,11412.0,13,72.3,5954.6,2,1,1,0,0.012,Low Risk
MS-14641,SMB (1-50),Technology,North America,Commercial Partner Org,2024-12-01,M365 Business Premium,22.0,16,0.0,352.0,20,72.3,117.8,2,0,1,0,0.026,Low Risk
MS-14642,Enterprise (500+),Retail,APAC,Commercial Partner Org,2026-04-10,M365 Business Standard,12.5,3078,0.0,38475.0,3,52.9,178.0,0,1,1,0,0.034,Low Risk
MS-14643,SMB (1-50),Financial Services,North America,Direct Digital,2026-06-12,M365 Business Standard,12.5,39,0.15,414.38,1,59.1,113.4,0,1,0,0,0.118,Low Risk
MS-14644,SMB (1-50),Technology,EMEA,Direct Digital,2025-02-15,M365 E3,36.0,14,0.1,453.6,17,70.3,1189.2,1,0,1,0,0.029,Low Risk
MS-14645,Mid-Market (51-500),Education,EMEA,Direct Digital,2025-05-16,M365 E5,57.0,401,0.1,20571.3,14,54.9,2501.2,4,0,0,1,0.266,Medium Risk
MS-14646,SMB (1-50),Healthcare,EMEA,Direct Digital,2026-03-11,M365 Business Premium,22.0,27,0.15,504.9,4,72.9,313.7,1,0,0,0,0.183,Low Risk
MS-14647,Mid-Market (51-500),Retail,North America,Satya Nadella Team,2025-07-06,M365 Business Premium,22.0,499,0.0,10978.0,12,56.9,14090.7,2,0,1,1,0.118,Low Risk
MS-14648,Mid-Market (51-500),Education,APAC,Direct Digital,2026-06-11,M365 Business Basic,6.0,435,0.1,2349.0,1,86.0,108.3,0,1,1,0,0.024,Low Risk
MS-14649,Enterprise (500+),Education,North America,Azure Enterprise Group,2026-05-08,M365 Business Premium,22.0,2967,0.0,65274.0,2,96.1,38368.9,5,1,1,0,0.057,Low Risk
MS-14650,Enterprise (500+),Manufacturing,North America,Commercial Partner Org,2025-01-07,M365 Business Premium,22.0,2909,0.0,63998.0,18,62.6,11875.9,3,1,1,0,0.013,Low Risk
MS-14651,Enterprise (500+),Retail,EMEA,Satya Nadella Team,2026-07-05,M365 Business Basic,6.0,1599,0.0,9594.0,1,84.6,6283.3,4,0,1,0,0.038,Low Risk
MS-14652,SMB (1-50),Education,EMEA,Satya Nadella Team,2026-03-04,M365 E3,36.0,8,0.0,288.0,4,64.2,24.5,6,0,1,0,0.249,Medium Risk
MS-14653,Enterprise (500+),Manufacturing,APAC,Commercial Partner Org,2026-03-23,M365 E5,57.0,3468,0.15,168024.6,4,51.1,50000.0,1,0,1,0,0.091,Low Risk
MS-14654,SMB (1-50),Education,North America,Commercial Partner Org,2025-02-08,M365 Business Basic,6.0,23,0.0,138.0,17,60.3,128.8,2,0,1,0,0.062,Low Risk
MS-14655,Mid-Market (51-500),Healthcare,North America,Commercial Partner Org,2025-02-23,M365 E3,36.0,79,0.1,2559.6,17,69.5,65.9,3,1,1,0,0.019,Low Risk
MS-14656,Mid-Market (51-500),Financial Services,APAC,Satya Nadella Team,2025-06-15,M365 Business Premium,22.0,181,0.0,3982.0,13,35.8,221.3,0,0,0,1,0.418,Medium Risk
MS-14657,SMB (1-50),Manufacturing,EMEA,Azure Enterprise Group,2025-10-10,M365 Business Premium,22.0,23,0.0,506.0,9,79.3,44.4,3,0,1,0,0.03,Low Risk
MS-14658,Mid-Market (51-500),Financial Services,North America,Azure Enterprise Group,2026-06-19,M365 E3,36.0,442,0.0,15912.0,1,69.5,12156.3,2,0,1,0,0.043,Low Risk
MS-14659,SMB (1-50),Retail,EMEA,Commercial Partner Org,2026-04-03,M365 Business Standard,12.5,9,0.1,101.25,3,86.0,60.2,3,1,1,0,0.022,Low Risk
MS-14660,SMB (1-50),Healthcare,EMEA,Satya Nadella Team,2025-08-06,M365 E3,36.0,47,0.0,1692.0,11,78.9,1397.3,4,0,1,0,0.042,Low Risk
MS-14661,Enterprise (500+),Manufacturing,EMEA,Direct Digital,2025-05-26,M365 Business Standard,12.5,2281,0.15,24235.62,14,70.2,46556.8,0,0,1,0,0.044,Low Risk
MS-14662,SMB (1-50),Retail,EMEA,Satya Nadella Team,2025-04-06,M365 E3,36.0,12,0.0,432.0,15,61.6,262.0,1,1,1,0,0.027,Low Risk
MS-14663,SMB (1-50),Education,APAC,Commercial Partner Org,2025-02-11,M365 Business Standard,12.5,31,0.0,387.5,17,95.4,125.8,0,0,1,1,0.032,Low Risk
MS-14664,SMB (1-50),Technology,APAC,Satya Nadella Team,2026-07-23,M365 Business Basic,6.0,41,0.0,246.0,1,100.0,155.7,2,0,1,0,0.031,Low Risk
MS-14665,Enterprise (500+),Retail,EMEA,Satya Nadella Team,2025-09-26,M365 Business Standard,12.5,873,0.1,9821.25,10,61.9,8602.2,1,0,1,0,0.069,Low Risk
MS-14666,SMB (1-50),Financial Services,North America,Satya Nadella Team,2025-10-22,M365 Business Basic,6.0,49,0.0,294.0,9,86.8,318.2,0,0,1,0,0.033,Low Risk
MS-14667,SMB (1-50),Healthcare,APAC,Direct Digital,2024-10-18,M365 Business Basic,6.0,42,0.0,252.0,21,55.3,358.6,0,1,1,0,0.02,Low Risk
MS-14668,Enterprise (500+),Healthcare,EMEA,Commercial Partner Org,2025-03-13,M365 Business Basic,6.0,1557,0.0,9342.0,16,57.4,1021.5,0,0,1,0,0.072,Low Risk
MS-14669,SMB (1-50),Retail,EMEA,Commercial Partner Org,2024-11-23,M365 E3,36.0,22,0.1,712.8,20,61.0,940.1,0,1,1,0,0.02,Low Risk
MS-14670,SMB (1-50),Education,North America,Commercial Partner Org,2026-05-06,M365 E3,36.0,30,0.15,918.0,2,80.3,21.6,1,1,1,0,0.026,Low Risk
MS-14671,Mid-Market (51-500),Technology,APAC,Azure Enterprise Group,2026-06-29,M365 E5,57.0,303,0.0,17271.0,1,48.7,716.4,2,0,0,0,0.308,Medium Risk
MS-14672,Mid-Market (51-500),Financial Services,EMEA,Azure Enterprise Group,2024-10-17,M365 E3,36.0,123,0.0,4428.0,21,95.9,1673.5,3,1,1,0,0.015,Low Risk
MS-14673,Mid-Market (51-500),Retail,North America,Commercial Partner Org,2025-04-22,M365 E3,36.0,256,0.0,9216.0,15,84.9,519.2,0,0,1,0,0.029,Low Risk
MS-14674,SMB (1-50),Retail,North America,Satya Nadella Team,2025-06-26,M365 Business Basic,6.0,27,0.15,137.7,13,79.9,36.6,2,1,1,0,0.014,Low Risk
MS-14675,Enterprise (500+),Healthcare,APAC,Satya Nadella Team,2025-01-25,M365 E3,36.0,2421,0.0,87156.0,18,62.7,4845.5,3,0,1,0,0.042,Low Risk
MS-14676,Enterprise (500+),Financial Services,North America,Commercial Partner Org,2025-03-15,M365 E3,36.0,2539,0.2,73123.2,16,82.9,1947.5,2,1,1,0,0.01,Low Risk
MS-14677,SMB (1-50),Technology,LATAM,Direct Digital,2024-09-22,M365 Business Basic,6.0,16,0.0,96.0,22,15.5,55.6,0,0,1,0,0.096,Low Risk
MS-14678,SMB (1-50),Healthcare,EMEA,Direct Digital,2025-03-13,M365 Business Premium,22.0,27,0.15,504.9,16,75.9,102.5,4,1,1,1,0.03,Low Risk
MS-14679,Enterprise (500+),Retail,EMEA,Satya Nadella Team,2025-09-21,M365 Business Standard,12.5,532,0.2,5320.0,10,70.9,4407.5,3,0,1,0,0.029,Low Risk
MS-14680,SMB (1-50),Healthcare,North America,Satya Nadella Team,2025-08-30,M365 E5,57.0,46,0.0,2622.0,11,34.0,318.8,1,1,1,0,0.027,Low Risk
MS-14681,Mid-Market (51-500),Healthcare,North America,Azure Enterprise Group,2025-06-01,M365 Business Premium,22.0,215,0.1,4257.0,14,75.3,1656.1,0,0,1,0,0.028,Low Risk
MS-14682,Mid-Market (51-500),Manufacturing,LATAM,Direct Digital,2025-09-19,M365 E5,57.0,378,0.1,19391.4,10,78.6,4341.9,2,1,0,0,0.041,Low Risk
MS-14683,Mid-Market (51-500),Healthcare,North America,Satya Nadella Team,2025-03-27,M365 Business Basic,6.0,385,0.0,2310.0,16,34.6,1213.3,2,0,1,0,0.081,Low Risk
MS-14684,Mid-Market (51-500),Education,APAC,Satya Nadella Team,2025-06-02,M365 Business Basic,6.0,270,0.0,1620.0,13,46.6,468.8,4,0,1,0,0.093,Low Risk
MS-14685,SMB (1-50),Healthcare,North America,Commercial Partner Org,2026-01-09,M365 E5,57.0,41,0.15,1986.45,6,100.0,1038.6,0,0,1,0,0.032,Low Risk
MS-14686,SMB (1-50),Education,North America,Azure Enterprise Group,2026-02-21,M365 Business Basic,6.0,15,0.2,72.0,5,64.6,180.9,1,0,1,0,0.031,Low Risk
MS-14687,Enterprise (500+),Financial Services,North America,Direct Digital,2026-02-09,M365 Business Standard,12.5,969,0.15,10295.62,5,85.6,727.7,3,0,1,0,0.029,Low Risk
MS-14688,Mid-Market (51-500),Healthcare,EMEA,Direct Digital,2025-02-06,M365 Business Premium,22.0,298,0.2,5244.8,17,88.3,11606.0,2,0,1,0,0.039,Low Risk
MS-14689,Mid-Market (51-500),Technology,LATAM,Azure Enterprise Group,2025-12-04,M365 E3,36.0,421,0.1,13640.4,7,75.1,5967.1,2,1,0,0,0.035,Low Risk
MS-14690,Enterprise (500+),Education,North America,Satya Nadella Team,2025-09-29,M365 Business Standard,12.5,2295,0.0,28687.5,10,86.3,4531.1,1,0,1,0,0.028,Low Risk
MS-14691,Mid-Market (51-500),Education,North America,Direct Digital,2025-11-13,M365 Business Basic,6.0,479,0.1,2586.6,8,30.0,19992.2,1,1,1,0,0.041,Low Risk
MS-14692,SMB (1-50),Retail,North America,Direct Digital,2025-09-14,M365 Business Standard,12.5,16,0.0,200.0,10,63.9,87.3,2,0,0,1,0.204,Medium Risk
MS-14693,Mid-Market (51-500),Financial Services,EMEA,Direct Digital,2025-02-11,M365 Business Standard,12.5,441,0.0,5512.5,17,12.5,22054.8,0,0,0,0,0.272,Medium Risk
MS-14694,SMB (1-50),Healthcare,North America,Commercial Partner Org,2026-06-01,M365 Business Standard,12.5,39,0.1,438.75,2,36.6,51.0,2,1,1,0,0.041,Low Risk
MS-14695,SMB (1-50),Technology,APAC,Azure Enterprise Group,2025-07-27,M365 E3,36.0,10,0.1,324.0,12,58.2,20.9,0,0,0,1,0.482,Medium Risk
MS-14696,SMB (1-50),Retail,EMEA,Direct Digital,2026-03-24,M365 Business Premium,22.0,25,0.1,495.0,4,56.0,321.4,3,0,1,0,0.116,Low Risk
MS-14697,Mid-Market (51-500),Financial Services,EMEA,Azure Enterprise Group,2025-01-25,M365 E3,36.0,74,0.0,2664.0,18,68.7,19.9,2,0,1,0,0.034,Low Risk
MS-14698,Enterprise (500+),Education,North America,Satya Nadella Team,2024-12-19,M365 Business Basic,6.0,1053,0.15,5370.3,19,67.6,238.4,2,0,0,0,0.165,Low Risk
MS-14699,SMB (1-50),Technology,LATAM,Azure Enterprise Group,2025-09-29,M365 Business Premium,22.0,21,0.0,462.0,10,70.4,395.7,2,0,1,0,0.029,Low Risk
MS-14700,SMB (1-50),Healthcare,North America,Commercial Partner Org,2026-03-15,M365 E5,57.0,39,0.1,2000.7,4,71.1,86.0,3,0,0,0,0.176,Low Risk
MS-14701,Mid-Market (51-500),Manufacturing,North America,Commercial Partner Org,2025-03-01,M365 Business Premium,22.0,423,0.0,9306.0,17,74.0,12744.4,2,1,1,0,0.012,Low Risk
MS-14702,Mid-Market (51-500),Manufacturing,EMEA,Azure Enterprise Group,2026-03-27,M365 Business Basic,6.0,466,0.0,2796.0,4,50.7,3103.3,1,0,1,0,0.121,Low Risk
MS-14703,Mid-Market (51-500),Financial Services,EMEA,Commercial Partner Org,2025-11-17,M365 E5,57.0,336,0.0,19152.0,8,55.0,8341.1,2,0,1,1,0.144,Low Risk
MS-14704,Mid-Market (51-500),Technology,North America,Direct Digital,2025-01-08,M365 Business Standard,12.5,371,0.0,4637.5,18,67.3,2408.0,2,0,1,0,0.033,Low Risk
MS-14705,Mid-Market (51-500),Retail,North America,Commercial Partner Org,2025-10-08,M365 E3,36.0,466,0.15,14259.6,9,67.6,4224.8,1,0,1,0,0.031,Low Risk
MS-14706,SMB (1-50),Technology,APAC,Satya Nadella Team,2026-01-18,M365 Business Basic,6.0,35,0.15,178.5,6,48.5,159.8,1,1,1,0,0.03,Low Risk
MS-14707,SMB (1-50),Education,North America,Azure Enterprise Group,2026-06-16,M365 Business Premium,22.0,41,0.1,811.8,1,87.5,528.0,3,0,1,0,0.035,Low Risk
MS-14708,SMB (1-50),Manufacturing,APAC,Azure Enterprise Group,2024-09-22,M365 E5,57.0,9,0.0,513.0,22,81.0,41.4,4,0,1,0,0.049,Low Risk
MS-14709,Enterprise (500+),Financial Services,EMEA,Satya Nadella Team,2024-09-17,M365 Business Standard,12.5,1888,0.1,21240.0,22,52.5,5721.4,1,0,0,1,0.321,Medium Risk
MS-14710,SMB (1-50),Healthcare,North America,Satya Nadella Team,2026-05-27,M365 Business Standard,12.5,17,0.0,212.5,2,64.2,17.2,1,0,1,0,0.047,Low Risk
MS-14711,Mid-Market (51-500),Technology,EMEA,Satya Nadella Team,2025-06-09,M365 Business Basic,6.0,420,0.1,2268.0,13,100.0,299.4,3,1,1,0,0.023,Low Risk
MS-14712,SMB (1-50),Manufacturing,North America,Satya Nadella Team,2025-04-15,M365 Business Standard,12.5,28,0.0,350.0,15,70.9,122.7,4,0,1,0,0.036,Low Risk
MS-14713,SMB (1-50),Retail,APAC,Direct Digital,2025-10-25,M365 Business Standard,12.5,31,0.0,387.5,9,75.1,496.1,3,0,1,0,0.032,Low Risk
MS-14714,SMB (1-50),Financial Services,EMEA,Commercial Partner Org,2025-09-08,M365 Business Premium,22.0,5,0.1,99.0,10,57.0,13.8,2,1,1,0,0.045,Low Risk
MS-14715,SMB (1-50),Healthcare,North America,Commercial Partner Org,2025-06-28,M365 Business Basic,6.0,24,0.0,144.0,13,62.4,102.4,1,1,0,0,0.068,Low Risk
MS-14716,SMB (1-50),Technology,EMEA,Direct Digital,2025-06-13,M365 Business Basic,6.0,12,0.1,64.8,13,95.2,339.2,0,0,0,0,0.17,Low Risk
MS-14717,Mid-Market (51-500),Retail,LATAM,Satya Nadella Team,2024-12-25,M365 Business Standard,12.5,268,0.0,3350.0,19,70.0,3278.1,2,0,1,0,0.027,Low Risk
MS-14718,SMB (1-50),Healthcare,North America,Azure Enterprise Group,2025-01-27,M365 Business Standard,12.5,36,0.1,405.0,18,66.7,1089.6,3,0,1,0,0.037,Low Risk
MS-14719,Mid-Market (51-500),Education,APAC,Azure Enterprise Group,2025-10-09,M365 Business Premium,22.0,117,0.0,2574.0,9,68.1,3400.0,3,1,1,0,0.02,Low Risk
MS-14720,SMB (1-50),Manufacturing,North America,Azure Enterprise Group,2026-07-14,M365 Business Premium,22.0,29,0.1,574.2,1,100.0,22.8,1,0,1,0,0.04,Low Risk
MS-14721,Mid-Market (51-500),Education,North America,Satya Nadella Team,2024-11-29,M365 E3,36.0,372,0.0,13392.0,20,68.7,13844.2,0,0,0,0,0.174,Low Risk
MS-14722,Mid-Market (51-500),Manufacturing,North America,Direct Digital,2024-12-28,M365 Business Standard,12.5,300,0.0,3750.0,19,53.1,189.1,2,0,0,0,0.306,Medium Risk
MS-14723,Enterprise (500+),Retail,North America,Direct Digital,2026-07-28,M365 Business Standard,12.5,1490,0.0,18625.0,1,56.2,46462.1,5,1,1,1,0.163,Low Risk
MS-14724,SMB (1-50),Education,North America,Direct Digital,2024-12-02,M365 Business Standard,12.5,31,0.1,348.75,19,82.1,294.4,2,1,1,0,0.018,Low Risk
MS-14725,SMB (1-50),Manufacturing,North America,Commercial Partner Org,2026-05-22,M365 Business Basic,6.0,36,0.0,216.0,2,42.3,329.1,0,0,1,0,0.142,Low Risk
MS-14726,Enterprise (500+),Financial Services,APAC,Commercial Partner Org,2025-11-21,M365 Business Premium,22.0,1436,0.0,31592.0,8,76.1,21526.1,1,0,0,0,0.12,Low Risk
MS-14727,SMB (1-50),Retail,APAC,Commercial Partner Org,2025-07-09,M365 E3,36.0,8,0.0,288.0,12,55.0,202.9,2,1,1,0,0.043,Low Risk
MS-14728,Mid-Market (51-500),Manufacturing,EMEA,Commercial Partner Org,2025-07-15,M365 Business Basic,6.0,335,0.0,2010.0,12,34.5,3858.1,1,0,1,0,0.099,Low Risk
MS-14729,SMB (1-50),Technology,North America,Azure Enterprise Group,2024-12-30,M365 Business Basic,6.0,15,0.0,90.0,19,50.4,99.7,1,0,0,0,0.392,Medium Risk
MS-14730,Mid-Market (51-500),Manufacturing,North America,Azure Enterprise Group,2025-07-14,M365 Business Premium,22.0,82,0.0,1804.0,12,68.5,116.8,1,1,1,0,0.019,Low Risk
MS-14731,SMB (1-50),Education,North America,Direct Digital,2025-01-16,M365 Business Premium,22.0,29,0.0,638.0,18,93.1,541.8,2,1,1,0,0.015,Low Risk
MS-14732,Enterprise (500+),Financial Services,EMEA,Commercial Partner Org,2026-06-22,M365 Business Standard,12.5,2236,0.1,25155.0,1,84.4,3684.1,0,0,1,0,0.027,Low Risk
MS-14733,Mid-Market (51-500),Healthcare,APAC,Direct Digital,2025-06-11,M365 Business Premium,22.0,351,0.0,7722.0,13,62.7,5458.6,2,0,1,0,0.058,Low Risk
MS-14734,SMB (1-50),Healthcare,North America,Satya Nadella Team,2026-06-16,M365 E5,57.0,12,0.0,684.0,1,85.5,108.1,2,0,0,0,0.137,Low Risk
MS-14735,SMB (1-50),Manufacturing,North America,Commercial Partner Org,2026-02-02,M365 Business Basic,6.0,43,0.1,232.2,5,61.6,251.5,0,0,1,0,0.09,Low Risk
MS-14736,SMB (1-50),Healthcare,EMEA,Commercial Partner Org,2026-01-18,M365 Business Basic,6.0,35,0.1,189.0,6,41.6,398.7,2,0,1,0,0.135,Low Risk
MS-14737,Mid-Market (51-500),Manufacturing,North America,Direct Digital,2025-09-26,M365 Business Basic,6.0,125,0.0,750.0,10,68.4,2220.0,4,0,0,1,0.215,Medium Risk
MS-14738,SMB (1-50),Financial Services,North America,Direct Digital,2024-09-05,M365 Business Premium,22.0,47,0.1,930.6,22,40.9,1597.6,0,0,0,1,0.344,Medium Risk
MS-14739,SMB (1-50),Healthcare,EMEA,Satya Nadella Team,2025-09-02,M365 Business Standard,12.5,35,0.0,437.5,10,82.2,129.1,1,0,1,0,0.03,Low Risk
MS-14740,Mid-Market (51-500),Education,EMEA,Direct Digital,2026-01-05,M365 E5,57.0,102,0.0,5814.0,6,82.5,3598.5,2,0,1,0,0.031,Low Risk
MS-14741,SMB (1-50),Education,North America,Commercial Partner Org,2025-12-10,M365 Business Premium,22.0,8,0.0,176.0,7,52.2,311.3,3,0,1,0,0.146,Low Risk
MS-14742,SMB (1-50),Technology,North America,Azure Enterprise Group,2025-04-23,M365 Business Standard,12.5,41,0.2,410.0,15,70.6,826.6,8,1,1,0,0.08,Low Risk
MS-14743,SMB (1-50),Manufacturing,LATAM,Satya Nadella Team,2025-08-28,M365 Business Basic,6.0,12,0.1,64.8,11,70.4,307.1,1,1,1,0,0.016,Low Risk
MS-14744,Mid-Market (51-500),Healthcare,North America,Satya Nadella Team,2026-02-04,M365 Business Premium,22.0,138,0.0,3036.0,5,83.7,1952.5,0,0,1,0,0.031,Low Risk
MS-14745,Enterprise (500+),Education,North America,Commercial Partner Org,2025-04-30,M365 Business Standard,12.5,613,0.0,7662.5,15,45.6,293.4,4,0,1,0,0.081,Low Risk
MS-14746,SMB (1-50),Financial Services,North America,Azure Enterprise Group,2025-11-16,M365 E5,57.0,13,0.1,666.9,8,78.8,133.5,0,0,1,0,0.036,Low Risk
MS-14747,Mid-Market (51-500),Financial Services,North America,Direct Digital,2025-03-07,M365 Business Standard,12.5,293,0.0,3662.5,16,44.3,4835.1,1,0,1,0,0.09,Low Risk
MS-14748,SMB (1-50),Technology,North America,Direct Digital,2025-10-09,M365 Business Standard,12.5,12,0.0,150.0,9,82.0,409.3,3,0,0,0,0.178,Low Risk
MS-14749,SMB (1-50),Financial Services,APAC,Azure Enterprise Group,2025-11-01,M365 Business Premium,22.0,36,0.0,792.0,8,87.1,365.0,0,0,1,0,0.032,Low Risk
MS-14750,Mid-Market (51-500),Financial Services,North America,Azure Enterprise Group,2025-10-18,M365 Business Basic,6.0,405,0.0,2430.0,9,55.9,7682.9,1,1,1,0,0.039,Low Risk
MS-14751,SMB (1-50),Healthcare,North America,Commercial Partner Org,2026-01-27,M365 Business Premium,22.0,22,0.0,484.0,6,89.9,322.3,2,0,1,0,0.03,Low Risk
MS-14752,Mid-Market (51-500),Manufacturing,EMEA,Direct Digital,2025-02-01,M365 Business Basic,6.0,56,0.1,302.4,17,39.7,221.5,4,0,1,0,0.086,Low Risk
MS-14753,Enterprise (500+),Retail,EMEA,Commercial Partner Org,2025-03-22,M365 Business Premium,22.0,3331,0.1,65953.8,16,87.8,6719.2,3,1,1,0,0.022,Low Risk
MS-14754,Enterprise (500+),Financial Services,APAC,Direct Digital,2025-04-05,M365 Business Standard,12.5,3144,0.1,35370.0,15,93.9,50000.0,1,0,1,0,0.042,Low Risk
MS-14755,SMB (1-50),Financial Services,APAC,Direct Digital,2025-12-26,M365 Business Standard,12.5,37,0.0,462.5,7,74.2,118.2,1,1,1,0,0.021,Low Risk
MS-14756,SMB (1-50),Retail,North America,Azure Enterprise Group,2025-07-12,M365 Business Premium,22.0,6,0.1,118.8,12,64.5,20.2,1,1,1,0,0.028,Low Risk
MS-14757,Enterprise (500+),Financial Services,APAC,Commercial Partner Org,2026-05-10,M365 Business Basic,6.0,1443,0.15,7359.3,2,73.6,17881.8,2,1,1,0,0.017,Low Risk
MS-14758,SMB (1-50),Healthcare,EMEA,Azure Enterprise Group,2024-09-01,M365 Business Standard,12.5,42,0.0,525.0,22,57.1,784.3,2,1,1,0,0.023,Low Risk
MS-14759,Mid-Market (51-500),Healthcare,LATAM,Commercial Partner Org,2026-01-16,M365 Business Standard,12.5,402,0.1,4522.5,6,100.0,4211.7,5,0,0,0,0.325,Medium Risk
MS-14760,SMB (1-50),Retail,EMEA,Direct Digital,2025-06-05,M365 Business Standard,12.5,28,0.1,315.0,13,57.4,726.7,1,0,1,0,0.076,Low Risk
MS-14761,SMB (1-50),Education,LATAM,Satya Nadella Team,2025-03-13,M365 E5,57.0,25,0.1,1282.5,16,91.7,71.3,3,0,1,0,0.028,Low Risk
MS-14762,SMB (1-50),Financial Services,APAC,Satya Nadella Team,2025-05-06,M365 Business Basic,6.0,35,0.0,210.0,14,54.7,122.2,4,0,1,0,0.083,Low Risk
MS-14763,Enterprise (500+),Education,North America,Commercial Partner Org,2024-11-27,M365 Business Premium,22.0,2676,0.0,58872.0,20,96.7,32536.8,0,0,1,0,0.028,Low Risk
MS-14764,Enterprise (500+),Financial Services,EMEA,Commercial Partner Org,2025-11-08,M365 Business Standard,12.5,2128,0.0,26600.0,8,100.0,45154.0,3,0,1,0,0.026,Low Risk
MS-14765,SMB (1-50),Manufacturing,LATAM,Azure Enterprise Group,2025-10-25,M365 Business Standard,12.5,44,0.0,550.0,9,74.9,409.3,1,1,1,1,0.028,Low Risk
MS-14766,Mid-Market (51-500),Financial Services,APAC,Direct Digital,2025-05-11,M365 E3,36.0,287,0.2,8265.6,14,73.2,35.9,2,1,0,0,0.039,Low Risk
MS-14767,SMB (1-50),Healthcare,North America,Satya Nadella Team,2025-11-03,M365 Business Basic,6.0,47,0.0,282.0,8,50.8,637.3,3,1,1,0,0.03,Low Risk
MS-14768,SMB (1-50),Technology,EMEA,Azure Enterprise Group,2025-02-11,M365 E3,36.0,46,0.15,1407.6,17,48.6,927.2,3,0,1,0,0.075,Low Risk
MS-14769,Mid-Market (51-500),Technology,North America,Commercial Partner Org,2026-01-08,M365 Business Basic,6.0,216,0.1,1166.4,6,73.4,839.1,2,0,0,1,0.178,Low Risk
MS-14770,Mid-Market (51-500),Technology,North America,Direct Digital,2025-02-09,M365 Business Standard,12.5,84,0.0,1050.0,17,94.2,56.2,1,1,1,0,0.018,Low Risk
MS-14771,SMB (1-50),Technology,North America,Azure Enterprise Group,2026-01-20,M365 Business Premium,22.0,26,0.2,457.6,6,58.1,227.7,2,1,0,1,0.138,Low Risk
MS-14772,SMB (1-50),Education,North America,Azure Enterprise Group,2025-05-23,M365 Business Basic,6.0,39,0.15,198.9,14,100.0,20.2,3,0,1,0,0.032,Low Risk
MS-14773,Enterprise (500+),Education,APAC,Commercial Partner Org,2024-12-19,M365 E3,36.0,1976,0.0,71136.0,19,57.0,12754.3,3,0,0,1,0.247,Medium Risk
MS-14774,Enterprise (500+),Financial Services,North America,Direct Digital,2025-07-16,M365 Business Basic,6.0,2866,0.0,17196.0,12,72.1,618.3,0,1,1,0,0.013,Low Risk
MS-14775,Mid-Market (51-500),Education,APAC,Satya Nadella Team,2025-01-10,M365 E3,36.0,450,0.0,16200.0,18,72.2,1376.2,1,0,1,0,0.024,Low Risk
MS-14776,SMB (1-50),Financial Services,North America,Azure Enterprise Group,2025-01-11,M365 Business Standard,12.5,39,0.0,487.5,18,66.2,230.4,2,0,0,1,0.234,Medium Risk
MS-14777,Mid-Market (51-500),Manufacturing,North America,Commercial Partner Org,2025-09-29,M365 Business Premium,22.0,307,0.0,6754.0,10,31.2,436.4,2,1,0,0,0.196,Low Risk
MS-14778,SMB (1-50),Financial Services,North America,Azure Enterprise Group,2026-05-13,M365 E5,57.0,46,0.1,2359.8,2,56.9,66.9,0,1,1,0,0.038,Low Risk
MS-14779,Enterprise (500+),Technology,North America,Commercial Partner Org,2026-07-16,M365 Business Standard,12.5,3450,0.0,43125.0,1,71.6,50000.0,3,0,0,0,0.104,Low Risk
MS-14780,SMB (1-50),Retail,North America,Commercial Partner Org,2026-03-06,M365 Business Basic,6.0,25,0.15,127.5,4,66.3,12.7,1,0,1,0,0.091,Low Risk
MS-14781,SMB (1-50),Retail,North America,Commercial Partner Org,2024-10-05,M365 E3,36.0,29,0.0,1044.0,21,79.5,406.4,1,0,1,0,0.028,Low Risk
MS-14782,SMB (1-50),Healthcare,EMEA,Direct Digital,2026-03-25,M365 Business Basic,6.0,43,0.0,258.0,4,81.6,869.3,6,0,1,1,0.264,Medium Risk
MS-14783,Mid-Market (51-500),Healthcare,North America,Satya Nadella Team,2025-09-07,M365 Business Premium,22.0,70,0.0,1540.0,10,63.7,117.7,3,1,0,0,0.061,Low Risk
MS-14784,Mid-Market (51-500),Financial Services,North America,Direct Digital,2024-10-01,M365 E5,57.0,260,0.2,11856.0,22,50.7,678.2,1,0,1,0,0.083,Low Risk
MS-14785,SMB (1-50),Retail,North America,Satya Nadella Team,2025-02-21,M365 Business Premium,22.0,46,0.0,1012.0,17,95.9,566.2,3,0,1,0,0.033,Low Risk
MS-14786,Mid-Market (51-500),Technology,APAC,Commercial Partner Org,2025-09-25,M365 Business Basic,6.0,476,0.15,2427.6,10,43.6,2166.5,0,1,1,0,0.027,Low Risk
MS-14787,Mid-Market (51-500),Education,APAC,Satya Nadella Team,2024-12-15,M365 Business Basic,6.0,122,0.0,732.0,19,57.3,947.3,3,1,1,0,0.021,Low Risk
MS-14788,SMB (1-50),Technology,EMEA,Direct Digital,2025-06-02,M365 Business Standard,12.5,26,0.0,325.0,13,52.7,564.1,1,0,1,0,0.077,Low Risk
MS-14789,Mid-Market (51-500),Technology,North America,Azure Enterprise Group,2024-12-05,M365 Business Standard,12.5,228,0.1,2565.0,19,81.4,406.2,2,0,1,0,0.029,Low Risk
MS-14790,Enterprise (500+),Financial Services,North America,Direct Digital,2026-07-14,M365 Business Basic,6.0,1797,0.2,8625.6,1,91.7,20845.3,2,0,1,0,0.03,Low Risk
MS-14791,SMB (1-50),Financial Services,LATAM,Direct Digital,2024-09-30,M365 E3,36.0,36,0.1,1166.4,22,64.9,1233.0,4,1,0,0,0.052,Low Risk
MS-14792,SMB (1-50),Manufacturing,North America,Direct Digital,2025-02-08,M365 Business Standard,12.5,7,0.1,78.75,17,72.1,10.0,3,0,1,0,0.057,Low Risk
MS-14793,SMB (1-50),Technology,North America,Direct Digital,2025-07-03,M365 E5,57.0,19,0.0,1083.0,12,75.7,14.1,3,0,1,0,0.037,Low Risk
MS-14794,SMB (1-50),Technology,North America,Direct Digital,2026-05-16,M365 E3,36.0,31,0.0,1116.0,2,100.0,301.0,2,0,1,0,0.034,Low Risk
MS-14795,SMB (1-50),Financial Services,North America,Satya Nadella Team,2025-03-15,M365 E5,57.0,31,0.0,1767.0,16,36.1,1198.1,2,1,1,0,0.024,Low Risk
MS-14796,Mid-Market (51-500),Financial Services,North America,Satya Nadella Team,2026-05-01,M365 Business Standard,12.5,243,0.0,3037.5,3,81.4,726.3,4,0,1,0,0.032,Low Risk
MS-14797,Mid-Market (51-500),Manufacturing,APAC,Azure Enterprise Group,2025-08-04,M365 Business Premium,22.0,361,0.0,7942.0,11,74.8,1740.0,4,0,1,0,0.034,Low Risk
MS-14798,SMB (1-50),Manufacturing,North America,Direct Digital,2025-01-16,M365 Business Standard,12.5,29,0.0,362.5,18,61.3,36.1,1,0,1,0,0.068,Low Risk
MS-14799,Mid-Market (51-500),Healthcare,EMEA,Direct Digital,2025-11-21,M365 Business Standard,12.5,309,0.0,3862.5,8,73.9,1667.9,1,1,1,0,0.017,Low Risk
MS-14800,Mid-Market (51-500),Retail,North America,Azure Enterprise Group,2025-07-07,M365 Business Premium,22.0,103,0.1,2039.4,12,81.3,56.0,1,0,1,0,0.031,Low Risk
MS-14801,Enterprise (500+),Technology,North America,Azure Enterprise Group,2025-02-26,M365 E3,36.0,1243,0.0,44748.0,17,78.5,7350.8,1,0,0,0,0.153,Low Risk
MS-14802,SMB (1-50),Technology,APAC,Commercial Partner Org,2025-08-03,M365 Business Basic,6.0,19,0.0,114.0,11,100.0,184.9,2,0,1,0,0.027,Low Risk
MS-14803,Mid-Market (51-500),Manufacturing,North America,Azure Enterprise Group,2025-04-22,M365 Business Standard,12.5,354,0.0,4425.0,15,70.3,15671.2,2,0,0,0,0.16,Low Risk
MS-14804,Enterprise (500+),Manufacturing,APAC,Azure Enterprise Group,2025-05-07,M365 Business Basic,6.0,1286,0.2,6172.8,14,68.5,26325.2,1,1,1,0,0.012,Low Risk
MS-14805,Mid-Market (51-500),Healthcare,EMEA,Azure Enterprise Group,2025-01-10,M365 E3,36.0,450,0.1,14580.0,18,64.7,9322.2,3,0,1,0,0.038,Low Risk
MS-14806,SMB (1-50),Retail,North America,Commercial Partner Org,2025-05-07,M365 E5,57.0,8,0.0,456.0,14,78.0,24.9,0,0,1,0,0.027,Low Risk
MS-14807,SMB (1-50),Healthcare,LATAM,Satya Nadella Team,2025-11-29,M365 Business Basic,6.0,9,0.0,54.0,8,67.4,10.0,1,0,1,0,0.056,Low Risk
MS-14808,Enterprise (500+),Retail,North America,Commercial Partner Org,2026-01-12,M365 Business Standard,12.5,879,0.0,10987.5,6,68.2,9746.4,0,0,1,0,0.033,Low Risk
MS-14809,SMB (1-50),Education,APAC,Satya Nadella Team,2024-11-02,M365 E5,57.0,10,0.0,570.0,20,68.3,88.4,2,1,1,0,0.018,Low Risk
MS-14810,Enterprise (500+),Technology,North America,Azure Enterprise Group,2025-09-27,M365 Business Standard,12.5,2526,0.0,31575.0,10,65.6,22028.1,2,0,1,0,0.027,Low Risk
MS-14811,Mid-Market (51-500),Healthcare,APAC,Commercial Partner Org,2025-05-15,M365 Business Premium,22.0,467,0.0,10274.0,14,57.0,646.8,3,0,1,0,0.082,Low Risk
MS-14812,SMB (1-50),Manufacturing,North America,Commercial Partner Org,2025-05-06,M365 Business Basic,6.0,13,0.0,78.0,14,75.5,106.2,1,0,1,0,0.022,Low Risk
MS-14813,Mid-Market (51-500),Healthcare,EMEA,Satya Nadella Team,2025-05-22,M365 Business Standard,12.5,68,0.0,850.0,14,62.9,133.0,2,0,1,0,0.065,Low Risk
MS-14814,SMB (1-50),Education,APAC,Commercial Partner Org,2025-12-11,M365 Business Standard,12.5,33,0.0,412.5,7,79.0,217.2,0,0,1,0,0.029,Low Risk
MS-14815,SMB (1-50),Healthcare,LATAM,Commercial Partner Org,2025-08-27,M365 E3,36.0,18,0.0,648.0,11,70.0,13.9,3,0,0,0,0.159,Low Risk
MS-14816,Mid-Market (51-500),Technology,APAC,Direct Digital,2025-09-28,M365 Business Standard,12.5,56,0.0,700.0,10,61.0,1306.5,2,0,0,0,0.261,Medium Risk
MS-14817,Mid-Market (51-500),Education,APAC,Satya Nadella Team,2025-02-26,M365 Business Standard,12.5,472,0.0,5900.0,17,96.2,75.1,2,0,0,0,0.109,Low Risk
MS-14818,SMB (1-50),Manufacturing,APAC,Commercial Partner Org,2026-01-19,M365 Business Standard,12.5,26,0.1,292.5,6,66.2,874.3,1,0,1,0,0.037,Low Risk
MS-14819,Mid-Market (51-500),Manufacturing,North America,Commercial Partner Org,2026-01-12,M365 Business Premium,22.0,477,0.1,9444.6,6,79.2,11373.5,0,1,1,1,0.044,Low Risk
MS-14820,SMB (1-50),Financial Services,North America,Azure Enterprise Group,2026-07-09,M365 E3,36.0,48,0.0,1728.0,1,55.4,804.5,1,1,0,0,0.106,Low Risk
MS-14821,SMB (1-50),Education,North America,Direct Digital,2026-04-26,M365 E3,36.0,22,0.0,792.0,3,31.5,1068.8,1,0,1,1,0.172,Low Risk
MS-14822,SMB (1-50),Financial Services,North America,Direct Digital,2025-06-19,M365 Business Basic,6.0,44,0.1,237.6,13,57.8,29.2,2,0,1,0,0.077,Low Risk
MS-14823,SMB (1-50),Financial Services,North America,Azure Enterprise Group,2026-04-11,M365 E3,36.0,29,0.1,939.6,3,29.5,357.1,0,1,1,0,0.041,Low Risk
MS-14824,Enterprise (500+),Technology,EMEA,Azure Enterprise Group,2024-12-08,M365 Business Basic,6.0,1400,0.0,8400.0,19,63.7,31793.6,2,0,1,0,0.065,Low Risk
MS-14825,Mid-Market (51-500),Healthcare,North America,Azure Enterprise Group,2026-04-30,M365 Business Standard,12.5,138,0.0,1725.0,3,94.4,224.2,2,0,1,0,0.034,Low Risk
MS-14826,Mid-Market (51-500),Manufacturing,EMEA,Azure Enterprise Group,2025-02-28,M365 E3,36.0,319,0.1,10335.6,17,51.7,3364.6,1,1,1,0,0.021,Low Risk
MS-14827,Mid-Market (51-500),Manufacturing,North America,Direct Digital,2025-10-08,M365 Business Basic,6.0,115,0.0,690.0,9,30.1,691.0,1,1,1,0,0.031,Low Risk
MS-14828,SMB (1-50),Healthcare,North America,Commercial Partner Org,2026-06-28,M365 Business Basic,6.0,46,0.0,276.0,1,95.0,316.0,2,1,1,0,0.024,Low Risk
MS-14829,SMB (1-50),Manufacturing,EMEA,Commercial Partner Org,2025-09-09,M365 Business Standard,12.5,24,0.1,270.0,10,59.4,701.7,1,0,1,0,0.105,Low Risk
MS-14830,Mid-Market (51-500),Healthcare,APAC,Azure Enterprise Group,2026-05-17,M365 Business Premium,22.0,320,0.0,7040.0,2,67.7,2970.6,1,0,1,0,0.031,Low Risk
MS-14831,Enterprise (500+),Education,EMEA,Satya Nadella Team,2026-07-15,M365 Business Standard,12.5,702,0.0,8775.0,1,82.2,824.7,1,1,1,0,0.021,Low Risk
MS-14832,Mid-Market (51-500),Technology,EMEA,Azure Enterprise Group,2025-05-11,M365 Business Standard,12.5,427,0.0,5337.5,14,77.4,14183.5,3,0,1,0,0.026,Low Risk
MS-14833,SMB (1-50),Technology,North America,Commercial Partner Org,2024-12-31,M365 E3,36.0,46,0.1,1490.4,19,81.5,113.1,2,0,1,0,0.028,Low Risk
MS-14834,SMB (1-50),Technology,EMEA,Satya Nadella Team,2025-11-16,M365 E3,36.0,9,0.0,324.0,8,84.2,241.0,1,0,1,0,0.028,Low Risk
MS-14835,SMB (1-50),Healthcare,North America,Azure Enterprise Group,2025-05-03,M365 E3,36.0,48,0.15,1468.8,14,36.6,2037.7,3,0,0,1,0.256,Medium Risk
MS-14836,SMB (1-50),Healthcare,North America,Satya Nadella Team,2026-06-01,M365 Business Standard,12.5,39,0.0,487.5,2,42.5,983.9,2,1,1,0,0.038,Low Risk
MS-14837,SMB (1-50),Retail,North America,Azure Enterprise Group,2026-01-04,M365 Business Basic,6.0,48,0.1,259.2,6,89.1,651.2,3,0,1,0,0.034,Low Risk
MS-14838,Mid-Market (51-500),Manufacturing,North America,Direct Digital,2024-10-16,M365 Business Basic,6.0,171,0.0,1026.0,21,53.9,2792.4,2,0,1,0,0.075,Low Risk
MS-14839,SMB (1-50),Manufacturing,North America,Commercial Partner Org,2025-11-26,M365 Business Premium,22.0,5,0.15,93.5,8,55.9,72.2,2,0,1,0,0.128,Low Risk
MS-14840,Mid-Market (51-500),Retail,LATAM,Azure Enterprise Group,2025-06-23,M365 E3,36.0,471,0.0,16956.0,13,45.3,3488.2,0,1,1,0,0.023,Low Risk
MS-14841,Mid-Market (51-500),Retail,LATAM,Satya Nadella Team,2025-01-19,M365 E5,57.0,363,0.0,20691.0,18,60.7,1397.3,2,1,1,0,0.022,Low Risk
MS-14842,SMB (1-50),Technology,North America,Commercial Partner Org,2026-05-26,M365 Business Basic,6.0,36,0.15,183.6,2,61.7,144.9,3,0,1,0,0.127,Low Risk
MS-14843,Mid-Market (51-500),Retail,North America,Azure Enterprise Group,2026-02-03,M365 Business Basic,6.0,352,0.15,1795.2,5,51.1,5548.9,3,1,1,0,0.054,Low Risk
MS-14844,SMB (1-50),Healthcare,North America,Azure Enterprise Group,2024-11-05,M365 Business Basic,6.0,43,0.0,258.0,20,49.0,507.5,4,0,1,0,0.073,Low Risk
MS-14845,Mid-Market (51-500),Financial Services,North America,Azure Enterprise Group,2025-12-27,M365 Business Basic,6.0,182,0.15,928.2,7,73.7,1920.2,2,1,1,0,0.02,Low Risk
MS-14846,Mid-Market (51-500),Healthcare,LATAM,Azure Enterprise Group,2025-07-06,M365 Business Standard,12.5,340,0.1,3825.0,12,53.5,4313.8,2,0,0,1,0.301,Medium Risk
MS-14847,Mid-Market (51-500),Retail,North America,Direct Digital,2025-12-04,M365 E5,57.0,497,0.0,28329.0,7,57.1,8890.6,2,1,1,1,0.083,Low Risk
MS-14848,Enterprise (500+),Manufacturing,APAC,Commercial Partner Org,2026-04-16,M365 Business Premium,22.0,2102,0.2,36995.2,3,28.6,34801.0,0,0,1,1,0.115,Low Risk
MS-14849,SMB (1-50),Healthcare,North America,Direct Digital,2025-10-03,M365 Business Standard,12.5,6,0.0,75.0,9,100.0,10.0,1,1,0,0,0.052,Low Risk
MS-14850,Mid-Market (51-500),Manufacturing,LATAM,Commercial Partner Org,2025-12-13,M365 Business Premium,22.0,92,0.0,2024.0,7,85.0,497.9,4,1,1,0,0.027,Low Risk
MS-14851,Mid-Market (51-500),Healthcare,North America,Azure Enterprise Group,2026-05-10,M365 Business Basic,6.0,128,0.0,768.0,2,59.1,470.8,2,0,1,0,0.112,Low Risk
MS-14852,Mid-Market (51-500),Manufacturing,APAC,Commercial Partner Org,2025-09-27,M365 E3,36.0,370,0.2,10656.0,10,51.8,3430.8,1,1,1,0,0.025,Low Risk
MS-14853,Mid-Market (51-500),Education,North America,Satya Nadella Team,2024-12-06,M365 Business Premium,22.0,195,0.0,4290.0,19,68.2,148.3,1,1,1,0,0.014,Low Risk
MS-14854,Mid-Market (51-500),Healthcare,EMEA,Commercial Partner Org,2025-03-09,M365 Business Basic,6.0,495,0.1,2673.0,16,67.7,8538.4,4,1,1,0,0.049,Low Risk
MS-14855,Mid-Market (51-500),Manufacturing,North America,Satya Nadella Team,2025-03-14,M365 Business Premium,22.0,424,0.1,8395.2,16,45.0,573.1,0,1,1,0,0.026,Low Risk
MS-14856,SMB (1-50),Financial Services,North America,Satya Nadella Team,2025-07-31,M365 Business Premium,22.0,33,0.0,726.0,12,22.1,125.4,1,0,1,0,0.091,Low Risk
MS-14857,SMB (1-50),Technology,LATAM,Direct Digital,2024-11-22,M365 Business Basic,6.0,34,0.0,204.0,20,58.5,622.9,3,0,0,0,0.303,Medium Risk
MS-14858,Mid-Market (51-500),Healthcare,APAC,Commercial Partner Org,2025-05-09,M365 Business Standard,12.5,143,0.0,1787.5,14,39.9,90.8,2,0,1,0,0.091,Low Risk
MS-14859,Mid-Market (51-500),Financial Services,APAC,Azure Enterprise Group,2024-11-09,M365 Business Standard,12.5,313,0.0,3912.5,20,71.1,4054.2,1,1,1,0,0.013,Low Risk
MS-14860,Enterprise (500+),Technology,EMEA,Commercial Partner Org,2025-06-19,M365 Business Basic,6.0,2213,0.15,11286.3,13,71.2,50000.0,0,1,0,0,0.028,Low Risk
MS-14861,SMB (1-50),Healthcare,APAC,Direct Digital,2025-08-06,M365 Business Basic,6.0,26,0.2,124.8,11,50.5,300.0,3,0,0,0,0.268,Medium Risk
MS-14862,SMB (1-50),Financial Services,North America,Satya Nadella Team,2025-09-20,M365 Business Premium,22.0,9,0.15,168.3,10,58.4,134.7,2,1,1,0,0.041,Low Risk
MS-14863,Mid-Market (51-500),Financial Services,North America,Satya Nadella Team,2025-12-02,M365 Business Standard,12.5,192,0.0,2400.0,7,99.7,3620.7,2,0,0,0,0.133,Low Risk
MS-14864,Enterprise (500+),Education,North America,Direct Digital,2025-01-19,M365 Business Premium,22.0,2735,0.1,54153.0,18,82.0,8249.2,1,1,1,0,0.01,Low Risk
MS-14865,Enterprise (500+),Financial Services,EMEA,Direct Digital,2025-01-18,M365 E5,57.0,555,0.15,26889.75,18,59.9,5792.9,2,0,1,0,0.068,Low Risk
MS-14866,SMB (1-50),Education,North America,Commercial Partner Org,2024-11-14,M365 Business Premium,22.0,28,0.15,523.6,20,100.0,124.2,3,0,1,0,0.029,Low Risk
MS-14867,SMB (1-50),Retail,North America,Satya Nadella Team,2024-12-09,M365 Business Premium,22.0,15,0.0,330.0,19,46.5,51.7,1,0,1,0,0.072,Low Risk
MS-14868,SMB (1-50),Manufacturing,EMEA,Direct Digital,2026-06-19,M365 E3,36.0,15,0.0,540.0,1,53.4,38.5,2,0,1,0,0.141,Low Risk
MS-14869,SMB (1-50),Technology,APAC,Commercial Partner Org,2025-02-22,M365 Business Premium,22.0,21,0.2,369.6,17,66.0,221.9,1,0,1,0,0.033,Low Risk
MS-14870,Enterprise (500+),Manufacturing,North America,Commercial Partner Org,2025-07-20,M365 Business Basic,6.0,588,0.1,3175.2,12,40.4,11165.9,5,1,1,0,0.14,Low Risk
MS-14871,SMB (1-50),Manufacturing,North America,Azure Enterprise Group,2025-12-21,M365 Business Standard,12.5,23,0.15,244.38,7,100.0,575.9,1,0,1,0,0.029,Low Risk
MS-14872,SMB (1-50),Education,North America,Satya Nadella Team,2024-09-10,M365 Business Premium,22.0,31,0.0,682.0,22,71.3,208.2,3,0,1,0,0.028,Low Risk
MS-14873,SMB (1-50),Manufacturing,North America,Commercial Partner Org,2024-10-16,M365 Business Premium,22.0,36,0.0,792.0,21,53.8,201.6,2,0,1,0,0.073,Low Risk
MS-14874,SMB (1-50),Financial Services,North America,Direct Digital,2026-05-22,M365 E5,57.0,29,0.1,1487.7,2,76.1,404.6,2,0,1,0,0.031,Low Risk
MS-14875,Mid-Market (51-500),Education,EMEA,Satya Nadella Team,2026-01-29,M365 Business Premium,22.0,205,0.0,4510.0,6,70.6,3728.8,0,0,1,0,0.029,Low Risk
MS-14876,SMB (1-50),Manufacturing,EMEA,Direct Digital,2025-07-10,M365 E3,36.0,44,0.0,1584.0,12,62.5,154.2,2,0,1,0,0.06,Low Risk
MS-14877,SMB (1-50),Education,EMEA,Direct Digital,2025-04-26,M365 Business Basic,6.0,31,0.0,186.0,15,46.2,131.2,1,0,1,0,0.083,Low Risk
MS-14878,Enterprise (500+),Retail,North America,Commercial Partner Org,2024-10-01,M365 Business Premium,22.0,1395,0.0,30690.0,22,42.1,12760.4,2,1,1,0,0.021,Low Risk
MS-14879,SMB (1-50),Education,APAC,Commercial Partner Org,2026-01-23,M365 E5,57.0,46,0.0,2622.0,6,100.0,324.4,4,0,1,0,0.045,Low Risk
MS-14880,Mid-Market (51-500),Healthcare,North America,Azure Enterprise Group,2025-01-08,M365 Business Standard,12.5,64,0.0,800.0,18,43.7,939.6,0,1,1,0,0.021,Low Risk
MS-14881,SMB (1-50),Financial Services,EMEA,Direct Digital,2025-09-20,M365 Business Basic,6.0,6,0.1,32.4,10,98.6,50.6,0,0,1,0,0.036,Low Risk
MS-14882,Mid-Market (51-500),Technology,APAC,Commercial Partner Org,2026-04-16,M365 Business Standard,12.5,354,0.0,4425.0,3,52.8,502.7,2,1,1,0,0.041,Low Risk
MS-14883,SMB (1-50),Healthcare,North America,Azure Enterprise Group,2024-09-25,M365 E3,36.0,5,0.15,153.0,22,82.2,10.9,1,0,1,0,0.04,Low Risk
MS-14884,SMB (1-50),Healthcare,North America,Satya Nadella Team,2025-05-19,M365 Business Basic,6.0,49,0.1,264.6,14,76.4,1365.3,2,0,0,0,0.186,Low Risk
MS-14885,Mid-Market (51-500),Healthcare,APAC,Azure Enterprise Group,2026-03-14,M365 Business Premium,22.0,142,0.0,3124.0,4,80.0,439.6,1,0,1,0,0.031,Low Risk
MS-14886,SMB (1-50),Manufacturing,North America,Azure Enterprise Group,2025-10-03,M365 Business Basic,6.0,23,0.0,138.0,9,81.2,14.2,1,1,1,0,0.024,Low Risk
MS-14887,Mid-Market (51-500),Education,EMEA,Direct Digital,2026-03-18,M365 Business Standard,12.5,272,0.1,3060.0,4,39.0,4291.3,1,0,1,0,0.134,Low Risk
MS-14888,SMB (1-50),Education,North America,Satya Nadella Team,2025-07-27,M365 E5,57.0,35,0.0,1995.0,12,55.8,483.9,2,0,1,0,0.081,Low Risk
MS-14889,Mid-Market (51-500),Manufacturing,EMEA,Direct Digital,2025-01-27,M365 Business Basic,6.0,360,0.0,2160.0,18,43.4,3959.2,0,0,0,0,0.271,Medium Risk
MS-14890,Enterprise (500+),Financial Services,North America,Direct Digital,2025-10-14,M365 Business Basic,6.0,2748,0.15,14014.8,9,71.4,23006.4,2,0,1,0,0.033,Low Risk
MS-14891,SMB (1-50),Manufacturing,North America,Azure Enterprise Group,2026-05-04,M365 Business Standard,12.5,18,0.0,225.0,2,44.2,754.4,4,1,1,0,0.04,Low Risk
MS-14892,SMB (1-50),Manufacturing,EMEA,Azure Enterprise Group,2026-04-02,M365 Business Premium,22.0,28,0.1,554.4,3,32.3,42.9,1,0,1,0,0.155,Low Risk
MS-14893,Mid-Market (51-500),Manufacturing,North America,Commercial Partner Org,2024-12-28,M365 Business Standard,12.5,78,0.0,975.0,19,63.7,668.0,1,0,1,0,0.092,Low Risk
MS-14894,Mid-Market (51-500),Financial Services,North America,Azure Enterprise Group,2025-11-08,M365 Business Standard,12.5,489,0.0,6112.5,8,28.2,4871.7,0,1,1,0,0.032,Low Risk
MS-14895,SMB (1-50),Financial Services,North America,Commercial Partner Org,2025-04-16,M365 E5,57.0,9,0.0,513.0,15,72.7,10.0,3,0,1,0,0.068,Low Risk
MS-14896,SMB (1-50),Retail,North America,Direct Digital,2026-05-08,M365 Business Standard,12.5,17,0.2,170.0,2,45.4,108.3,1,0,1,0,0.13,Low Risk
MS-14897,SMB (1-50),Retail,North America,Azure Enterprise Group,2025-04-28,M365 Business Standard,12.5,20,0.0,250.0,15,52.9,366.5,2,1,1,0,0.024,Low Risk
MS-14898,SMB (1-50),Retail,North America,Satya Nadella Team,2025-04-20,M365 Business Standard,12.5,19,0.1,213.75,15,27.0,145.2,5,0,1,1,0.436,Medium Risk
MS-14899,Enterprise (500+),Retail,APAC,Satya Nadella Team,2025-06-17,M365 Business Standard,12.5,2231,0.15,23704.38,13,97.7,50000.0,3,1,1,0,0.01,Low Risk
MS-14900,Mid-Market (51-500),Education,North America,Direct Digital,2025-02-01,M365 Business Basic,6.0,210,0.0,1260.0,17,41.7,2608.4,2,0,0,0,0.224,Medium Risk
MS-14901,Mid-Market (51-500),Healthcare,EMEA,Direct Digital,2026-07-14,M365 Business Premium,22.0,482,0.1,9543.6,1,61.4,8403.0,3,0,1,0,0.126,Low Risk
MS-14902,SMB (1-50),Healthcare,North America,Azure Enterprise Group,2025-02-06,M365 E5,57.0,34,0.1,1744.2,17,35.7,665.9,3,1,1,0,0.022,Low Risk
MS-14903,SMB (1-50),Retail,North America,Commercial Partner Org,2026-05-18,M365 Business Standard,12.5,27,0.0,337.5,2,53.0,378.9,1,0,1,0,0.128,Low Risk
MS-14904,Enterprise (500+),Retail,APAC,Azure Enterprise Group,2026-03-17,M365 Business Premium,22.0,1989,0.1,39382.2,4,99.5,33029.0,0,0,1,0,0.028,Low Risk
MS-14905,SMB (1-50),Technology,North America,Commercial Partner Org,2025-12-20,M365 Business Basic,6.0,33,0.0,198.0,7,73.4,470.6,1,0,1,0,0.029,Low Risk
MS-14906,SMB (1-50),Healthcare,LATAM,Azure Enterprise Group,2026-03-02,M365 Business Premium,22.0,17,0.0,374.0,5,55.0,163.1,3,0,1,0,0.118,Low Risk
MS-14907,SMB (1-50),Technology,North America,Satya Nadella Team,2024-09-13,M365 Business Standard,12.5,36,0.1,405.0,22,67.4,361.1,2,1,0,0,0.059,Low Risk
MS-14908,Mid-Market (51-500),Technology,EMEA,Satya Nadella Team,2026-01-20,M365 Business Standard,12.5,393,0.1,4421.25,6,57.9,993.1,0,1,1,0,0.035,Low Risk
MS-14909,SMB (1-50),Manufacturing,EMEA,Commercial Partner Org,2025-04-06,M365 Business Standard,12.5,31,0.0,387.5,15,66.3,653.6,2,0,1,0,0.043,Low Risk
MS-14910,SMB (1-50),Education,APAC,Azure Enterprise Group,2025-04-10,M365 Business Basic,6.0,38,0.2,182.4,15,81.4,170.6,3,1,1,0,0.017,Low Risk
MS-14911,Enterprise (500+),Financial Services,EMEA,Direct Digital,2025-06-15,M365 E3,36.0,1981,0.2,57052.8,13,62.0,18240.3,0,1,1,0,0.017,Low Risk
MS-14912,Mid-Market (51-500),Healthcare,EMEA,Commercial Partner Org,2026-02-06,M365 Business Premium,22.0,351,0.0,7722.0,5,72.0,1209.2,2,1,0,0,0.046,Low Risk
MS-14913,SMB (1-50),Retail,North America,Satya Nadella Team,2025-12-31,M365 Business Standard,12.5,8,0.15,85.0,7,72.3,114.3,0,1,1,0,0.016,Low Risk
MS-14914,Mid-Market (51-500),Retail,North America,Commercial Partner Org,2026-07-31,M365 E5,57.0,305,0.0,17385.0,1,62.1,13526.1,2,1,1,0,0.022,Low Risk
MS-14915,SMB (1-50),Financial Services,APAC,Azure Enterprise Group,2026-07-13,M365 Business Basic,6.0,10,0.1,54.0,1,54.8,194.3,4,1,0,0,0.144,Low Risk
MS-14916,SMB (1-50),Healthcare,North America,Direct Digital,2025-07-21,M365 Business Premium,22.0,32,0.1,633.6,12,58.5,370.6,1,1,1,0,0.024,Low Risk
MS-14917,Mid-Market (51-500),Retail,North America,Direct Digital,2026-05-11,M365 Business Standard,12.5,121,0.0,1512.5,2,80.6,1217.0,1,1,1,0,0.023,Low Risk
MS-14918,SMB (1-50),Retail,APAC,Commercial Partner Org,2025-02-23,M365 Business Standard,12.5,31,0.1,348.75,17,82.1,250.3,2,1,1,0,0.018,Low Risk
MS-14919,SMB (1-50),Manufacturing,North America,Azure Enterprise Group,2024-10-11,M365 Business Standard,12.5,30,0.0,375.0,21,47.5,82.6,2,1,1,0,0.021,Low Risk
MS-14920,Mid-Market (51-500),Technology,LATAM,Azure Enterprise Group,2025-07-22,M365 Business Standard,12.5,259,0.1,2913.75,12,63.3,1329.4,1,0,1,0,0.053,Low Risk
MS-14921,Enterprise (500+),Retail,EMEA,Direct Digital,2025-05-25,M365 Business Basic,6.0,913,0.0,5478.0,14,54.4,5714.0,3,0,1,0,0.08,Low Risk
MS-14922,Mid-Market (51-500),Education,EMEA,Satya Nadella Team,2025-09-28,M365 Business Premium,22.0,289,0.1,5722.2,10,82.4,10031.6,1,0,0,0,0.142,Low Risk
MS-14923,SMB (1-50),Healthcare,APAC,Azure Enterprise Group,2024-12-22,M365 Business Premium,22.0,38,0.15,710.6,19,59.5,252.8,0,0,1,0,0.066,Low Risk
MS-14924,SMB (1-50),Education,North America,Direct Digital,2025-06-11,M365 Business Premium,22.0,27,0.1,534.6,13,100.0,285.9,1,0,1,0,0.031,Low Risk
MS-14925,SMB (1-50),Financial Services,North America,Direct Digital,2025-03-22,M365 E3,36.0,14,0.0,504.0,16,71.9,429.5,4,0,1,0,0.038,Low Risk
MS-14926,SMB (1-50),Manufacturing,EMEA,Azure Enterprise Group,2025-01-22,M365 E5,57.0,34,0.0,1938.0,18,89.3,298.1,2,0,1,0,0.032,Low Risk
MS-14927,SMB (1-50),Healthcare,North America,Azure Enterprise Group,2025-05-01,M365 Business Premium,22.0,26,0.0,572.0,15,49.7,90.4,2,0,1,0,0.072,Low Risk
MS-14928,Mid-Market (51-500),Manufacturing,EMEA,Commercial Partner Org,2024-10-05,M365 Business Premium,22.0,139,0.0,3058.0,21,68.2,800.1,3,1,1,0,0.015,Low Risk
MS-14929,SMB (1-50),Technology,APAC,Satya Nadella Team,2024-10-23,M365 Business Basic,6.0,48,0.2,230.4,21,79.1,271.2,3,0,1,0,0.037,Low Risk
MS-14930,SMB (1-50),Retail,North America,Commercial Partner Org,2026-01-16,M365 E3,36.0,13,0.0,468.0,6,49.4,195.7,0,0,1,0,0.116,Low Risk
MS-14931,Mid-Market (51-500),Healthcare,North America,Commercial Partner Org,2025-08-22,M365 E3,36.0,379,0.0,13644.0,11,68.4,1597.0,2,0,0,0,0.16,Low Risk
MS-14932,SMB (1-50),Financial Services,LATAM,Direct Digital,2025-01-28,M365 Business Basic,6.0,8,0.1,43.2,18,86.9,125.8,2,0,1,0,0.026,Low Risk
MS-14933,Enterprise (500+),Technology,North America,Direct Digital,2025-11-11,M365 Business Standard,12.5,1642,0.15,17446.25,8,62.1,43357.0,1,0,1,0,0.052,Low Risk
MS-14934,SMB (1-50),Technology,EMEA,Satya Nadella Team,2025-11-24,M365 E5,57.0,5,0.15,242.25,8,52.7,24.6,0,1,1,0,0.051,Low Risk
MS-14935,Enterprise (500+),Manufacturing,North America,Commercial Partner Org,2026-02-07,M365 Business Basic,6.0,2554,0.15,13025.4,5,100.0,4456.8,4,0,1,1,0.108,Low Risk
MS-14936,Enterprise (500+),Technology,APAC,Commercial Partner Org,2025-05-25,M365 Business Standard,12.5,1621,0.2,16210.0,14,46.9,19795.2,0,0,1,0,0.091,Low Risk
MS-14937,Mid-Market (51-500),Healthcare,EMEA,Direct Digital,2026-05-02,M365 Business Standard,12.5,333,0.0,4162.5,2,70.8,1788.7,2,0,1,0,0.029,Low Risk
MS-14938,SMB (1-50),Manufacturing,APAC,Direct Digital,2024-11-25,M365 Business Standard,12.5,22,0.0,275.0,20,55.3,201.6,2,1,0,0,0.15,Low Risk
MS-14939,Enterprise (500+),Technology,APAC,Azure Enterprise Group,2025-07-06,M365 Business Basic,6.0,932,0.15,4753.2,12,51.1,11246.3,1,0,1,0,0.088,Low Risk
MS-14940,SMB (1-50),Financial Services,North America,Commercial Partner Org,2025-05-23,M365 Business Standard,12.5,27,0.0,337.5,14,81.3,169.7,2,0,1,0,0.027,Low Risk
MS-14941,SMB (1-50),Education,North America,Satya Nadella Team,2026-01-05,M365 Business Standard,12.5,40,0.15,425.0,6,64.3,1241.4,1,0,1,0,0.038,Low Risk
MS-14942,SMB (1-50),Healthcare,APAC,Commercial Partner Org,2026-04-06,M365 E3,36.0,30,0.0,1080.0,3,75.3,183.7,2,1,1,0,0.021,Low Risk
MS-14943,SMB (1-50),Financial Services,North America,Direct Digital,2024-09-17,M365 Business Standard,12.5,6,0.0,75.0,22,27.4,26.4,5,0,1,0,0.256,Medium Risk
MS-14944,SMB (1-50),Financial Services,APAC,Azure Enterprise Group,2025-03-08,M365 Business Standard,12.5,48,0.2,480.0,16,77.1,1249.2,1,0,1,0,0.031,Low Risk
MS-14945,SMB (1-50),Manufacturing,LATAM,Commercial Partner Org,2026-02-04,M365 Business Standard,12.5,9,0.0,112.5,5,55.0,15.8,3,0,1,0,0.152,Low Risk
MS-14946,SMB (1-50),Retail,EMEA,Satya Nadella Team,2025-02-13,M365 Business Basic,6.0,33,0.2,158.4,17,34.2,52.5,2,0,0,0,0.303,Medium Risk
MS-14947,Mid-Market (51-500),Manufacturing,EMEA,Direct Digital,2026-03-05,M365 E5,57.0,336,0.0,19152.0,4,100.0,11064.5,2,1,1,0,0.025,Low Risk
MS-14948,SMB (1-50),Healthcare,APAC,Azure Enterprise Group,2025-08-11,M365 E3,36.0,39,0.0,1404.0,11,78.8,109.7,0,0,0,0,0.161,Low Risk
MS-14949,Mid-Market (51-500),Healthcare,APAC,Commercial Partner Org,2025-04-07,M365 Business Standard,12.5,418,0.0,5225.0,15,72.1,806.0,2,0,1,0,0.026,Low Risk
MS-14950,Enterprise (500+),Manufacturing,North America,Satya Nadella Team,2024-12-03,M365 Business Standard,12.5,791,0.0,9887.5,19,90.5,7271.6,3,0,1,0,0.031,Low Risk
MS-14951,SMB (1-50),Retail,North America,Direct Digital,2025-02-05,M365 Business Premium,22.0,48,0.0,1056.0,17,72.5,27.6,0,1,1,0,0.019,Low Risk
MS-14952,Mid-Market (51-500),Manufacturing,North America,Satya Nadella Team,2024-10-04,M365 Business Standard,12.5,218,0.0,2725.0,21,53.6,2531.3,2,0,1,1,0.084,Low Risk
MS-14953,Enterprise (500+),Healthcare,EMEA,Commercial Partner Org,2025-10-21,M365 Business Basic,6.0,1335,0.0,8010.0,9,64.9,9662.9,1,1,1,0,0.017,Low Risk
MS-14954,SMB (1-50),Retail,EMEA,Direct Digital,2026-01-19,M365 Business Standard,12.5,9,0.0,112.5,6,55.8,110.5,1,0,1,1,0.138,Low Risk
MS-14955,SMB (1-50),Healthcare,EMEA,Commercial Partner Org,2026-01-03,M365 E5,57.0,25,0.2,1140.0,6,59.0,100.2,2,1,1,0,0.027,Low Risk
MS-14956,Enterprise (500+),Retail,North America,Azure Enterprise Group,2026-02-06,M365 Business Basic,6.0,2485,0.15,12673.5,5,45.4,50000.0,3,1,1,0,0.035,Low Risk
MS-14957,Enterprise (500+),Retail,EMEA,Commercial Partner Org,2025-04-21,M365 Business Standard,12.5,2739,0.1,30813.75,15,50.5,10370.1,1,0,0,0,0.256,Medium Risk
MS-14958,Mid-Market (51-500),Manufacturing,North America,Azure Enterprise Group,2026-04-22,M365 Business Basic,6.0,309,0.1,1668.6,3,84.1,3763.3,3,0,0,1,0.23,Medium Risk
MS-14959,SMB (1-50),Manufacturing,EMEA,Commercial Partner Org,2026-04-28,M365 Business Basic,6.0,25,0.0,150.0,3,74.0,870.6,1,1,1,0,0.017,Low Risk
MS-14960,Enterprise (500+),Manufacturing,EMEA,Satya Nadella Team,2024-12-16,M365 Business Premium,22.0,2415,0.1,47817.0,19,58.9,14842.8,3,0,1,0,0.056,Low Risk
MS-14961,SMB (1-50),Retail,North America,Satya Nadella Team,2025-03-12,M365 Business Standard,12.5,26,0.0,325.0,16,49.5,54.9,2,0,1,0,0.066,Low Risk
MS-14962,SMB (1-50),Retail,North America,Direct Digital,2025-12-12,M365 E5,57.0,22,0.0,1254.0,7,60.7,18.7,1,1,1,0,0.043,Low Risk
MS-14963,SMB (1-50),Healthcare,EMEA,Satya Nadella Team,2026-02-04,M365 Business Standard,12.5,8,0.0,100.0,5,37.7,316.5,4,0,1,0,0.177,Low Risk
MS-14964,SMB (1-50),Financial Services,EMEA,Satya Nadella Team,2026-05-30,M365 Business Basic,6.0,8,0.1,43.2,2,70.3,138.5,1,1,0,0,0.074,Low Risk
MS-14965,Mid-Market (51-500),Manufacturing,North America,Azure Enterprise Group,2025-06-06,M365 Business Standard,12.5,251,0.15,2666.88,13,85.0,7568.3,0,0,1,0,0.03,Low Risk
MS-14966,Mid-Market (51-500),Education,LATAM,Satya Nadella Team,2025-01-06,M365 E3,36.0,127,0.0,4572.0,18,100.0,1828.9,0,1,1,0,0.014,Low Risk
MS-14967,Mid-Market (51-500),Healthcare,EMEA,Azure Enterprise Group,2025-08-07,M365 Business Basic,6.0,411,0.0,2466.0,11,48.1,2067.7,1,0,1,0,0.08,Low Risk
MS-14968,SMB (1-50),Healthcare,LATAM,Azure Enterprise Group,2026-07-29,M365 Business Standard,12.5,31,0.0,387.5,1,84.3,48.8,0,0,0,0,0.15,Low Risk
MS-14969,Mid-Market (51-500),Technology,North America,Azure Enterprise Group,2024-10-29,M365 E3,36.0,103,0.15,3151.8,21,55.3,3274.7,3,0,1,0,0.077,Low Risk
MS-14970,Mid-Market (51-500),Manufacturing,EMEA,Commercial Partner Org,2025-03-01,M365 Business Basic,6.0,350,0.0,2100.0,17,47.7,2824.9,1,0,0,0,0.237,Medium Risk
MS-14971,SMB (1-50),Healthcare,APAC,Azure Enterprise Group,2026-04-09,M365 E5,57.0,15,0.0,855.0,3,47.7,90.9,0,1,1,1,0.134,Low Risk
MS-14972,Enterprise (500+),Technology,EMEA,Commercial Partner Org,2026-01-27,M365 Business Standard,12.5,1248,0.0,15600.0,6,70.5,12913.2,1,0,1,0,0.027,Low Risk
MS-14973,Mid-Market (51-500),Education,EMEA,Azure Enterprise Group,2025-05-01,M365 Business Basic,6.0,344,0.0,2064.0,15,51.2,465.1,5,1,1,0,0.177,Low Risk
MS-14974,Mid-Market (51-500),Education,North America,Commercial Partner Org,2025-04-16,M365 Business Premium,22.0,159,0.0,3498.0,15,57.1,705.8,2,0,0,0,0.259,Medium Risk
MS-14975,SMB (1-50),Manufacturing,North America,Direct Digital,2026-03-14,M365 Business Basic,6.0,44,0.0,264.0,4,60.1,536.3,1,1,1,0,0.029,Low Risk
MS-14976,Mid-Market (51-500),Retail,North America,Direct Digital,2026-01-31,M365 Business Premium,22.0,138,0.0,3036.0,5,54.7,174.7,0,0,0,0,0.353,Medium Risk
MS-14977,Enterprise (500+),Technology,North America,Commercial Partner Org,2026-03-09,M365 Business Standard,12.5,840,0.0,10500.0,4,53.4,1464.7,2,0,1,0,0.118,Low Risk
MS-14978,SMB (1-50),Retail,North America,Direct Digital,2025-01-23,M365 Business Basic,6.0,9,0.0,54.0,18,24.3,77.2,2,1,1,1,0.329,Medium Risk
MS-14979,Mid-Market (51-500),Education,North America,Satya Nadella Team,2025-01-05,M365 E5,57.0,143,0.0,8151.0,18,69.6,1676.1,1,0,1,0,0.028,Low Risk
MS-14980,SMB (1-50),Education,LATAM,Azure Enterprise Group,2025-08-01,M365 Business Premium,22.0,7,0.1,138.6,12,69.2,17.4,4,0,1,0,0.058,Low Risk
MS-14981,Mid-Market (51-500),Financial Services,North America,Commercial Partner Org,2025-10-13,M365 Business Standard,12.5,114,0.0,1425.0,9,53.6,46.0,0,0,1,0,0.105,Low Risk
MS-14982,Mid-Market (51-500),Financial Services,EMEA,Direct Digital,2024-12-30,M365 Business Standard,12.5,478,0.15,5078.75,19,74.5,18233.9,2,1,0,0,0.029,Low Risk
MS-14983,Mid-Market (51-500),Financial Services,APAC,Direct Digital,2025-06-12,M365 Business Basic,6.0,176,0.1,950.4,13,93.1,58.9,3,1,1,0,0.019,Low Risk
MS-14984,Enterprise (500+),Financial Services,EMEA,Satya Nadella Team,2025-04-30,M365 Business Premium,22.0,2919,0.1,57796.2,15,68.4,72.0,0,0,1,0,0.055,Low Risk
MS-14985,SMB (1-50),Healthcare,North America,Azure Enterprise Group,2024-11-17,M365 E3,36.0,49,0.0,1764.0,20,91.9,229.7,1,1,1,0,0.016,Low Risk
MS-14986,SMB (1-50),Financial Services,EMEA,Satya Nadella Team,2026-03-24,M365 Business Basic,6.0,11,0.0,66.0,4,100.0,33.2,5,1,1,0,0.136,Low Risk
MS-14987,Mid-Market (51-500),Healthcare,EMEA,Commercial Partner Org,2025-11-24,M365 Business Standard,12.5,259,0.2,2590.0,8,100.0,2649.1,3,0,0,0,0.106,Low Risk
MS-14988,SMB (1-50),Healthcare,EMEA,Direct Digital,2025-12-14,M365 Business Standard,12.5,27,0.2,270.0,7,46.6,727.8,0,1,1,0,0.03,Low Risk
MS-14989,SMB (1-50),Manufacturing,APAC,Direct Digital,2025-02-28,M365 Business Standard,12.5,31,0.0,387.5,17,46.7,244.1,2,0,1,0,0.075,Low Risk
MS-14990,SMB (1-50),Healthcare,LATAM,Direct Digital,2026-04-05,M365 E3,36.0,46,0.1,1490.4,3,60.0,819.2,2,0,1,0,0.108,Low Risk
MS-14991,SMB (1-50),Healthcare,EMEA,Satya Nadella Team,2025-05-23,M365 Business Basic,6.0,13,0.0,78.0,14,70.3,374.3,4,0,0,0,0.241,Medium Risk
MS-14992,Mid-Market (51-500),Financial Services,North America,Satya Nadella Team,2026-07-14,M365 Business Basic,6.0,62,0.1,334.8,1,96.6,156.2,2,1,1,0,0.024,Low Risk
MS-14993,Mid-Market (51-500),Healthcare,EMEA,Azure Enterprise Group,2025-06-22,M365 Business Basic,6.0,187,0.0,1122.0,13,79.3,1503.6,1,0,1,0,0.029,Low Risk
MS-14994,SMB (1-50),Retail,North America,Commercial Partner Org,2025-05-05,M365 Business Standard,12.5,17,0.0,212.5,14,46.3,209.6,1,1,1,0,0.023,Low Risk
MS-14995,SMB (1-50),Financial Services,APAC,Azure Enterprise Group,2025-10-29,M365 Business Standard,12.5,10,0.0,125.0,9,57.0,48.4,1,1,1,0,0.041,Low Risk
MS-14996,SMB (1-50),Technology,North America,Azure Enterprise Group,2024-10-29,M365 E3,36.0,42,0.0,1512.0,21,67.2,678.4,2,0,1,0,0.039,Low Risk
MS-14997,SMB (1-50),Financial Services,North America,Direct Digital,2025-12-02,M365 Business Premium,22.0,25,0.0,550.0,7,41.2,366.6,1,0,0,1,0.36,Medium Risk
MS-14998,SMB (1-50),Healthcare,APAC,Satya Nadella Team,2024-09-11,M365 Business Basic,6.0,23,0.1,124.2,22,68.2,150.9,0,0,0,1,0.292,Medium Risk
MS-14999,SMB (1-50),Retail,EMEA,Commercial Partner Org,2025-08-13,M365 Business Premium,22.0,29,0.0,638.0,11,46.6,32.0,1,1,1,0,0.025,Low Risk
